,2015_Juba_An-12_crash,British_Airways_Flight_2276,2015_Russian_Sukhoi_Su-24_shootdown,2015_Shoreham_Airshow_crash,2016_Russian_Defence_Ministry_Tupolev_Tu-154_crash,2016_Silk_Way_Airlines_Antonov_An-12_crash,Afriqiyah_Airways_Flight_209,American_Airlines_Flight_383_(2016),Daallo_Airlines_Flight_159,EgyptAir_Flight_181,EgyptAir_Flight_804,Emirates_Flight_521,Flydubai_Flight_981,2016_Indian_Air_Force_An-32_disappearance,LaMia_Flight_2933,Pakistan_International_Airlines_Flight_661,Tara_Air_Flight_193,2017_Aerogaviota_Antonov_An-26_crash,2017_Myanmar_Air_Force_Shaanxi_Y-8_crash,2017_South_Supreme_Airlines_Antonov_An-26_crash,2017_Valan_International_Antonov_An-26_crash,Air_France_Flight_66,Peruvian_Airlines_Flight_112,Turkish_Airlines_Flight_6491,Air_Vanuatu_Flight_241,2018_Ju-Air_Junkers_Ju_52_crash,Saratov_Airlines_Flight_703,Syria_missile_strikes_(September_2018),US-Bangla_Airlines_Flight_211,Utair_Flight_579,2018_UY_Aviation_King_Air_C90_crash,Aeroflot_Flight_1492,Angara_Airlines_Flight_200,Bek_Air_Flight_2100,Biman_Bangladesh_Airlines_Flight_147,Ethiopian_Airlines_Flight_302,2019_Saha_Airlines_Boeing_707_crash,Ural_Airlines_Flight_178,Caspian_Airlines_Flight_6936,Pakistan_International_Airlines_Flight_8303,Pegasus_Airlines_Flight_2193,Ukraine_International_Airlines_Flight_752,2020_United_States_Air_Force_E-11A_crash
0,,,53966,2549,50000,,3453,443,,53261,140560,41261,97146,14,,1001,26890,,3443,3365,1590,,,22879,43,,57086,,29384,1446,432,20902,2516,16069,307,107156,8322,4311,5289,72939,11318,185209,18847
1,12886.0,12601.0,110491,44376,42008,2875.0,2523,8283,690.0,38979,110583,65852,58856,958,,17267,36491,415.0,10799,3148,1050,6814.0,3206.0,36957,341,1285.0,81613,3507.0,47143,1776,1189,100613,1777,29920,2084,134619,28897,6772,3160,77967,13587,148506,45665
2,12730.0,7328.0,50899,47962,26076,2058.0,2457,3745,4127.0,23670,64534,36447,48880,2077,,30502,23518,1497.0,14429,842,652,5920.0,1492.0,16821,337,5039.0,39390,2375.0,24687,1129,511,42905,671,20236,778,102089,14691,28124,1231,47443,4088,126742,10009
3,8406.0,3965.0,35576,17310,18270,967.0,1537,2487,46377.0,17297,44989,18431,30787,2702,7921.0,18185,15121,636.0,9453,392,299,2449.0,892.0,8898,450,22890.0,21059,1222.0,13754,732,345,27890,566,18638,425,85596,9452,32551,907,48720,2075,135103,4795
4,5364.0,1795.0,28002,11524,11829,639.0,1055,1418,30466.0,12097,46497,15758,21854,2805,41169.0,13999,15080,359.0,7695,305,218,1520.0,632.0,2218,1119,17809.0,14265,908.0,11194,521,269,23581,613,15339,301,56037,7387,30742,673,36146,1965,79324,2327
5,5189.0,1511.0,22955,9173,8861,624.0,814,990,27811.0,8969,33944,15953,7732,2441,26588.0,11566,10630,300.0,9395,293,160,1218.0,576.0,1471,457,12435.0,11205,648.0,9226,454,233,14194,390,12211,267,34276,2953,21018,566,25026,1646,64806,1695
6,4781.0,1660.0,22433,8030,7021,479.0,637,824,26210.0,9131,23699,7086,5141,2154,21951.0,9086,7992,241.0,9057,289,149,1490.0,533.0,1282,283,5301.0,8368,659.0,8247,435,202,11310,362,9810,382,19992,903,16265,472,18984,1321,35567,1727
7,3694.0,1249.0,18128,7505,6173,331.0,390,716,16284.0,4723,21500,4093,6630,2141,20172.0,4016,7550,291.0,1673,274,211,1540.0,391.0,1245,255,967.0,8452,2090.0,9931,334,128,11249,244,6824,331,18150,709,17943,399,13356,1148,22317,1443
8,3644.0,1013.0,13562,6546,6139,325.0,382,689,13202.0,575,19556,3659,4514,2326,12155.0,2321,7802,123.0,453,214,171,1057.0,313.0,1043,309,659.0,2388,1744.0,3968,478,146,11566,219,5495,351,18965,1464,10362,307,10000,803,12908,1161
9,2825.0,950.0,12391,7149,6603,215.0,385,533,11549.0,457,14221,2442,5094,1870,9838.0,1663,1339,96.0,398,172,132,1100.0,307.0,953,314,645.0,1647,993.0,1463,369,142,2546,217,3161,273,14413,1290,7838,667,7308,725,10182,1028
10,544.0,900.0,6852,7009,6041,155.0,361,546,9375.0,367,14160,1726,4103,1976,8866.0,1253,402,115.0,265,139,142,848.0,267.0,895,373,460.0,1196,645.0,1342,306,113,1700,217,723,227,9087,872,8378,567,9323,721,8263,776
11,365.0,760.0,3011,6243,5768,174.0,351,531,7789.0,259,16624,1777,2927,1351,7013.0,1219,407,102.0,261,124,135,894.0,293.0,798,285,343.0,1162,486.0,1250,237,118,1763,208,614,241,8037,683,9908,314,9357,751,7317,567
12,343.0,776.0,2568,5021,4653,181.0,322,292,7506.0,298,17013,1992,2609,1585,4916.0,1441,416,71.0,339,132,151,696.0,329.0,691,237,430.0,985,435.0,971,222,121,1346,230,1705,251,6534,591,9058,248,7439,779,6544,463
13,344.0,703.0,2802,2017,4157,187.0,327,312,3338.0,358,17528,1706,2212,1745,4616.0,1142,385,84.0,246,108,109,851.0,345.0,678,208,362.0,828,409.0,954,239,162,1043,222,860,223,4765,584,7239,234,6362,692,6379,489
14,315.0,897.0,2316,1240,4124,248.0,311,333,580.0,281,14975,1559,1917,1466,4826.0,1061,345,100.0,225,131,112,892.0,339.0,676,283,276.0,813,375.0,1882,220,126,1249,267,663,1164,4726,546,8319,233,5242,601,4725,439
15,262.0,654.0,2357,1127,4654,183.0,264,303,520.0,260,11198,1670,1827,1023,4126.0,800,301,89.0,194,98,166,787.0,339.0,739,231,273.0,890,366.0,1700,259,118,1395,229,529,1078,5184,504,7467,185,4534,692,3850,401
16,207.0,671.0,1655,1257,3250,168.0,245,346,459.0,282,10778,1302,2093,774,3349.0,738,292,71.0,191,98,143,1027.0,336.0,776,189,323.0,810,369.0,1046,264,83,1268,228,369,674,4944,577,6511,182,3678,551,3625,332
17,203.0,666.0,1600,1114,3338,199.0,284,436,465.0,278,6316,1104,1839,924,2546.0,617,322,94.0,132,100,120,710.0,286.0,647,172,297.0,724,291.0,927,319,105,890,227,336,510,5180,464,5916,157,2531,532,3221,266
18,160.0,615.0,1467,1104,900,161.0,214,415,463.0,219,5386,1201,1542,923,2248.0,1310,365,105.0,149,78,125,576.0,256.0,629,138,230.0,722,222.0,823,210,90,785,250,323,410,4486,430,6549,136,2565,512,3706,241
19,196.0,626.0,1942,782,697,148.0,214,367,419.0,266,5145,1237,1142,632,2303.0,880,346,97.0,196,88,104,615.0,265.0,544,129,229.0,608,193.0,655,227,121,779,202,279,292,4120,383,6497,148,2462,533,6169,193
20,266.0,676.0,1803,641,637,166.0,217,362,459.0,319,5497,1120,1666,549,3484.0,769,280,94.0,131,103,111,574.0,346.0,671,139,208.0,560,222.0,744,204,140,706,222,222,189,3665,444,659,155,2100,552,3884,195
21,270.0,625.0,2120,661,612,140.0,211,268,542.0,224,3345,1191,1131,459,2255.0,719,271,72.0,158,122,113,555.0,337.0,585,127,205.0,594,183.0,695,200,118,684,203,231,190,3139,723,612,177,1880,465,3146,231
22,208.0,532.0,1751,618,954,107.0,200,273,919.0,322,2874,1005,1104,364,2197.0,541,262,61.0,136,99,124,618.0,278.0,572,96,214.0,538,229.0,649,186,102,964,213,210,183,3240,533,493,165,1614,470,3026,238
23,173.0,496.0,1575,758,745,112.0,176,307,780.0,245,2614,940,1119,371,2405.0,525,222,67.0,145,110,130,600.0,307.0,518,113,203.0,867,136.0,677,209,85,685,179,198,226,3530,420,424,139,1656,411,2615,267
24,165.0,684.0,1502,733,745,81.0,302,312,593.0,227,3749,980,1161,343,2156.0,463,2554,104.0,141,92,122,570.0,275.0,655,99,216.0,984,154.0,558,221,119,668,173,211,172,4021,487,478,189,1812,619,2053,242
25,176.0,508.0,1134,533,551,80.0,288,301,478.0,217,3544,1195,986,428,1781.0,577,886,70.0,138,80,144,557.0,223.0,605,98,196.0,685,162.0,666,192,101,635,189,257,162,9560,776,390,132,1402,574,2102,226
26,182.0,542.0,1170,450,609,91.0,219,329,514.0,231,3532,1078,1041,348,1535.0,555,750,75.0,139,72,98,519.0,227.0,537,102,176.0,593,144.0,652,185,135,791,168,227,148,7381,462,441,151,1416,404,3418,175
27,234.0,537.0,1294,493,633,95.0,184,251,456.0,232,5152,950,1021,309,2118.0,435,501,70.0,179,100,120,474.0,261.0,566,109,164.0,445,204.0,736,343,128,694,150,201,113,4351,428,485,162,1215,353,2635,219
28,195.0,533.0,1086,608,690,90.0,143,233,451.0,253,8865,802,939,317,2598.0,449,367,70.0,154,126,99,595.0,274.0,578,89,171.0,562,148.0,727,224,93,776,161,192,128,3676,475,473,151,1237,364,2565,218
29,195.0,664.0,1008,571,530,116.0,142,247,513.0,208,6113,957,1045,360,4153.0,459,297,94.0,168,104,89,575.0,266.0,545,97,205.0,2013,159.0,603,171,110,662,119,195,131,3891,465,407,139,1114,381,2393,191
30,137.0,451.0,886,554,441,107.0,133,291,495.0,223,3263,890,1083,386,2405.0,331,228,73.0,184,100,110,524.0,234.0,539,96,192.0,1251,164.0,1527,193,86,652,160,264,121,3389,406,367,146,1248,321,2163,231
31,149.0,436.0,829,522,349,72.0,140,336,321.0,243,2774,797,1393,454,1711.0,390,177,106.0,158,99,116,530.0,247.0,544,109,166.0,1389,115.0,1003,185,84,539,164,393,157,3055,411,405,127,2460,326,1964,213
32,133.0,456.0,851,413,353,109.0,132,1438,301.0,272,2891,893,1637,401,1492.0,424,185,113.0,157,105,110,481.0,262.0,525,99,149.0,597,114.0,670,129,87,577,166,279,140,2485,383,391,135,2125,325,1835,205
33,169.0,462.0,790,403,387,108.0,117,866,302.0,225,2383,977,1301,337,1228.0,415,199,107.0,145,67,135,447.0,336.0,544,82,147.0,496,131.0,476,155,114,552,196,249,124,2193,339,390,134,6208,352,1893,192
34,188.0,561.0,782,395,359,91.0,129,552,333.0,192,2201,1785,981,413,1462.0,375,454,96.0,365,95,123,528.0,312.0,642,87,133.0,469,135.0,563,134,305,540,172,212,117,1897,368,471,131,7756,382,1672,209
35,113.0,724.0,829,249,385,89.0,113,379,443.0,244,2149,1698,799,380,1222.0,404,374,66.0,207,79,79,520.0,270.0,567,136,162.0,479,141.0,595,125,180,566,169,189,116,2207,379,370,143,4702,328,1618,205
36,153.0,576.0,773,386,347,82.0,105,374,312.0,206,1856,1208,837,450,1229.0,467,258,63.0,137,71,83,543.0,270.0,876,127,215.0,525,135.0,721,129,111,627,152,153,121,3645,358,396,121,3147,307,1528,184
37,106.0,515.0,633,381,340,72.0,119,305,280.0,236,1401,854,856,461,1690.0,566,204,80.0,156,92,76,733.0,247.0,691,118,185.0,537,137.0,793,127,103,569,149,157,136,3028,414,412,115,2426,459,1438,171
38,115.0,442.0,731,437,339,66.0,131,373,276.0,196,1466,875,1017,491,1112.0,433,165,78.0,115,96,76,573.0,295.0,576,105,126.0,893,137.0,564,102,140,437,151,192,119,2642,309,414,120,2386,343,1364,189
39,118.0,422.0,720,319,310,85.0,130,313,261.0,209,2646,904,911,389,1297.0,385,175,74.0,108,82,97,623.0,216.0,586,74,123.0,484,125.0,625,117,141,464,156,186,116,2265,336,427,97,8728,401,1495,154
40,170.0,482.0,692,308,330,139.0,112,704,345.0,187,3103,984,797,376,1139.0,555,203,164.0,119,79,61,502.0,180.0,580,87,106.0,404,126.0,469,122,165,492,176,183,119,1939,400,446,117,2703,302,2161,130
41,142.0,454.0,699,388,302,118.0,100,663,351.0,191,3656,902,800,326,1144.0,499,151,207.0,107,103,61,515.0,218.0,731,91,106.0,354,156.0,371,136,121,502,149,213,95,1799,793,439,124,2043,329,1956,146
42,144.0,5472.0,718,350,319,91.0,116,405,289.0,192,4447,889,752,315,1278.0,343,112,162.0,320,97,56,477.0,210.0,525,73,119.0,463,353.0,426,117,84,474,136,161,79,1837,591,379,113,1877,283,2387,194
43,149.0,472.0,645,370,311,120.0,99,309,286.0,167,2252,867,719,280,1252.0,288,119,126.0,181,74,79,542.0,174.0,571,108,151.0,536,265.0,376,119,63,574,148,129,115,1955,409,399,131,1449,313,2499,180
44,137.0,445.0,640,394,291,78.0,124,342,269.0,180,1911,833,763,259,1023.0,271,143,128.0,96,83,71,517.0,174.0,495,91,125.0,437,187.0,309,135,107,459,121,140,108,1984,348,389,113,1407,236,1930,173
45,127.0,412.0,687,347,315,81.0,107,352,218.0,220,1945,850,736,288,969.0,292,99,165.0,94,87,89,530.0,181.0,458,85,147.0,465,161.0,390,104,112,471,147,142,112,2192,314,382,78,1408,265,1419,128
46,138.0,420.0,541,710,304,90.0,97,338,1346.0,206,2943,822,842,259,805.0,310,98,151.0,87,95,70,583.0,193.0,492,60,123.0,350,163.0,381,92,97,441,127,136,98,2019,322,391,91,1368,257,1619,90
47,187.0,454.0,625,309,261,102.0,126,264,854.0,202,5795,854,888,257,771.0,304,117,72.0,141,78,65,602.0,180.0,438,75,149.0,334,115.0,362,104,86,424,162,153,75,1816,267,392,93,1453,268,1948,88
48,169.0,527.0,673,292,255,77.0,112,272,821.0,224,3879,818,765,245,782.0,280,96,74.0,144,81,58,445.0,204.0,483,65,117.0,305,158.0,278,80,65,431,130,106,82,1644,307,448,117,1226,248,1724,143
49,116.0,458.0,685,285,266,79.0,101,244,579.0,265,2171,867,734,270,990.0,262,116,51.0,143,72,54,412.0,206.0,527,78,225.0,320,126.0,310,111,73,489,225,101,96,1725,340,438,98,1357,257,1687,152
50,101.0,446.0,629,423,334,102.0,123,209,432.0,197,1922,765,671,290,944.0,336,138,63.0,127,79,63,518.0,203.0,470,80,288.0,351,102.0,298,94,82,646,146,113,94,2436,334,483,81,1104,289,1543,130
51,115.0,625.0,563,400,261,73.0,125,265,369.0,9715,1596,792,799,284,1008.0,278,113,66.0,83,72,62,499.0,199.0,477,69,134.0,372,102.0,346,121,82,424,150,122,89,2672,303,396,73,1067,285,1369,104
52,126.0,734.0,516,435,279,66.0,118,309,268.0,3953,1498,698,742,303,1015.0,260,103,60.0,89,79,72,450.0,167.0,491,98,117.0,381,111.0,392,103,77,380,168,125,115,2041,283,407,133,1037,245,1294,168
53,127.0,2286.0,457,328,239,76.0,92,236,274.0,2353,2261,768,737,320,844.0,290,111,77.0,94,61,67,519.0,175.0,474,74,95.0,325,112.0,360,113,79,493,151,120,113,1740,300,476,84,1059,374,1400,90
54,137.0,1897.0,489,311,302,99.0,106,361,250.0,1589,2118,805,777,309,2628.0,277,101,65.0,102,83,60,455.0,210.0,516,77,90.0,317,121.0,296,105,57,439,130,176,93,1599,308,398,101,1123,391,1528,100
55,131.0,1551.0,486,297,314,100.0,105,317,241.0,1280,1965,687,723,902,7525.0,224,119,60.0,91,75,80,558.0,227.0,544,68,157.0,289,122.0,255,84,69,355,121,187,86,2401,1873,394,94,1023,295,1328,98
56,129.0,896.0,536,265,307,74.0,97,249,522.0,1067,1911,936,576,513,3805.0,247,122,53.0,99,73,68,497.0,179.0,464,74,135.0,301,175.0,361,122,61,439,111,323,85,2826,1852,330,86,1086,274,1399,98
57,131.0,1234.0,536,476,312,77.0,103,217,474.0,662,2499,736,593,264,2068.0,215,120,48.0,106,78,54,522.0,185.0,563,72,122.0,333,124.0,302,143,65,468,141,517,87,3846,1484,327,90,895,241,1570,88
58,122.0,1060.0,562,343,273,78.0,95,723,294.0,565,1996,579,743,319,1375.0,231,100,75.0,94,77,70,493.0,192.0,536,79,136.0,421,111.0,291,1027,56,380,91,366,96,2449,1287,380,90,886,280,1167,95
59,133.0,806.0,624,346,326,70.0,124,565,249.0,468,1905,529,721,329,1531.0,200,70,107.0,130,68,69,609.0,176.0,479,73,122.0,797,112.0,273,535,56,386,112,274,73,2122,995,389,96,1005,255,1053,103
60,152.0,755.0,452,414,275,69.0,146,429,235.0,365,1607,635,678,287,998.0,226,113,70.0,86,53,64,497.0,218.0,528,70,95.0,625,104.0,275,383,63,337,123,294,92,1891,714,369,91,933,275,1232,91
61,152.0,800.0,514,264,249,85.0,136,357,211.0,383,1201,605,4692,239,744.0,242,128,71.0,111,48,89,454.0,183.0,501,71,132.0,403,93.0,258,277,57,309,95,238,85,1829,496,365,83,779,286,1649,94
62,117.0,693.0,678,314,252,78.0,123,349,245.0,388,1229,593,2539,241,701.0,311,102,68.0,102,68,68,394.0,213.0,496,125,118.0,322,129.0,287,214,61,363,101,180,69,1750,610,361,136,937,271,1376,149
63,143.0,559.0,663,279,287,92.0,125,349,201.0,381,1272,578,1844,243,849.0,231,109,65.0,79,69,94,399.0,201.0,643,122,96.0,299,115.0,361,186,55,336,111,178,74,1816,495,329,134,888,265,1204,155
64,141.0,543.0,587,320,229,89.0,145,283,178.0,444,1575,586,1326,195,603.0,209,95,56.0,81,71,76,453.0,236.0,587,81,105.0,373,131.0,401,177,44,401,100,231,64,1989,381,453,99,798,272,1256,160
65,168.0,555.0,522,302,210,87.0,141,237,225.0,417,1628,533,1188,203,633.0,200,134,69.0,90,58,67,479.0,255.0,514,102,122.0,459,114.0,361,143,92,350,96,157,97,1784,490,389,101,747,263,1083,148
66,119.0,490.0,517,224,248,94.0,118,373,160.0,321,1131,525,1073,222,573.0,227,122,69.0,79,57,84,467.0,203.0,412,83,108.0,584,110.0,316,162,74,395,80,169,82,2374,415,388,95,790,281,972,96
67,93.0,404.0,1025,218,249,86.0,126,389,121.0,287,1179,584,769,202,589.0,234,124,67.0,82,54,77,657.0,167.0,450,68,112.0,446,130.0,647,139,74,392,109,132,65,1974,318,402,88,893,228,1012,82
68,109.0,353.0,1000,419,277,104.0,102,285,164.0,319,1183,565,753,304,538.0,220,136,66.0,73,66,67,574.0,218.0,477,68,134.0,361,89.0,1023,123,63,354,93,139,83,1762,262,391,104,805,281,964,118
69,104.0,403.0,731,265,236,75.0,107,326,213.0,281,1227,581,681,302,564.0,244,122,73.0,104,72,59,549.0,179.0,606,65,108.0,351,124.0,532,141,42,316,71,100,101,1271,339,403,91,703,255,944,107
70,78.0,378.0,726,655,252,98.0,109,266,154.0,226,1195,621,477,203,706.0,241,121,69.0,109,60,71,454.0,211.0,835,60,121.0,323,118.0,432,150,43,364,90,110,206,1365,317,371,91,592,264,1009,123
71,97.0,405.0,641,5148,249,94.0,113,251,169.0,252,1096,553,656,211,595.0,242,141,53.0,98,68,68,437.0,329.0,625,70,125.0,427,117.0,413,120,48,406,89,89,381,1492,331,410,95,596,270,945,114
72,111.0,296.0,723,2204,218,71.0,126,258,165.0,203,1061,534,629,215,676.0,195,103,64.0,79,73,82,419.0,345.0,731,52,97.0,327,113.0,347,117,57,345,86,116,219,1725,401,338,108,670,215,1166,116
73,77.0,329.0,641,2252,230,84.0,132,268,136.0,222,1188,471,740,232,648.0,228,96,60.0,82,75,71,462.0,321.0,591,57,92.0,225,140.0,353,106,89,375,75,134,245,2739,401,309,86,678,232,942,108
74,78.0,304.0,532,1083,270,128.0,124,261,133.0,181,1595,584,626,200,556.0,251,97,135.0,87,72,93,414.0,262.0,516,59,112.0,267,120.0,303,129,60,375,71,95,197,1729,336,387,85,713,228,1024,95
75,103.0,312.0,618,805,278,121.0,101,258,179.0,243,1315,644,591,203,617.0,240,95,106.0,85,58,80,534.0,299.0,469,67,81.0,212,115.0,235,70,49,341,80,86,126,1336,296,381,91,808,252,927,106
76,100.0,298.0,545,671,201,112.0,127,225,190.0,188,2041,514,555,220,755.0,257,108,62.0,100,76,114,415.0,356.0,438,62,114.0,249,108.0,247,80,34,346,72,78,99,1246,281,359,80,695,303,1023,117
77,83.0,341.0,564,588,212,181.0,102,214,148.0,217,1616,545,571,294,600.0,240,116,72.0,93,70,89,399.0,317.0,478,77,126.0,244,98.0,284,102,35,373,84,85,112,1170,312,367,73,1998,227,918,136
78,117.0,355.0,545,550,195,161.0,117,222,261.0,222,1334,542,566,211,444.0,227,99,54.0,80,77,136,434.0,194.0,438,55,103.0,237,121.0,284,95,38,366,83,73,118,1174,300,382,85,2152,250,958,124
79,89.0,319.0,563,500,520,133.0,98,190,170.0,289,1020,473,585,192,575.0,268,102,51.0,75,106,283,504.0,192.0,450,60,107.0,219,99.0,281,106,41,364,76,94,107,1354,261,320,119,1160,248,948,152
80,97.0,350.0,577,407,303,81.0,92,294,225.0,205,966,497,573,207,551.0,364,92,84.0,71,97,354,491.0,166.0,425,64,116.0,264,127.0,284,86,45,378,73,59,70,1413,334,333,120,1010,276,909,131
81,99.0,400.0,648,429,269,85.0,131,286,139.0,158,1099,526,498,189,521.0,397,113,67.0,67,70,155,481.0,146.0,374,67,113.0,310,89.0,247,79,54,361,61,69,78,1407,271,368,107,854,278,1118,111
82,71.0,364.0,627,406,251,108.0,107,197,146.0,196,1016,733,447,219,501.0,303,138,59.0,83,52,92,428.0,218.0,325,54,106.0,246,106.0,268,78,64,320,89,63,73,1311,237,333,75,714,301,1046,103
83,82.0,352.0,730,284,205,66.0,125,201,180.0,201,1070,11989,444,185,574.0,302,111,68.0,79,76,72,400.0,194.0,480,60,117.0,196,96.0,223,74,39,300,72,77,43,1094,246,337,101,645,250,3873,119
84,91.0,420.0,747,320,239,70.0,110,177,196.0,193,923,539,405,238,563.0,215,122,54.0,85,55,74,406.0,196.0,475,59,129.0,218,89.0,261,51,42,380,64,58,62,1352,253,331,109,595,306,1382,165
85,81.0,411.0,747,360,224,60.0,102,168,150.0,175,819,515,567,283,854.0,218,1270,63.0,96,45,71,423.0,206.0,482,71,151.0,237,103.0,186,70,36,381,69,58,74,1558,218,315,106,553,298,1049,140
86,82.0,311.0,661,294,230,53.0,102,174,205.0,170,705,573,566,283,874.0,196,562,51.0,86,55,65,414.0,178.0,480,75,618.0,218,103.0,239,65,44,366,89,62,59,1283,255,311,73,569,220,969,120
87,95.0,336.0,648,258,264,46.0,106,204,155.0,154,824,796,474,309,694.0,204,351,73.0,91,50,82,459.0,192.0,452,71,340.0,231,83.0,238,74,47,338,71,80,55,1254,251,276,80,587,209,987,141
88,64.0,290.0,613,248,194,52.0,109,193,164.0,139,812,639,433,270,732.0,197,249,79.0,121,55,63,550.0,134.0,430,76,258.0,220,110.0,250,96,47,306,78,67,63,1175,204,353,89,552,214,1192,93
89,112.0,298.0,623,222,209,54.0,133,151,170.0,172,882,599,495,269,544.0,214,246,104.0,106,46,46,530.0,226.0,404,51,209.0,207,88.0,236,86,40,303,85,56,59,1103,176,374,94,581,233,1166,98
90,114.0,338.0,742,272,199,83.0,122,178,168.0,240,781,534,466,208,587.0,181,249,77.0,139,59,57,657.0,257.0,412,53,203.0,202,114.0,256,73,46,265,74,64,55,1059,295,344,97,722,231,1143,94
91,99.0,371.0,557,200,198,64.0,132,166,183.0,217,781,536,387,196,579.0,169,145,68.0,129,48,82,577.0,195.0,536,87,152.0,257,120.0,232,72,40,325,88,54,55,1065,273,292,89,658,202,1197,119
92,79.0,265.0,601,586,239,60.0,105,168,167.0,263,862,465,492,194,540.0,206,155,61.0,136,38,139,712.0,199.0,455,107,149.0,299,73.0,235,72,49,375,98,76,55,1319,251,360,104,575,215,1032,118
93,91.0,313.0,567,284,187,61.0,150,173,193.0,280,688,462,524,205,553.0,207,128,53.0,117,52,142,1311.0,195.0,436,716,143.0,307,134.0,224,83,53,380,70,69,70,1297,276,286,94,570,184,910,121
94,85.0,255.0,504,264,211,54.0,162,200,145.0,148,773,443,434,236,520.0,196,114,69.0,102,46,99,2334.0,183.0,457,448,114.0,232,149.0,213,77,45,336,81,58,60,1258,229,345,104,589,180,967,200
95,76.0,265.0,468,336,166,60.0,153,186,132.0,126,894,549,411,195,498.0,160,91,66.0,110,43,78,1082.0,183.0,434,263,110.0,227,100.0,157,74,44,352,83,64,63,1140,192,378,97,489,201,1128,161
96,83.0,292.0,497,292,196,61.0,126,181,152.0,166,880,508,419,157,542.0,176,105,84.0,111,36,81,607.0,185.0,418,223,104.0,884,89.0,167,86,40,304,85,66,64,1150,193,333,92,493,241,1185,121
97,92.0,373.0,431,202,168,72.0,118,149,164.0,192,885,450,403,178,536.0,209,120,59.0,120,58,100,547.0,208.0,410,171,105.0,1265,88.0,191,76,36,312,88,51,71,996,197,331,108,597,250,1029,117
98,67.0,314.0,489,204,199,54.0,122,175,188.0,207,926,335,360,182,851.0,216,142,59.0,104,63,66,540.0,199.0,426,140,232.0,519,72.0,235,63,31,504,87,74,62,1229,183,329,97,581,189,1236,128
99,93.0,338.0,511,745,333,58.0,138,147,169.0,195,841,368,439,204,855.0,216,99,76.0,88,57,94,507.0,213.0,392,144,161.0,429,106.0,216,72,27,416,114,69,54,2012,244,433,79,562,171,1334,119
100,58.0,437.0,513,368,271,52.0,116,203,201.0,193,691,374,552,195,1266.0,201,105,61.0,107,47,83,496.0,232.0,406,114,134.0,427,161.0,206,85,41,389,99,62,52,1603,193,345,98,512,160,1156,121
101,70.0,337.0,391,276,219,54.0,128,186,242.0,133,945,447,544,167,718.0,197,109,74.0,116,47,94,532.0,207.0,424,100,118.0,329,163.0,211,65,47,338,92,61,47,1635,192,421,108,551,167,1042,125
102,86.0,336.0,372,229,205,74.0,110,191,132.0,155,996,479,462,197,587.0,183,117,80.0,100,42,96,514.0,177.0,334,104,126.0,294,151.0,221,90,34,1014,88,68,63,1523,206,376,85,530,196,1080,120
103,96.0,427.0,359,238,263,89.0,114,188,179.0,171,1018,548,532,355,513.0,188,107,59.0,113,41,83,570.0,169.0,395,105,101.0,298,128.0,228,78,32,600,104,64,59,1225,166,336,98,575,206,1126,103
104,88.0,403.0,386,209,218,69.0,106,183,185.0,212,915,427,468,226,531.0,201,103,53.0,98,42,68,427.0,204.0,484,114,69.0,207,116.0,216,81,37,480,90,59,46,1034,188,306,100,508,205,1081,106
105,69.0,361.0,353,198,237,68.0,120,204,222.0,194,838,493,332,231,577.0,253,87,51.0,92,52,72,411.0,331.0,503,133,108.0,214,98.0,248,73,34,494,72,43,54,1280,216,295,104,484,210,1217,152
106,61.0,331.0,392,212,225,55.0,143,152,190.0,136,804,429,440,217,619.0,195,89,40.0,89,50,74,767.0,244.0,446,77,117.0,218,127.0,242,76,28,433,78,70,70,1381,238,241,91,446,232,1265,149
107,65.0,264.0,368,265,251,55.0,143,156,2625.0,137,737,420,445,210,1506.0,210,80,50.0,86,45,81,796.0,181.0,455,90,109.0,220,121.0,233,85,45,428,102,65,54,1168,224,267,101,566,909,1016,141
108,79.0,246.0,444,248,255,52.0,145,172,1575.0,171,691,406,456,210,1109.0,165,80,61.0,59,73,95,616.0,182.0,391,85,210.0,351,102.0,298,71,35,454,91,78,66,1273,172,260,90,794,753,939,106
109,58.0,283.0,365,201,198,42.0,137,189,965.0,159,750,602,430,187,752.0,172,81,70.0,108,44,63,421.0,201.0,506,87,240.0,273,93.0,252,67,38,413,90,52,77,1752,167,317,84,668,416,1081,151
110,71.0,320.0,363,255,207,80.0,130,175,692.0,151,824,739,414,144,674.0,205,78,84.0,74,48,74,602.0,179.0,378,70,138.0,231,88.0,190,52,42,382,74,94,54,1366,310,279,87,639,336,1034,107
111,76.0,356.0,520,239,218,53.0,119,188,821.0,186,741,546,342,150,631.0,177,90,69.0,66,45,60,572.0,228.0,400,57,138.0,222,94.0,259,75,42,341,72,85,50,1477,531,302,81,538,300,1126,169
112,93.0,354.0,835,162,219,69.0,128,174,549.0,132,744,543,357,145,568.0,156,93,54.0,89,60,73,393.0,192.0,393,81,114.0,227,85.0,240,61,26,356,70,66,62,1218,835,285,78,565,253,1018,203
113,115.0,357.0,509,251,215,68.0,113,171,588.0,147,808,456,421,168,577.0,205,117,49.0,73,91,71,416.0,178.0,435,89,92.0,217,91.0,219,67,31,392,83,53,59,1497,535,299,89,515,194,1029,122
114,75.0,335.0,447,246,219,70.0,112,177,672.0,163,775,431,487,148,501.0,167,111,55.0,61,60,66,452.0,227.0,399,82,99.0,193,99.0,275,71,31,355,76,71,67,1312,409,258,71,589,176,1040,138
115,93.0,349.0,369,200,230,71.0,162,174,353.0,181,836,428,501,184,528.0,193,98,50.0,100,58,73,428.0,159.0,430,56,79.0,218,77.0,213,97,38,372,78,76,71,1804,281,334,96,559,161,952,169
116,76.0,311.0,530,230,219,49.0,140,226,237.0,188,1002,494,419,208,532.0,160,109,69.0,124,55,83,425.0,149.0,365,74,119.0,181,66.0,231,77,35,341,73,79,57,1674,253,308,590,541,150,1030,509
117,92.0,345.0,428,181,171,75.0,121,259,216.0,153,898,536,397,192,424.0,156,76,59.0,111,53,63,361.0,127.0,422,86,122.0,181,76.0,301,80,51,309,80,52,53,1577,233,331,484,523,169,1056,425
118,108.0,386.0,437,349,186,63.0,137,190,396.0,180,910,1896,398,186,487.0,159,92,60.0,114,60,71,314.0,167.0,380,69,177.0,168,100.0,256,87,43,286,80,74,62,1077,266,313,263,521,172,1055,285
119,95.0,386.0,446,197,199,89.0,135,187,338.0,137,921,1258,406,245,579.0,157,80,35.0,83,65,54,328.0,167.0,430,47,164.0,207,98.0,247,108,32,307,78,80,74,1153,341,370,195,438,187,980,346
120,93.0,523.0,388,311,215,82.0,103,155,267.0,155,787,947,431,154,535.0,139,79,57.0,60,48,465,346.0,157.0,425,54,130.0,193,90.0,265,107,30,343,101,80,71,1330,242,240,179,434,190,1066,288
121,79.0,366.0,415,706,196,67.0,116,185,262.0,163,872,670,443,201,546.0,142,67,48.0,91,42,372,371.0,159.0,425,68,143.0,378,94.0,259,105,45,317,62,100,53,1394,205,277,140,447,154,957,187
122,52.0,367.0,357,391,230,81.0,117,204,238.0,123,3350,687,400,264,409.0,130,67,48.0,78,52,189,413.0,160.0,400,68,109.0,247,70.0,262,120,55,257,55,86,57,1328,195,296,124,559,154,887,179
123,58.0,293.0,315,181,292,67.0,106,212,222.0,142,3321,677,418,179,431.0,157,68,48.0,85,52,97,342.0,127.0,352,92,100.0,185,63.0,278,147,347,329,67,86,78,1110,190,345,104,498,141,967,121
124,80.0,315.0,351,152,203,68.0,114,208,211.0,208,1711,568,406,210,415.0,148,109,53.0,90,41,80,362.0,139.0,346,77,108.0,158,62.0,228,109,185,322,98,65,61,1137,145,364,108,533,166,3554,101
125,69.0,324.0,432,153,185,60.0,114,193,214.0,231,1200,672,361,200,538.0,172,91,46.0,101,47,73,371.0,166.0,380,56,99.0,144,78.0,228,102,134,277,102,66,64,961,168,331,78,442,160,1683,98
126,55.0,331.0,634,178,205,72.0,115,162,238.0,208,771,1214,390,196,434.0,152,95,47.0,119,52,53,355.0,170.0,417,76,86.0,229,173.0,286,90,94,331,85,78,71,1026,187,310,93,466,126,1760,100
127,72.0,353.0,513,238,202,62.0,98,146,227.0,331,744,1169,402,203,638.0,163,122,44.0,79,51,188,378.0,184.0,358,51,81.0,226,133.0,277,80,76,308,73,79,68,1358,169,322,93,623,123,1237,141
128,59.0,413.0,400,208,233,64.0,119,184,202.0,307,581,819,448,241,845.0,122,95,67.0,71,44,117,324.0,190.0,391,54,84.0,237,103.0,283,77,78,278,78,96,70,1379,174,282,131,545,139,1088,110
129,58.0,357.0,383,311,192,50.0,148,204,167.0,216,654,629,419,213,480.0,149,76,51.0,117,43,95,355.0,160.0,353,77,60.0,179,81.0,262,90,63,305,73,76,60,1782,143,295,106,458,112,1055,96
130,64.0,303.0,313,227,179,59.0,124,199,178.0,205,679,661,421,671,384.0,153,79,63.0,92,44,74,307.0,147.0,359,60,80.0,182,91.0,234,77,61,361,86,80,45,1706,132,358,95,466,152,1218,131
131,63.0,357.0,586,244,227,74.0,101,176,166.0,215,580,741,416,535,392.0,227,93,62.0,117,36,67,311.0,162.0,346,74,99.0,178,69.0,230,65,37,339,63,66,61,1377,172,325,85,454,134,1472,104
132,68.0,352.0,349,217,177,75.0,95,180,179.0,226,865,567,521,425,415.0,157,92,64.0,87,32,73,268.0,181.0,354,48,92.0,164,80.0,246,59,45,285,80,72,54,973,152,312,77,398,144,1194,145
133,63.0,362.0,387,206,214,71.0,127,174,173.0,165,769,520,510,268,417.0,132,90,59.0,71,41,48,285.0,184.0,393,54,100.0,202,83.0,271,79,54,315,76,62,41,1067,149,349,71,410,149,1180,124
134,55.0,309.0,383,209,216,84.0,113,169,169.0,176,548,539,474,327,504.0,145,105,61.0,67,49,49,1050.0,160.0,383,52,94.0,229,71.0,256,62,56,309,58,71,60,1284,159,678,76,522,126,1077,139
135,60.0,352.0,315,199,226,44.0,123,170,231.0,142,566,445,506,311,469.0,126,73,59.0,71,45,61,883.0,138.0,367,62,114.0,239,74.0,274,102,62,345,47,70,64,1104,166,466,62,507,127,3063,123
136,171.0,314.0,308,209,189,55.0,124,194,210.0,116,608,429,489,243,534.0,110,64,71.0,65,50,61,530.0,127.0,430,74,68.0,258,77.0,246,88,43,338,79,82,65,1302,141,494,58,440,109,2333,106
137,131.0,337.0,310,201,184,64.0,116,190,175.0,106,621,568,2147,238,506.0,123,63,59.0,91,41,42,866.0,135.0,364,73,108.0,298,70.0,450,86,46,268,81,73,64,1406,163,469,75,527,105,1471,98
138,124.0,356.0,284,226,187,63.0,115,163,203.0,134,568,521,2215,566,464.0,122,82,47.0,83,33,51,588.0,134.0,295,76,85.0,187,69.0,475,78,43,284,84,77,62,1171,168,401,56,526,117,1429,88
139,94.0,340.0,350,173,205,61.0,110,192,203.0,135,547,480,2372,530,551.0,128,105,51.0,66,39,45,459.0,159.0,388,66,74.0,186,70.0,426,64,56,269,64,58,55,1026,160,352,80,396,116,1325,89
140,70.0,289.0,303,153,212,53.0,96,227,179.0,145,620,631,761,376,536.0,133,85,43.0,73,51,44,346.0,154.0,337,73,140.0,185,75.0,329,41,29,278,74,63,57,1172,173,401,80,412,152,1109,208
141,120.0,319.0,688,235,162,45.0,96,166,185.0,141,859,566,578,275,506.0,132,79,53.0,60,54,54,1042.0,215.0,448,71,148.0,221,60.0,628,53,25,292,93,60,71,1603,179,410,62,407,150,923,116
142,67.0,327.0,1070,165,175,52.0,95,173,185.0,142,510,617,591,414,479.0,124,81,62.0,61,33,52,704.0,181.0,575,72,90.0,195,83.0,468,54,34,523,54,64,52,1427,138,304,78,454,144,921,104
143,53.0,287.0,691,182,196,55.0,123,187,133.0,102,611,506,577,328,498.0,142,60,58.0,62,49,106,515.0,136.0,587,64,121.0,210,59.0,434,93,41,318,80,59,70,1356,164,279,53,502,111,1305,107
144,52.0,389.0,351,161,175,61.0,100,180,143.0,99,592,1025,856,344,444.0,145,72,65.0,82,29,79,423.0,146.0,520,72,270.0,183,73.0,319,100,32,289,70,64,62,1173,162,392,68,446,137,1367,115
145,62.0,372.0,472,177,150,62.0,124,184,155.0,106,640,864,660,422,420.0,145,99,63.0,74,42,63,352.0,155.0,435,58,134.0,208,79.0,244,76,25,284,65,51,71,1058,151,354,74,433,134,1295,95
146,95.0,346.0,467,156,177,50.0,94,169,221.0,130,633,769,848,285,386.0,118,74,57.0,82,46,55,317.0,178.0,459,74,123.0,188,67.0,297,41,35,263,65,63,60,932,178,985,51,639,154,1224,86
147,72.0,346.0,406,178,177,53.0,114,178,174.0,129,589,723,377,230,493.0,133,96,49.0,73,55,45,298.0,164.0,552,61,121.0,207,70.0,289,56,31,275,69,150,61,913,163,634,81,405,175,1343,130
148,69.0,348.0,403,178,166,70.0,104,127,221.0,150,575,677,398,204,399.0,137,86,45.0,75,45,56,304.0,150.0,533,53,142.0,257,66.0,343,70,37,301,74,166,69,1070,172,494,62,368,147,1148,133
149,56.0,282.0,357,287,155,59.0,138,179,216.0,137,537,706,431,248,438.0,146,99,59.0,70,62,158,313.0,156.0,379,73,104.0,189,72.0,329,66,23,343,91,105,74,1006,168,447,80,455,136,1082,96
150,56.0,348.0,326,220,172,77.0,130,212,184.0,130,629,645,460,255,474.0,111,82,67.0,53,40,139,320.0,97.0,365,73,351.0,220,50.0,283,55,26,304,111,98,79,1165,181,385,81,460,123,1018,154
151,56.0,312.0,287,167,175,79.0,104,181,140.0,110,659,605,444,321,437.0,145,90,46.0,56,43,67,293.0,123.0,326,70,286.0,203,64.0,245,68,24,477,96,84,52,984,161,370,60,475,129,932,137
152,64.0,341.0,330,611,163,61.0,149,154,166.0,142,569,604,417,293,458.0,148,104,66.0,79,34,52,288.0,153.0,308,72,139.0,229,84.0,418,53,25,429,80,70,50,969,150,344,59,513,129,853,109
153,55.0,316.0,343,191,174,49.0,129,178,166.0,165,1127,674,390,231,419.0,138,90,57.0,81,37,52,463.0,152.0,394,84,114.0,177,53.0,353,54,41,379,47,63,61,876,173,437,63,401,152,1067,123
154,54.0,321.0,306,154,164,62.0,125,126,206.0,158,854,631,372,198,385.0,147,90,45.0,85,39,36,748.0,146.0,406,90,108.0,192,86.0,322,43,33,377,74,71,73,947,187,362,71,366,145,930,138
155,44.0,304.0,310,302,201,61.0,145,152,215.0,145,681,741,397,265,469.0,142,78,65.0,69,39,41,360.0,137.0,369,82,107.0,223,66.0,294,36,36,392,61,53,71,1054,198,275,59,406,123,944,161
156,42.0,309.0,333,223,196,60.0,139,142,167.0,136,552,964,445,562,404.0,101,74,118.0,68,35,50,3283.0,130.0,370,84,110.0,223,62.0,254,87,38,383,45,42,65,1269,204,302,95,460,131,781,171
157,49.0,314.0,320,345,228,47.0,143,153,120.0,134,586,719,443,454,471.0,129,83,94.0,70,34,43,538.0,127.0,360,112,90.0,218,80.0,243,61,26,336,51,56,57,1251,188,283,55,434,121,774,159
158,40.0,293.0,363,217,583,55.0,109,172,128.0,116,874,695,451,386,421.0,123,131,85.0,72,28,37,375.0,119.0,373,136,98.0,218,63.0,253,57,36,328,76,48,59,1159,188,349,63,474,141,677,111
159,59.0,335.0,373,190,318,83.0,103,141,153.0,121,670,662,376,697,319.0,102,135,64.0,73,36,36,347.0,128.0,315,104,112.0,207,59.0,249,62,34,322,60,69,73,1254,170,261,63,407,159,750,96
160,42.0,357.0,342,173,212,64.0,109,135,181.0,141,635,557,384,443,390.0,171,127,66.0,93,47,47,337.0,119.0,413,84,85.0,176,74.0,269,68,37,304,53,48,50,1120,220,313,62,390,179,915,101
161,49.0,299.0,348,155,219,63.0,108,131,176.0,148,541,529,370,311,1363.0,152,210,63.0,84,40,27,373.0,126.0,437,66,85.0,198,72.0,275,71,51,319,66,45,54,1185,572,256,78,372,157,876,149
162,63.0,337.0,365,165,181,63.0,92,122,140.0,125,724,476,611,249,772.0,135,147,55.0,81,49,35,537.0,121.0,390,60,90.0,214,61.0,229,47,30,332,61,45,74,1165,366,252,68,396,179,757,101
163,45.0,270.0,380,255,199,69.0,113,121,143.0,110,665,465,452,256,821.0,113,129,65.0,78,41,41,695.0,125.0,390,75,120.0,252,79.0,213,47,28,332,44,48,84,1205,197,243,62,487,168,704,98
164,35.0,270.0,309,1522,267,107.0,125,158,160.0,129,631,510,423,318,973.0,109,98,76.0,57,36,46,522.0,108.0,392,80,123.0,234,68.0,220,78,40,262,65,47,62,1120,189,266,60,438,133,635,117
165,54.0,354.0,277,851,237,73.0,115,225,149.0,170,611,492,400,302,459.0,124,105,73.0,69,38,32,365.0,132.0,319,60,88.0,233,59.0,232,29,50,299,83,66,77,1049,182,399,57,396,144,650,139
166,45.0,299.0,304,293,194,79.0,130,212,150.0,139,568,840,369,306,473.0,104,124,70.0,64,40,29,350.0,123.0,355,56,86.0,212,62.0,1430,43,42,339,97,48,60,921,184,311,62,345,152,846,83
167,45.0,326.0,342,206,170,49.0,122,198,177.0,158,1008,698,331,276,452.0,149,92,49.0,82,44,29,310.0,150.0,369,64,78.0,179,54.0,220,41,48,347,79,50,57,788,231,283,66,423,147,743,86
168,60.0,643.0,317,222,181,66.0,115,165,150.0,165,612,554,340,244,406.0,101,88,58.0,75,33,27,289.0,131.0,396,58,68.0,224,64.0,1058,48,45,303,62,37,55,865,225,275,72,378,132,966,125
169,40.0,477.0,313,213,206,78.0,96,154,156.0,182,583,485,313,204,407.0,341,82,147.0,66,45,15,365.0,100.0,413,47,88.0,265,70.0,1011,47,54,344,62,44,60,934,185,247,81,372,138,2036,134
170,40.0,436.0,320,220,195,46.0,162,132,152.0,167,504,398,344,248,405.0,109,58,85.0,73,48,38,376.0,138.0,403,91,85.0,287,47.0,498,63,58,358,68,126,50,1075,160,233,70,369,145,871,135
171,40.0,540.0,329,210,298,50.0,141,189,179.0,134,548,414,505,223,376.0,129,70,102.0,66,26,45,330.0,118.0,452,99,145.0,389,84.0,262,52,51,342,63,67,63,1060,140,224,93,525,148,814,130
172,47.0,733.0,328,179,174,46.0,105,214,191.0,144,514,445,466,199,431.0,114,68,67.0,63,30,30,295.0,135.0,403,64,141.0,290,76.0,228,49,63,310,98,45,68,943,152,271,84,431,127,801,140
173,45.0,584.0,358,208,175,56.0,108,159,159.0,175,472,520,393,211,382.0,135,71,52.0,70,36,37,296.0,148.0,352,84,125.0,244,99.0,263,49,38,355,78,52,63,961,124,263,59,416,152,13739,84
174,48.0,437.0,381,200,181,48.0,85,148,197.0,142,538,441,357,202,362.0,138,96,57.0,106,39,42,333.0,144.0,403,57,103.0,219,144.0,328,46,46,297,57,50,59,792,134,256,60,431,169,1653,81
175,51.0,388.0,359,148,186,39.0,88,126,210.0,168,469,401,367,153,468.0,149,99,60.0,86,35,25,253.0,153.0,440,40,92.0,263,103.0,274,41,43,267,63,44,94,839,190,264,67,398,183,960,125
176,44.0,480.0,395,169,184,47.0,101,152,205.0,134,566,428,365,188,454.0,137,67,67.0,71,44,22,341.0,126.0,589,26,101.0,263,114.0,227,85,42,378,69,34,78,953,161,245,65,422,200,1022,140
177,47.0,483.0,923,165,217,29.0,99,166,170.0,124,502,405,363,223,471.0,119,53,62.0,66,32,30,308.0,132.0,428,50,92.0,283,122.0,204,73,36,383,66,36,65,913,180,215,67,418,137,1085,105
178,49.0,362.0,582,246,234,49.0,110,140,152.0,130,539,403,419,219,410.0,140,79,69.0,58,30,33,278.0,122.0,380,77,124.0,256,78.0,219,77,44,378,77,43,72,912,240,269,68,410,136,884,118
179,42.0,302.0,570,150,178,44.0,117,119,145.0,115,595,430,401,920,410.0,153,74,69.0,69,34,68,282.0,124.0,388,71,103.0,194,83.0,161,46,48,336,83,33,46,1004,232,238,90,498,138,739,86
180,57.0,283.0,395,151,160,61.0,107,138,187.0,125,552,397,370,482,370.0,130,82,51.0,74,39,52,228.0,139.0,400,63,90.0,190,77.0,203,35,73,341,86,49,67,890,155,221,75,494,133,851,104
181,46.0,289.0,426,176,160,45.0,140,191,220.0,147,516,385,311,223,391.0,145,104,48.0,58,43,31,269.0,147.0,384,45,87.0,280,57.0,250,49,46,286,72,56,71,822,167,215,73,534,148,1034,84
182,53.0,311.0,438,157,166,65.0,112,119,254.0,128,545,347,379,193,493.0,143,75,47.0,82,34,23,243.0,128.0,423,41,90.0,236,52.0,246,37,50,315,76,35,59,874,231,205,70,472,166,866,114
183,43.0,280.0,331,169,198,61.0,85,107,278.0,149,565,322,370,188,647.0,146,64,52.0,65,44,38,250.0,157.0,394,52,116.0,231,73.0,253,45,52,329,208,29,68,1024,161,208,86,424,119,811,101
184,32.0,282.0,365,185,183,48.0,111,116,257.0,142,505,304,374,235,499.0,118,58,63.0,88,29,50,324.0,144.0,496,54,95.0,227,72.0,189,45,64,321,139,28,65,1049,185,179,76,436,620,727,105
185,44.0,243.0,297,193,189,41.0,119,159,220.0,138,554,381,367,200,442.0,151,75,60.0,69,50,33,286.0,94.0,415,43,73.0,215,60.0,215,36,84,378,128,44,75,1206,178,246,81,446,1841,700,132
186,54.0,273.0,286,196,190,55.0,129,148,172.0,134,700,454,358,184,421.0,165,94,61.0,74,38,52,270.0,144.0,373,69,79.0,199,53.0,200,42,83,329,118,47,63,1134,186,240,65,473,2156,2545,99
187,54.0,318.0,273,163,160,68.0,107,124,198.0,145,560,451,315,170,386.0,128,82,52.0,73,37,52,259.0,193.0,386,40,62.0,212,68.0,186,42,81,218,110,46,53,1051,250,243,76,478,1162,1987,72
188,50.0,301.0,341,178,143,54.0,95,131,231.0,144,539,404,332,196,494.0,145,89,53.0,73,36,34,305.0,221.0,409,36,70.0,167,66.0,234,48,97,271,109,56,53,853,194,209,69,499,718,1205,87
189,53.0,288.0,314,144,159,68.0,83,126,200.0,116,494,414,299,169,546.0,119,77,46.0,72,46,26,240.0,178.0,442,52,67.0,191,60.0,222,47,73,281,116,38,59,886,162,199,53,453,347,1043,99
190,49.0,455.0,339,192,173,61.0,102,128,176.0,118,489,417,328,166,459.0,130,64,41.0,82,25,25,330.0,127.0,418,53,61.0,181,64.0,232,338,47,306,95,47,62,1101,166,201,63,479,293,3069,79
191,68.0,289.0,366,192,183,52.0,114,134,174.0,110,450,380,392,146,464.0,117,76,50.0,74,36,25,319.0,118.0,445,52,50.0,156,58.0,250,320,57,347,69,45,61,1105,174,195,65,488,196,1273,89
192,36.0,264.0,351,184,206,43.0,110,126,150.0,120,549,398,426,150,3897.0,104,77,55.0,104,33,21,255.0,116.0,451,47,59.0,209,71.0,274,265,42,371,70,44,47,1220,154,197,57,502,155,1269,97
193,50.0,596.0,296,156,155,56.0,107,164,130.0,100,608,409,483,192,1785.0,113,79,68.0,74,28,21,390.0,130.0,416,38,49.0,183,50.0,215,196,69,319,75,38,48,1270,139,192,226,561,182,1085,222
194,71.0,478.0,361,214,168,63.0,111,138,132.0,127,2335,414,400,182,1401.0,125,89,84.0,84,45,23,329.0,150.0,386,36,61.0,182,49.0,205,133,64,293,44,46,56,997,163,247,227,650,162,2005,208
195,51.0,503.0,314,268,146,418.0,129,137,165.0,138,1814,382,321,177,11413.0,133,58,61.0,77,45,15,274.0,135.0,451,67,57.0,178,45.0,232,102,60,257,244,30,76,947,191,157,136,564,152,1228,133
196,60.0,378.0,290,168,190,284.0,104,124,195.0,107,1281,400,338,140,6560.0,107,96,55.0,77,42,16,256.0,131.0,399,41,57.0,163,42.0,221,78,44,317,138,42,105,1034,175,177,116,519,156,947,141
197,303.0,337.0,329,162,207,200.0,99,142,174.0,137,970,418,346,149,4979.0,136,90,54.0,89,63,12,273.0,151.0,432,41,57.0,195,53.0,245,80,30,275,121,38,78,1613,176,206,98,520,185,1038,155
198,155.0,499.0,332,171,238,112.0,115,133,169.0,132,894,344,358,2215,807.0,122,86,52.0,58,38,20,287.0,118.0,476,31,79.0,183,73.0,581,70,39,286,91,74,68,1782,156,188,92,564,152,1654,123
199,101.0,371.0,314,172,189,123.0,109,304,147.0,140,741,394,331,589,617.0,101,107,66.0,78,31,19,1190.0,110.0,468,36,55.0,155,51.0,471,65,37,292,56,89,108,1183,149,228,75,811,145,1182,113
200,83.0,386.0,262,177,196,86.0,132,183,151.0,133,830,438,349,348,612.0,122,79,69.0,78,35,23,1619.0,176.0,410,30,70.0,149,57.0,396,69,46,267,53,43,129,1148,171,186,69,559,190,1077,105
201,100.0,314.0,282,2135,170,80.0,142,166,148.0,144,658,427,321,202,502.0,128,109,69.0,86,32,17,943.0,145.0,376,38,55.0,145,48.0,371,67,53,305,53,47,121,1036,152,169,72,613,154,978,89
202,75.0,358.0,264,634,165,87.0,91,162,161.0,135,1235,438,356,171,524.0,122,98,63.0,82,39,13,582.0,227.0,407,26,54.0,333,51.0,331,51,41,301,48,60,76,942,175,146,68,507,124,849,162
203,62.0,361.0,342,207,170,200.0,89,227,145.0,116,1068,387,293,164,450.0,123,92,57.0,110,34,13,458.0,144.0,447,44,69.0,335,55.0,286,48,49,373,59,47,106,937,186,173,69,519,165,1049,108
204,59.0,349.0,311,370,177,217.0,105,184,183.0,132,730,352,314,149,471.0,104,92,57.0,90,42,14,412.0,113.0,483,48,80.0,228,51.0,267,54,41,329,35,43,82,1118,186,146,72,1310,151,781,97
205,46.0,306.0,324,251,172,121.0,124,266,158.0,132,633,440,290,149,409.0,141,97,48.0,162,40,17,347.0,125.0,413,40,68.0,202,48.0,232,55,28,325,37,41,81,971,185,159,65,685,127,758,120
206,48.0,265.0,372,186,166,64.0,99,223,143.0,123,752,397,334,192,443.0,145,89,71.0,129,40,17,269.0,118.0,403,42,66.0,182,54.0,273,46,37,321,32,59,83,1096,165,171,89,767,115,632,174
207,36.0,254.0,305,156,166,81.0,126,160,122.0,110,766,427,338,130,389.0,110,103,59.0,269,24,24,298.0,141.0,371,41,54.0,167,175.0,227,44,37,325,35,50,83,951,158,175,63,681,123,772,129
208,31.0,274.0,333,174,151,75.0,108,143,171.0,122,652,398,327,158,368.0,92,98,74.0,307,49,16,252.0,124.0,384,32,57.0,175,58.0,208,51,48,328,43,44,94,1017,147,142,71,552,135,935,113
209,47.0,278.0,388,157,158,83.0,106,137,174.0,195,601,383,325,137,495.0,133,89,51.0,549,34,26,242.0,151.0,380,29,66.0,159,55.0,237,34,37,246,40,33,81,780,171,154,91,611,141,1143,122
210,34.0,273.0,363,180,153,54.0,99,157,190.0,139,7572,392,297,138,366.0,152,89,56.0,193,71,17,247.0,140.0,379,27,53.0,203,64.0,248,40,72,275,44,49,105,912,161,161,77,500,155,1386,122
211,39.0,252.0,314,183,157,62.0,99,113,173.0,120,2532,348,329,148,409.0,190,90,52.0,147,34,16,222.0,153.0,417,53,46.0,177,51.0,187,39,20,382,42,36,92,1117,189,119,88,454,124,1113,126
212,46.0,255.0,301,204,167,62.0,120,110,202.0,120,954,348,379,167,418.0,139,80,63.0,90,24,22,211.0,136.0,478,60,63.0,183,46.0,207,59,26,397,29,34,105,1347,168,118,78,494,107,2121,137
213,48.0,214.0,272,196,148,64.0,100,118,150.0,132,880,380,319,150,840.0,124,72,58.0,102,36,28,218.0,104.0,350,98,46.0,166,45.0,197,51,34,344,50,37,89,1230,236,136,75,514,118,2402,91
214,41.0,215.0,229,195,183,72.0,115,129,134.0,180,800,443,340,166,418.0,96,73,66.0,84,35,11,222.0,118.0,390,49,58.0,160,38.0,209,32,30,365,96,40,82,1044,228,126,59,531,119,1417,94
215,37.0,278.0,259,158,181,65.0,128,129,148.0,159,777,489,349,199,380.0,115,95,71.0,89,42,25,221.0,143.0,346,35,46.0,145,36.0,198,44,28,303,43,48,74,1172,185,123,60,464,127,1224,83
216,45.0,278.0,1277,131,143,61.0,122,139,178.0,125,762,395,282,175,412.0,132,85,63.0,87,40,29,206.0,134.0,406,39,58.0,162,42.0,213,57,31,251,42,38,61,1062,213,87,67,499,125,945,89
217,44.0,268.0,1390,133,156,87.0,109,118,141.0,142,743,382,299,186,438.0,141,78,44.0,79,30,54,182.0,128.0,358,35,60.0,191,46.0,201,38,37,295,51,38,83,1013,209,150,77,490,115,818,102
218,39.0,300.0,1043,143,162,64.0,118,130,153.0,171,777,397,342,204,457.0,127,98,49.0,63,40,22,220.0,138.0,414,33,215.0,198,47.0,192,36,33,317,29,68,71,1305,173,122,64,465,114,823,174
219,40.0,224.0,743,180,166,51.0,107,155,156.0,143,592,371,443,215,426.0,121,68,70.0,61,27,24,249.0,104.0,347,31,173.0,210,44.0,179,46,36,370,33,57,94,1112,201,120,114,515,119,841,97
220,34.0,209.0,547,167,157,59.0,107,124,161.0,133,1194,403,364,192,427.0,109,83,98.0,65,20,24,252.0,122.0,390,31,218.0,179,45.0,188,30,28,389,35,53,84,996,173,121,84,549,122,717,85
221,35.0,217.0,437,138,179,304.0,119,101,161.0,110,1061,437,302,177,446.0,118,91,71.0,112,20,23,241.0,99.0,342,30,143.0,189,47.0,169,26,36,380,32,42,86,1048,175,136,81,581,142,768,91
222,31.0,261.0,368,130,167,186.0,104,133,160.0,113,974,460,327,144,403.0,126,67,64.0,98,23,17,233.0,134.0,303,40,106.0,175,43.0,163,43,47,296,29,34,130,1313,154,132,65,722,192,750,69
223,37.0,285.0,360,140,188,158.0,117,132,185.0,109,881,402,353,185,424.0,123,70,58.0,75,40,14,195.0,142.0,380,37,76.0,142,39.0,226,26,31,316,36,36,85,1374,190,116,69,648,152,760,95
224,29.0,260.0,315,121,149,123.0,92,109,178.0,108,829,363,389,159,414.0,132,79,68.0,83,39,16,183.0,130.0,389,35,69.0,178,38.0,207,24,31,380,55,63,116,1111,173,117,80,624,161,760,83
225,34.0,304.0,275,150,148,109.0,98,116,223.0,81,738,368,354,163,455.0,133,78,53.0,76,32,16,211.0,162.0,357,191,70.0,194,43.0,205,32,21,391,37,70,91,1374,158,123,81,1267,151,768,136
226,29.0,215.0,287,161,177,86.0,143,132,170.0,97,843,388,363,183,493.0,97,63,59.0,63,38,18,290.0,127.0,353,185,83.0,185,45.0,192,38,25,353,20,63,106,1407,1152,127,68,763,118,699,94
227,35.0,197.0,293,132,296,88.0,116,142,148.0,114,819,343,322,198,400.0,131,73,61.0,51,31,15,260.0,129.0,341,136,60.0,143,28.0,200,38,18,385,40,63,112,1971,265,151,75,635,110,755,94
228,39.0,203.0,296,169,773,80.0,110,132,183.0,117,691,431,376,189,347.0,134,74,69.0,70,30,20,206.0,115.0,338,105,52.0,160,44.0,153,44,16,322,37,49,102,1357,186,143,79,617,118,3037,106
229,35.0,247.0,316,106,217,94.0,87,126,176.0,123,661,436,334,221,351.0,120,93,69.0,61,30,13,231.0,124.0,311,84,68.0,228,64.0,177,57,32,326,22,47,92,2207,162,148,62,530,163,2409,84
230,39.0,265.0,242,129,184,78.0,126,138,173.0,120,643,433,345,217,750.0,121,65,70.0,87,40,15,313.0,132.0,336,65,51.0,183,67.0,199,44,29,295,39,43,88,1559,167,122,70,477,145,1022,96
231,30.0,246.0,267,127,164,76.0,117,125,140.0,115,543,455,276,186,404.0,129,94,75.0,66,40,7,387.0,163.0,382,28,56.0,174,66.0,1174,44,21,370,31,33,106,1160,178,141,82,524,149,904,91
232,24.0,213.0,259,145,157,69.0,89,91,167.0,110,531,341,319,120,422.0,107,75,87.0,51,57,16,256.0,171.0,375,46,67.0,182,55.0,692,42,20,447,18,31,103,1416,151,130,75,1833,131,808,110
233,30.0,245.0,266,138,183,58.0,101,114,169.0,108,445,390,317,133,351.0,136,57,63.0,68,40,18,278.0,138.0,329,41,72.0,197,61.0,461,34,23,389,22,30,107,2861,154,146,76,1961,144,781,95
234,22.0,201.0,654,128,194,46.0,104,132,189.0,93,655,365,321,162,759.0,110,68,81.0,62,41,24,253.0,119.0,342,43,64.0,157,47.0,380,40,25,364,26,50,97,2515,164,153,70,1188,135,667,97
235,29.0,223.0,1122,161,164,67.0,108,228,137.0,94,608,412,264,162,566.0,123,85,71.0,65,29,22,296.0,115.0,315,37,69.0,149,55.0,348,36,15,375,22,45,69,1838,265,145,56,899,156,712,80
236,35.0,228.0,656,915,218,61.0,103,133,151.0,137,529,467,270,148,804.0,106,77,72.0,81,39,12,240.0,115.0,384,50,43.0,145,50.0,308,31,18,740,19,38,92,1318,257,146,53,734,169,693,84
237,48.0,249.0,591,206,181,70.0,94,122,169.0,132,494,398,270,360,765.0,139,72,70.0,89,34,22,213.0,125.0,335,18,41.0,144,54.0,279,41,19,502,14,56,102,1080,239,230,51,609,148,749,92
238,27.0,244.0,535,143,163,52.0,76,131,153.0,123,466,401,296,148,507.0,116,74,60.0,53,43,13,185.0,100.0,418,39,38.0,156,45.0,289,22,28,476,20,39,82,1125,184,183,61,675,141,784,78
239,29.0,247.0,499,151,156,57.0,106,89,178.0,159,730,452,320,141,539.0,117,74,85.0,121,51,9,219.0,129.0,356,26,47.0,172,50.0,231,37,26,399,22,55,89,1376,141,157,67,653,152,733,77
240,38.0,239.0,400,188,146,44.0,92,140,201.0,143,943,353,340,140,658.0,101,86,76.0,132,38,16,189.0,108.0,334,45,68.0,151,50.0,227,34,14,395,35,51,95,1144,149,174,64,598,144,740,75
241,33.0,176.0,379,149,148,45.0,108,176,153.0,99,878,412,349,138,728.0,85,68,90.0,88,40,12,227.0,103.0,354,31,54.0,155,51.0,275,46,27,363,29,50,71,1328,268,139,64,578,142,623,91
242,30.0,228.0,292,137,204,41.0,138,125,143.0,102,967,398,379,137,906.0,125,71,76.0,76,27,18,210.0,110.0,324,34,53.0,130,57.0,269,33,30,578,21,37,77,1300,181,150,72,454,137,985,116
243,35.0,201.0,292,117,141,86.0,97,142,132.0,146,934,1144,357,154,1185.0,127,107,77.0,46,33,14,196.0,130.0,350,38,61.0,151,52.0,277,25,23,418,19,41,103,1041,135,150,99,421,112,881,103
244,39.0,274.0,283,128,153,69.0,107,118,159.0,157,618,372,278,122,803.0,110,80,100.0,62,34,14,212.0,120.0,323,24,59.0,149,38.0,227,37,31,339,17,44,78,984,151,147,67,437,129,753,98
245,32.0,214.0,321,116,145,50.0,81,137,136.0,824,506,341,307,127,518.0,112,78,145.0,91,41,7,190.0,168.0,424,43,41.0,194,49.0,239,65,14,344,19,42,99,1000,198,183,71,432,145,754,79
246,38.0,197.0,476,163,148,53.0,88,104,130.0,527,438,390,391,140,516.0,132,72,94.0,54,23,15,226.0,163.0,420,17,60.0,189,58.0,372,107,14,339,23,37,89,1268,178,125,75,420,129,724,127
247,23.0,259.0,362,155,145,45.0,87,114,134.0,359,391,343,447,134,581.0,123,91,188.0,54,50,13,205.0,133.0,376,35,64.0,149,43.0,229,122,15,327,25,45,104,1421,172,153,59,489,129,791,107
248,21.0,202.0,318,133,140,34.0,87,143,131.0,214,428,336,375,145,663.0,132,113,377.0,49,33,18,201.0,116.0,399,37,101.0,135,48.0,243,89,23,912,16,49,98,1615,148,165,63,536,119,940,140
249,14.0,183.0,318,127,187,43.0,103,134,122.0,236,474,392,404,148,587.0,137,89,618.0,308,24,18,256.0,105.0,364,34,93.0,148,35.0,179,60,17,664,24,49,105,1431,161,164,72,459,114,813,96
250,28.0,203.0,368,152,167,37.0,92,135,116.0,210,403,355,326,135,464.0,124,97,238.0,260,26,19,186.0,129.0,341,26,64.0,159,41.0,214,52,14,581,22,40,77,1288,148,167,69,425,127,1037,165
251,28.0,249.0,511,154,172,40.0,92,333,148.0,166,413,379,311,127,920.0,118,77,120.0,144,32,16,207.0,136.0,378,27,106.0,129,40.0,216,51,18,451,17,41,85,1153,135,146,59,391,110,971,100
252,21.0,223.0,396,142,178,27.0,163,622,146.0,187,356,423,298,152,7183.0,128,90,131.0,87,44,16,192.0,128.0,379,25,73.0,159,37.0,205,37,21,443,17,28,82,973,209,160,46,362,101,875,70
253,25.0,203.0,316,143,183,41.0,84,245,164.0,459,353,423,368,111,10242.0,126,85,142.0,77,48,15,212.0,145.0,317,24,73.0,165,44.0,193,45,18,420,11,37,106,1152,203,180,54,401,120,858,87
254,24.0,1016.0,312,171,227,36.0,106,192,127.0,437,369,335,399,150,2549.0,111,67,137.0,64,47,18,220.0,138.0,376,35,89.0,170,43.0,167,47,26,445,20,30,99,1356,169,165,65,407,129,806,94
255,17.0,667.0,275,171,179,34.0,84,366,126.0,236,381,343,1901,99,1220.0,109,56,121.0,43,28,12,321.0,124.0,376,25,79.0,154,43.0,191,39,107,490,26,42,93,1661,147,148,56,457,102,786,79
256,33.0,535.0,226,155,189,33.0,90,259,145.0,189,422,352,1305,134,639.0,116,62,129.0,165,27,15,264.0,117.0,320,19,58.0,131,44.0,174,27,81,547,27,46,104,1311,156,188,51,379,129,737,72
257,38.0,442.0,271,156,187,37.0,95,187,144.0,219,360,368,812,114,608.0,97,78,107.0,113,20,14,282.0,121.0,376,29,69.0,121,34.0,133,27,51,342,22,40,82,1200,133,177,66,358,164,788,78
258,27.0,443.0,340,155,181,46.0,87,179,172.0,205,332,366,636,121,614.0,125,65,88.0,66,28,24,178.0,117.0,536,22,61.0,161,54.0,148,38,42,331,16,40,73,984,180,175,52,449,116,828,60
259,32.0,337.0,704,138,160,32.0,95,124,110.0,189,346,374,530,104,472.0,118,58,95.0,60,33,12,166.0,130.0,471,26,61.0,208,45.0,176,25,42,312,22,47,87,1073,140,185,64,355,137,783,84
260,37.0,290.0,494,180,173,33.0,87,116,151.0,140,352,435,460,123,570.0,111,46,93.0,60,47,11,203.0,127.0,434,23,75.0,1173,42.0,194,25,30,306,19,37,117,1091,167,152,69,363,127,731,79
261,26.0,318.0,357,190,175,27.0,100,122,144.0,258,341,327,512,137,558.0,114,62,174.0,71,33,21,219.0,141.0,387,20,61.0,740,36.0,184,37,16,387,9,48,109,1011,164,154,55,454,109,829,97
262,27.0,649.0,364,173,153,23.0,102,145,143.0,181,332,340,453,113,391.0,94,61,145.0,37,43,15,186.0,138.0,311,19,58.0,446,35.0,164,38,21,317,13,44,125,1100,177,155,59,363,147,1165,80
263,24.0,327.0,276,160,179,41.0,77,143,107.0,141,368,313,863,122,418.0,116,70,107.0,40,36,12,178.0,144.0,343,20,64.0,351,40.0,158,35,18,322,21,66,76,989,188,141,48,393,152,829,88
264,32.0,258.0,254,184,184,50.0,93,145,133.0,185,433,338,828,108,376.0,111,90,89.0,47,36,14,181.0,127.0,326,32,94.0,295,40.0,122,32,22,317,13,43,99,840,163,151,50,374,137,830,64
265,31.0,307.0,283,210,180,38.0,77,153,192.0,157,359,337,543,115,423.0,127,58,89.0,52,43,16,218.0,174.0,393,18,51.0,262,46.0,153,22,26,246,15,68,82,717,176,140,58,375,126,850,67
266,23.0,243.0,389,156,176,34.0,79,128,141.0,125,321,325,422,128,389.0,82,75,93.0,37,35,13,177.0,135.0,375,21,81.0,241,34.0,188,26,15,307,23,41,96,862,148,497,70,377,126,797,76
267,27.0,290.0,292,1334,209,34.0,82,115,149.0,191,378,342,509,129,424.0,92,59,62.0,54,25,14,197.0,147.0,417,19,54.0,249,48.0,185,50,13,404,14,33,90,1018,155,192,55,351,101,778,89
268,18.0,232.0,250,448,184,32.0,86,116,142.0,330,344,307,498,120,999.0,107,56,105.0,54,37,11,197.0,119.0,389,25,47.0,214,34.0,192,36,17,306,18,37,90,980,157,161,71,374,126,993,94
269,23.0,263.0,327,182,192,34.0,112,142,140.0,1132,339,309,404,141,1854.0,108,67,86.0,43,38,18,202.0,110.0,377,25,47.0,229,37.0,185,32,16,263,16,44,92,1017,159,154,54,426,118,1034,86
270,45.0,208.0,345,202,182,38.0,93,135,154.0,463,383,362,414,127,1113.0,120,71,85.0,37,32,22,202.0,137.0,368,23,48.0,220,41.0,171,37,16,277,15,40,75,915,161,177,49,358,131,770,63
271,36.0,233.0,301,311,180,47.0,92,121,152.0,572,327,381,460,127,641.0,109,86,80.0,30,34,22,188.0,126.0,529,24,35.0,218,34.0,186,25,14,299,15,37,82,848,187,153,74,381,114,1105,101
272,23.0,256.0,304,212,167,41.0,100,125,152.0,500,325,357,399,132,460.0,124,84,91.0,47,24,21,172.0,129.0,468,17,48.0,220,35.0,163,34,21,298,15,43,89,718,181,159,72,373,124,1069,106
273,51.0,252.0,346,178,201,28.0,86,112,152.0,367,359,338,365,198,465.0,117,87,64.0,47,51,14,173.0,166.0,674,14,55.0,171,31.0,193,34,16,326,9,41,114,1044,152,145,62,382,108,909,113
274,40.0,304.0,440,272,192,36.0,88,114,211.0,299,325,311,425,125,548.0,126,90,63.0,51,45,23,168.0,181.0,513,14,94.0,195,57.0,200,28,17,248,8,60,98,1059,151,139,62,357,110,970,95
275,33.0,266.0,421,209,220,26.0,90,106,134.0,252,332,304,445,117,614.0,112,80,69.0,52,37,19,171.0,171.0,373,27,120.0,206,31.0,178,25,9,300,16,51,111,1314,188,109,55,679,87,779,71
276,23.0,290.0,308,215,194,22.0,102,114,140.0,230,405,281,358,121,506.0,119,59,67.0,37,38,21,206.0,218.0,452,28,66.0,167,67.0,158,25,13,319,15,36,75,1493,148,147,46,621,86,748,82
277,10.0,222.0,292,498,193,39.0,88,138,226.0,222,409,340,1075,125,797.0,130,76,94.0,45,18,29,200.0,163.0,397,25,58.0,158,79.0,166,22,16,260,28,33,93,1564,147,140,53,485,105,642,73
278,25.0,245.0,260,285,222,32.0,104,132,141.0,209,490,381,527,127,745.0,115,72,61.0,153,27,21,192.0,286.0,385,17,55.0,144,59.0,162,21,15,213,14,30,88,1251,137,164,58,454,120,748,92
279,22.0,225.0,399,192,231,45.0,87,149,141.0,194,417,350,350,118,548.0,110,529,66.0,116,35,21,259.0,650.0,415,20,52.0,169,38.0,158,23,14,196,18,41,77,881,133,141,64,430,116,736,129
280,20.0,206.0,372,288,178,33.0,96,363,114.0,199,369,328,341,123,454.0,118,355,75.0,70,30,27,205.0,1041.0,422,24,42.0,175,52.0,184,26,22,296,11,33,74,916,152,150,80,378,108,734,144
281,22.0,236.0,324,195,170,35.0,75,381,101.0,173,378,379,1128,115,376.0,134,267,54.0,54,34,23,185.0,537.0,428,55,57.0,152,67.0,167,28,15,298,17,25,106,2346,148,425,49,382,121,735,83
282,28.0,213.0,257,211,148,36.0,110,334,83.0,162,382,284,767,124,454.0,129,147,97.0,40,43,21,207.0,244.0,421,71,37.0,110,45.0,186,33,10,261,14,25,91,3558,168,341,48,399,101,705,59
283,15.0,200.0,210,237,169,33.0,100,203,90.0,156,454,326,741,144,485.0,105,165,65.0,56,53,24,250.0,213.0,379,43,34.0,141,54.0,166,24,9,228,16,44,77,1859,176,320,52,372,123,646,81
284,26.0,178.0,216,219,169,42.0,103,161,128.0,148,373,332,686,142,405.0,121,111,64.0,45,35,22,197.0,196.0,358,28,39.0,141,55.0,165,20,15,249,16,43,87,1362,193,237,33,465,97,628,65
285,18.0,212.0,229,180,180,41.0,114,171,123.0,147,404,316,538,127,397.0,127,127,78.0,47,31,20,191.0,178.0,360,26,46.0,145,47.0,139,32,24,210,21,47,85,1361,176,235,34,412,122,751,69
286,22.0,212.0,235,256,186,36.0,104,120,149.0,169,425,337,536,126,365.0,126,104,65.0,59,46,21,208.0,187.0,404,16,47.0,106,43.0,159,18,16,195,16,36,80,1232,222,193,43,383,138,854,98
287,18.0,214.0,257,189,194,32.0,88,130,133.0,147,367,347,481,111,435.0,100,273,55.0,54,92,17,203.0,223.0,418,22,49.0,146,149.0,192,23,16,241,19,45,66,1426,174,160,72,376,127,733,104
288,22.0,236.0,252,2783,172,37.0,88,129,156.0,118,341,325,494,117,411.0,138,270,51.0,32,176,27,200.0,162.0,399,31,33.0,145,104.0,164,25,11,303,14,30,76,4219,218,156,47,426,141,797,99
289,15.0,221.0,285,537,216,31.0,77,160,162.0,102,351,265,474,123,409.0,124,161,446.0,34,89,17,229.0,105.0,345,31,46.0,161,44.0,201,22,14,236,16,38,114,3004,199,140,45,513,129,804,188
290,12.0,164.0,233,327,223,24.0,91,125,120.0,122,388,305,626,187,523.0,123,105,347.0,28,35,15,229.0,143.0,318,29,39.0,167,55.0,174,37,10,408,9,46,108,2052,179,124,67,418,102,800,82
291,18.0,186.0,209,269,184,24.0,92,158,126.0,100,447,292,447,100,371.0,131,137,149.0,32,42,40,211.0,138.0,319,20,92.0,145,34.0,180,38,10,377,19,56,94,1681,148,126,58,415,109,798,90
292,15.0,154.0,229,313,201,43.0,90,158,163.0,130,367,317,464,126,347.0,139,111,85.0,42,46,27,306.0,249.0,321,25,112.0,125,39.0,232,21,14,263,16,36,75,1887,148,118,78,406,107,808,87
293,15.0,1655.0,231,339,168,41.0,89,150,155.0,191,396,344,404,130,382.0,129,106,64.0,35,36,29,221.0,214.0,409,20,100.0,128,35.0,202,18,17,251,25,61,91,1333,180,134,67,416,115,782,79
294,24.0,1081.0,258,242,260,40.0,87,154,148.0,177,394,280,344,110,377.0,125,83,61.0,36,30,13,214.0,138.0,471,14,68.0,132,35.0,203,24,10,273,24,51,82,1246,202,162,69,418,99,734,85
295,20.0,549.0,267,249,216,27.0,80,245,148.0,112,406,268,383,101,428.0,108,89,46.0,34,40,19,216.0,110.0,546,14,75.0,165,42.0,299,21,12,204,10,39,87,1336,144,165,75,434,111,953,120
296,19.0,416.0,258,223,199,42.0,94,442,121.0,104,361,284,426,109,521.0,125,84,214.0,33,37,17,246.0,117.0,548,12,72.0,154,53.0,444,29,9,232,8,23,116,1250,183,140,68,368,114,744,88
297,16.0,363.0,226,162,190,21.0,123,341,115.0,81,342,258,398,132,547.0,113,81,129.0,26,25,20,261.0,128.0,478,16,66.0,178,30.0,257,24,15,223,13,44,96,1182,164,128,84,391,119,681,89
298,19.0,275.0,196,259,187,28.0,115,176,100.0,106,378,298,343,139,484.0,143,103,90.0,24,24,23,314.0,105.0,397,22,61.0,145,51.0,205,23,18,217,21,38,97,1626,148,135,72,450,126,649,93
299,22.0,270.0,246,956,187,26.0,100,350,142.0,94,394,288,361,131,368.0,113,96,67.0,40,17,13,256.0,121.0,370,21,45.0,142,50.0,212,25,15,289,16,47,103,1285,152,141,52,514,129,756,59
