,2015_Illapel_earthquake,2016_Taiwan_earthquake,2016_Sumatra_earthquake,2016_Afghanistan_earthquake,2016_Kumamoto_earthquakes,2016_Ecuador_earthquake,August_2016_Myanmar_earthquake,2016_Kaikoura_earthquake,2016_Aceh_earthquake,January_2017_Central_Italy_earthquakes,2017_Surigao_earthquake,2017_Leyte_earthquake,2017_Aegean_Sea_earthquake,2017_Jiuzhaigou_earthquake,2017_Ischia_earthquake,2017_Chiapas_earthquake,2017_Central_Mexico_earthquake,2017_Iran%E2%80%93Iraq_earthquake,2018_Swan_Islands_earthquake,2018_Hualien_earthquake,2018_Oaxaca_earthquake,2018_Papua_New_Guinea_earthquake,2018_Osaka_earthquake,2018_Hokkaido_Eastern_Iburi_earthquake,2018_Sulawesi_earthquake_and_tsunami,2018_Haiti_earthquake,2018_Anchorage_earthquake,2019_Luzon_earthquake,2019_Peru_earthquake,2019_Albania_earthquake,2019_Davao_del_Sur_earthquake,2020_Elaz%C4%B1%C4%9F_earthquake,2020_Caribbean_earthquake,2020_Oaxaca_earthquake
0,,702,1557,1175,2259,,1406,,,2452,,,,1344,42,46263,,,3291,,,550,,,,2535,7626,3024,817,4061,291,187,,2845
1,8301.0,3862,2191,1026,37600,32614.0,2617,10244.0,13502.0,6348,189.0,782.0,1721.0,4038,1345,34771,31257.0,11189.0,1018,3788.0,2390.0,2270,10756.0,12530.0,,1543,11029,5958,1873,25288,1826,7769,14694.0,3833
2,30630.0,593,777,372,25604,39581.0,1323,31827.0,12015.0,3667,2711.0,934.0,1546.0,7242,977,21791,49325.0,27491.0,387,19038.0,1947.0,1368,4565.0,15513.0,16455.0,1459,4505,12038,1462,31954,1171,15103,5849.0,1444
3,17082.0,2420,399,343,25125,29482.0,812,22555.0,7187.0,3684,3544.0,985.0,1314.0,17163,453,15682,32209.0,15159.0,257,12609.0,1564.0,18821,2190.0,7964.0,23954.0,872,4270,12282,940,25123,856,9567,2678.0,761
4,14704.0,8950,357,341,20537,18708.0,781,18205.0,4953.0,3283,2366.0,1620.0,844.0,9320,251,11562,25620.0,9927.0,356,7014.0,901.0,12744,1704.0,8150.0,17273.0,820,2638,9513,704,17874,509,6643,800.0,509
5,14247.0,7674,446,230,12923,15782.0,612,14569.0,3851.0,3463,2236.0,1393.0,497.0,4860,180,10485,23983.0,7610.0,289,6109.0,516.0,10018,1259.0,8866.0,19129.0,519,1874,7558,479,15161,429,5462,668.0,338
6,10414.0,7037,323,248,11556,14162.0,543,10992.0,852.0,3299,1944.0,1190.0,291.0,5004,136,7979,23192.0,6123.0,152,5606.0,384.0,6398,1115.0,6398.0,14073.0,447,1450,7008,304,12415,962,4745,589.0,251
7,5539.0,6330,236,410,9921,9809.0,297,10529.0,749.0,1187,1152.0,980.0,236.0,1892,163,6696,17657.0,6163.0,110,4267.0,300.0,4340,748.0,5550.0,6911.0,464,1332,7888,403,10828,349,1738,433.0,156
8,1757.0,5587,205,253,6765,10804.0,326,11457.0,575.0,883,779.0,722.0,187.0,592,160,3236,16484.0,5480.0,82,905.0,194.0,3938,789.0,5261.0,6018.0,369,881,4305,168,7984,221,435,261.0,168
9,963.0,4857,153,249,5776,10099.0,307,11879.0,449.0,586,1177.0,510.0,116.0,461,120,1516,14999.0,1263.0,98,641.0,230.0,3950,719.0,4627.0,6837.0,263,782,3595,174,7016,167,402,475.0,159
10,606.0,5326,117,246,5472,6869.0,456,8983.0,343.0,390,1343.0,789.0,125.0,316,77,1431,11929.0,587.0,72,565.0,243.0,3258,513.0,3835.0,7493.0,222,956,3304,110,2520,106,330,340.0,174
11,643.0,2100,120,120,4036,5879.0,364,7391.0,270.0,499,1085.0,813.0,103.0,296,76,8113,8987.0,335.0,87,519.0,153.0,826,5704.0,3252.0,6982.0,205,742,3853,117,2148,145,359,213.0,116
12,769.0,1549,120,77,3002,5200.0,291,5973.0,239.0,621,880.0,651.0,89.0,253,51,15174,9513.0,249.0,64,358.0,201.0,699,1626.0,726.0,5415.0,197,800,2420,118,2116,152,298,238.0,98
13,798.0,1484,168,96,2864,3909.0,230,5521.0,218.0,465,1123.0,496.0,77.0,286,57,5717,7686.0,360.0,251,545.0,158.0,444,2237.0,495.0,5313.0,134,603,1720,98,1855,103,282,275.0,99
14,608.0,1137,102,98,2219,2297.0,191,6462.0,174.0,365,771.0,373.0,60.0,287,64,3334,6208.0,331.0,151,394.0,101.0,339,802.0,406.0,3864.0,182,525,611,134,1384,113,198,254.0,141
15,531.0,833,87,83,1511,2633.0,177,7541.0,193.0,356,493.0,296.0,60.0,237,88,2520,5486.0,360.0,77,520.0,90.0,436,725.0,367.0,2914.0,191,414,485,164,1088,107,295,217.0,92
16,507.0,1161,79,66,1769,3444.0,154,6072.0,142.0,335,539.0,201.0,57.0,166,67,2082,4744.0,293.0,63,423.0,103.0,672,463.0,285.0,3129.0,145,422,456,123,905,77,229,180.0,86
17,429.0,1715,66,76,2280,3330.0,130,2643.0,88.0,334,530.0,211.0,56.0,150,67,1591,3819.0,315.0,59,306.0,108.0,496,345.0,193.0,3269.0,136,543,369,133,815,79,286,138.0,89
18,475.0,1319,98,85,2114,2737.0,171,1985.0,102.0,279,401.0,260.0,76.0,147,196,1236,2204.0,234.0,62,209.0,96.0,421,335.0,234.0,3476.0,141,445,326,90,730,95,198,134.0,62
19,599.0,994,89,53,1779,2319.0,148,1424.0,122.0,300,401.0,241.0,123.0,157,112,969,2970.0,265.0,50,322.0,96.0,445,297.0,271.0,3165.0,132,427,235,70,1192,86,195,139.0,84
20,624.0,759,75,74,1804,1805.0,174,965.0,123.0,305,368.0,210.0,72.0,145,94,968,3801.0,188.0,64,323.0,84.0,327,534.0,270.0,2613.0,102,377,219,79,902,138,174,165.0,72
21,630.0,608,88,60,1331,1059.0,99,1592.0,97.0,216,231.0,111.0,73.0,117,99,925,4035.0,490.0,66,278.0,93.0,286,658.0,218.0,2241.0,131,241,264,88,925,135,148,148.0,61
22,521.0,547,79,51,913,1479.0,122,1816.0,98.0,235,209.0,91.0,69.0,134,81,751,3407.0,231.0,69,271.0,41.0,370,834.0,204.0,1692.0,110,227,261,105,929,217,123,148.0,61
23,374.0,573,55,35,1216,1736.0,120,1487.0,97.0,214,766.0,83.0,34.0,105,54,773,3279.0,163.0,41,284.0,55.0,373,562.0,258.0,2205.0,88,304,248,169,1348,222,129,153.0,88
24,303.0,747,36,59,1617,2061.0,54,1644.0,90.0,186,547.0,104.0,59.0,77,72,752,2657.0,120.0,36,203.0,91.0,310,431.0,344.0,2283.0,94,333,239,120,842,142,170,111.0,83
25,376.0,712,56,64,1952,1650.0,98,1536.0,79.0,231,394.0,115.0,79.0,104,58,653,1619.0,151.0,40,179.0,69.0,328,372.0,392.0,2251.0,115,242,201,90,700,172,133,130.0,68
26,507.0,858,67,61,1933,1590.0,65,1144.0,54.0,237,349.0,153.0,49.0,89,32,593,2011.0,136.0,42,209.0,59.0,265,250.0,396.0,2102.0,95,332,153,97,867,130,144,132.0,76
27,407.0,763,64,30,1713,1264.0,76,830.0,114.0,207,279.0,123.0,39.0,101,44,562,2818.0,145.0,54,211.0,50.0,316,218.0,389.0,2033.0,122,569,160,90,682,114,144,162.0,73
28,370.0,519,73,54,1508,1247.0,71,1006.0,72.0,250,240.0,107.0,43.0,110,42,433,2486.0,135.0,106,262.0,67.0,364,222.0,400.0,1533.0,126,361,193,127,539,153,94,220.0,123
29,423.0,458,93,67,1129,1370.0,60,1250.0,106.0,239,197.0,99.0,37.0,115,63,394,2527.0,153.0,128,196.0,43.0,480,235.0,310.0,1313.0,144,288,195,113,643,196,89,122.0,137
30,292.0,581,66,46,1411,1793.0,43,947.0,101.0,220,240.0,134.0,15.0,147,173,456,2539.0,214.0,94,168.0,59.0,484,210.0,374.0,1595.0,183,229,187,70,630,145,292,134.0,108
31,257.0,617,57,72,2065,1594.0,30,866.0,72.0,152,264.0,138.0,20.0,217,122,596,2116.0,192.0,51,150.0,80.0,261,255.0,204.0,2014.0,187,327,168,94,550,166,191,86.0,80
32,334.0,487,50,56,1648,2971.0,47,856.0,124.0,177,316.0,127.0,29.0,177,79,574,1091.0,142.0,49,137.0,63.0,383,175.0,234.0,1800.0,211,445,189,82,483,111,166,121.0,49
33,394.0,508,89,53,1449,2254.0,47,656.0,123.0,259,225.0,153.0,67.0,128,62,534,1332.0,140.0,46,125.0,66.0,437,132.0,247.0,1533.0,187,344,152,79,466,102,136,159.0,59
34,369.0,426,98,34,1278,1206.0,54,569.0,129.0,324,205.0,129.0,30.0,175,75,528,2050.0,128.0,44,168.0,52.0,218,110.0,267.0,1652.0,117,294,185,59,473,79,119,188.0,57
35,384.0,335,73,39,891,784.0,38,616.0,128.0,237,93.0,126.0,22.0,124,53,414,1913.0,102.0,37,150.0,59.0,201,205.0,198.0,1352.0,143,283,175,94,408,105,91,118.0,41
36,365.0,294,102,47,777,961.0,44,722.0,114.0,229,109.0,169.0,26.0,103,44,315,1794.0,114.0,34,173.0,45.0,308,213.0,251.0,935.0,184,277,185,65,665,180,104,123.0,61
37,311.0,307,57,56,848,1176.0,29,664.0,71.0,213,126.0,112.0,24.0,87,35,346,1693.0,112.0,38,156.0,31.0,284,259.0,170.0,1196.0,211,226,171,56,510,138,168,134.0,55
38,209.0,363,32,60,1106,1216.0,41,608.0,64.0,136,195.0,127.0,39.0,93,42,520,1352.0,131.0,99,137.0,71.0,277,260.0,141.0,1434.0,277,217,142,63,443,154,158,113.0,41
39,263.0,425,66,52,1119,1263.0,35,589.0,51.0,235,143.0,133.0,50.0,69,41,444,1051.0,152.0,58,73.0,64.0,278,292.0,162.0,1427.0,231,264,135,219,412,127,125,63.0,40
40,705.0,315,50,42,1135,1055.0,29,446.0,62.0,243,143.0,147.0,40.0,82,27,359,2138.0,136.0,32,154.0,54.0,265,212.0,212.0,1531.0,157,331,160,220,475,75,111,129.0,29
41,626.0,296,49,22,932,950.0,37,458.0,95.0,237,117.0,116.0,49.0,127,27,358,2014.0,86.0,35,116.0,65.0,331,173.0,197.0,1290.0,102,337,125,827,559,69,88,108.0,41
42,555.0,258,61,51,857,643.0,41,426.0,142.0,243,73.0,127.0,33.0,119,31,338,1847.0,101.0,36,177.0,72.0,281,258.0,196.0,912.0,145,306,200,315,654,121,72,79.0,55
43,380.0,173,172,45,752,580.0,37,545.0,68.0,197,55.0,45.0,44.0,560,32,208,1913.0,158.0,30,134.0,30.0,334,206.0,189.0,754.0,203,215,219,233,577,134,56,89.0,61
44,259.0,225,131,26,839,1033.0,25,523.0,50.0,146,80.0,53.0,40.0,226,50,195,1872.0,142.0,26,147.0,50.0,422,225.0,153.0,1047.0,160,501,339,168,589,133,90,61.0,51
45,230.0,329,231,40,999,953.0,19,563.0,63.0,149,97.0,52.0,33.0,160,27,341,1501.0,165.0,25,117.0,56.0,343,208.0,114.0,1176.0,156,337,275,120,532,103,79,83.0,53
46,286.0,305,417,49,1053,837.0,31,674.0,37.0,167,68.0,115.0,34.0,216,35,449,942.0,119.0,33,101.0,60.0,296,173.0,133.0,1192.0,181,288,192,77,426,84,70,63.0,37
47,338.0,908,448,41,982,805.0,343,420.0,66.0,229,76.0,103.0,38.0,106,25,355,1359.0,101.0,49,86.0,57.0,331,156.0,153.0,1177.0,157,277,126,114,489,143,72,74.0,60
48,338.0,315,293,53,1009,750.0,34,336.0,51.0,237,86.0,199.0,41.0,127,32,267,1980.0,225.0,34,142.0,71.0,196,130.0,175.0,1238.0,103,323,150,88,521,100,75,156.0,52
49,354.0,220,269,35,864,610.0,62,398.0,52.0,256,79.0,150.0,52.0,93,30,251,1798.0,157.0,72,139.0,72.0,166,228.0,134.0,982.0,139,261,192,85,517,100,68,84.0,49
50,335.0,121,221,70,661,695.0,53,508.0,65.0,251,50.0,77.0,146.0,82,44,202,1716.0,119.0,68,117.0,45.0,213,280.0,142.0,736.0,168,151,133,98,525,109,39,105.0,59
51,298.0,175,152,68,777,823.0,38,599.0,50.0,145,78.0,57.0,60.0,88,31,324,1779.0,109.0,52,158.0,48.0,208,198.0,134.0,1032.0,203,206,187,118,395,115,92,134.0,56
52,391.0,204,149,66,1020,776.0,30,544.0,28.0,165,106.0,72.0,66.0,80,24,329,1279.0,125.0,32,112.0,55.0,200,201.0,106.0,1139.0,209,217,182,97,364,102,105,90.0,33
53,358.0,227,220,51,1043,772.0,30,598.0,26.0,213,268.0,101.0,60.0,72,20,339,841.0,148.0,39,77.0,75.0,159,171.0,135.0,1021.0,172,204,143,66,256,143,45,92.0,39
54,396.0,222,171,42,879,826.0,24,476.0,52.0,217,360.0,86.0,55.0,63,30,332,1571.0,142.0,41,83.0,85.0,189,129.0,173.0,1190.0,272,316,99,124,393,93,49,211.0,34
55,372.0,216,272,49,939,692.0,44,405.0,40.0,155,143.0,95.0,35.0,74,28,344,3279.0,151.0,33,112.0,60.0,144,131.0,163.0,917.0,200,282,147,90,413,77,87,182.0,40
56,452.0,201,133,62,882,452.0,28,435.0,47.0,181,87.0,82.0,46.0,59,38,309,2571.0,221.0,35,100.0,65.0,151,112.0,156.0,763.0,184,175,178,95,348,115,50,114.0,59
57,383.0,178,175,64,602,558.0,40,507.0,65.0,166,488.0,59.0,82.0,69,37,202,1857.0,192.0,26,109.0,36.0,238,146.0,138.0,613.0,222,132,222,93,436,112,51,192.0,38
58,308.0,211,82,53,731,823.0,21,507.0,65.0,119,298.0,104.0,24.0,47,24,302,1661.0,160.0,22,96.0,35.0,263,182.0,140.0,884.0,202,154,196,83,364,70,165,133.0,36
59,297.0,279,50,45,723,724.0,21,687.0,48.0,103,266.0,120.0,30.0,68,16,341,1308.0,189.0,18,89.0,61.0,251,155.0,89.0,973.0,171,200,178,113,689,110,109,79.0,34
60,343.0,266,84,56,829,696.0,23,550.0,40.0,135,170.0,155.0,34.0,53,23,322,799.0,285.0,16,84.0,65.0,249,151.0,131.0,1116.0,165,204,105,82,1011,85,91,64.0,26
61,329.0,356,123,49,796,631.0,32,441.0,52.0,140,177.0,178.0,47.0,66,16,282,1300.0,196.0,21,131.0,60.0,135,121.0,170.0,1212.0,109,218,138,71,592,35,82,67.0,35
62,338.0,380,120,71,850,523.0,30,325.0,65.0,170,95.0,128.0,170.0,74,21,286,1541.0,150.0,17,190.0,50.0,100,131.0,188.0,1079.0,73,198,149,58,870,50,71,99.0,44
63,353.0,290,99,69,636,473.0,47,468.0,59.0,175,91.0,137.0,64.0,87,25,262,1488.0,228.0,32,171.0,79.0,150,168.0,128.0,1077.0,97,180,179,72,1656,53,87,126.0,41
64,310.0,142,60,64,542,498.0,39,502.0,54.0,156,61.0,98.0,53.0,59,19,173,1310.0,224.0,25,156.0,28.0,136,168.0,150.0,886.0,158,136,157,75,846,85,48,139.0,32
65,185.0,200,49,63,617,618.0,23,504.0,64.0,153,53.0,95.0,37.0,62,21,297,1058.0,141.0,12,116.0,33.0,150,146.0,116.0,946.0,131,137,134,78,509,77,53,123.0,38
66,254.0,365,48,48,750,725.0,31,503.0,52.0,89,96.0,131.0,56.0,57,28,821,793.0,208.0,15,162.0,85.0,150,165.0,103.0,1186.0,161,185,102,56,528,68,66,74.0,35
67,221.0,236,56,40,830,653.0,40,564.0,46.0,123,82.0,152.0,51.0,32,10,663,703.0,167.0,11,91.0,92.0,148,183.0,114.0,1006.0,163,215,118,78,340,86,54,78.0,24
68,255.0,299,70,40,705,629.0,47,357.0,75.0,191,92.0,129.0,55.0,63,14,446,906.0,127.0,23,83.0,87.0,141,126.0,142.0,1211.0,174,236,88,109,376,59,92,95.0,25
69,280.0,470,69,53,768,504.0,39,242.0,71.0,147,60.0,115.0,39.0,67,12,331,1463.0,128.0,20,90.0,59.0,155,90.0,151.0,974.0,76,630,163,83,340,30,39,113.0,25
70,306.0,599,54,98,597,440.0,44,464.0,41.0,189,56.0,118.0,20.0,65,16,304,1563.0,146.0,7,107.0,57.0,152,139.0,161.0,802.0,88,681,117,84,388,39,59,138.0,32
71,252.0,640,72,75,470,462.0,46,439.0,57.0,159,55.0,57.0,36.0,65,15,231,1461.0,182.0,23,103.0,34.0,185,139.0,161.0,537.0,111,292,137,106,338,51,36,77.0,31
72,174.0,860,73,66,659,503.0,28,441.0,92.0,132,94.0,71.0,21.0,64,10,269,1449.0,204.0,13,125.0,30.0,223,219.0,99.0,684.0,126,254,135,73,328,55,53,90.0,31
73,186.0,760,47,47,771,498.0,35,413.0,60.0,133,57.0,111.0,29.0,44,13,357,1115.0,185.0,11,129.0,47.0,184,143.0,87.0,870.0,111,305,193,76,271,66,85,80.0,34
74,223.0,701,57,68,692,496.0,45,367.0,41.0,203,82.0,110.0,16.0,64,17,289,692.0,151.0,7,61.0,70.0,166,144.0,92.0,1073.0,76,291,161,67,225,61,101,75.0,49
75,335.0,508,77,50,673,477.0,46,320.0,45.0,315,78.0,132.0,31.0,61,10,279,810.0,146.0,22,79.0,56.0,123,110.0,112.0,1150.0,37,208,335,55,273,30,144,62.0,41
76,365.0,424,69,43,584,464.0,44,215.0,43.0,303,62.0,137.0,27.0,57,16,205,1373.0,101.0,21,118.0,42.0,69,106.0,111.0,798.0,32,187,239,59,293,40,109,63.0,53
77,324.0,285,66,50,510,353.0,27,299.0,59.0,364,145.0,115.0,27.0,37,14,182,1280.0,120.0,29,151.0,63.0,99,133.0,105.0,716.0,76,181,240,61,244,32,60,60.0,50
78,306.0,206,73,61,430,427.0,32,354.0,56.0,232,160.0,76.0,25.0,51,18,191,1243.0,155.0,15,106.0,52.0,145,127.0,94.0,532.0,51,144,233,84,212,67,56,70.0,61
79,228.0,223,42,56,577,472.0,36,361.0,45.0,123,73.0,90.0,25.0,57,17,163,1397.0,147.0,19,121.0,63.0,156,267.0,96.0,634.0,44,164,185,92,242,73,50,97.0,67
80,182.0,343,38,72,591,398.0,32,579.0,34.0,114,88.0,109.0,31.0,50,12,269,1096.0,150.0,19,61.0,61.0,173,508.0,79.0,775.0,52,230,181,73,250,68,47,81.0,36
81,195.0,347,46,54,548,464.0,37,460.0,24.0,123,89.0,127.0,14.0,55,7,299,668.0,122.0,24,67.0,94.0,134,1436.0,110.0,809.0,50,183,129,75,215,59,43,76.0,36
82,236.0,998,75,49,449,369.0,35,291.0,36.0,122,62.0,109.0,18.0,47,14,319,754.0,123.0,18,84.0,105.0,98,868.0,130.0,714.0,38,176,108,65,222,30,44,78.0,55
83,255.0,762,87,47,489,374.0,46,251.0,52.0,122,49.0,84.0,25.0,78,29,324,1236.0,110.0,31,71.0,51.0,91,548.0,162.0,626.0,48,192,148,73,478,45,60,87.0,61
84,224.0,322,56,46,357,243.0,45,313.0,30.0,129,46.0,69.0,28.0,58,81,295,1124.0,133.0,24,106.0,55.0,89,568.0,151.0,454.0,41,162,159,74,449,33,46,120.0,51
85,246.0,230,42,52,297,340.0,46,401.0,31.0,125,27.0,57.0,32.0,102,42,146,1088.0,113.0,24,137.0,43.0,147,519.0,124.0,457.0,43,128,246,101,231,60,42,96.0,48
86,218.0,175,59,32,403,1165.0,26,430.0,34.0,119,34.0,59.0,12.0,83,46,201,1042.0,134.0,23,85.0,35.0,135,353.0,144.0,15018.0,39,173,141,63,225,63,50,80.0,42
87,169.0,260,39,33,436,464.0,29,441.0,49.0,81,34.0,58.0,24.0,51,20,287,796.0,200.0,14,70.0,67.0,185,355.0,149.0,14113.0,42,190,135,50,209,53,47,69.0,40
88,187.0,305,37,40,460,445.0,51,394.0,25.0,101,52.0,54.0,21.0,82,25,252,470.0,168.0,16,76.0,48.0,156,363.0,146.0,8604.0,44,185,97,56,150,42,38,83.0,70
89,262.0,249,71,46,451,417.0,43,338.0,34.0,134,60.0,82.0,17.0,62,31,277,502.0,141.0,32,86.0,69.0,120,288.0,213.0,9174.0,32,177,119,64,205,42,54,106.0,69
90,277.0,247,80,19,434,364.0,50,278.0,42.0,150,60.0,55.0,19.0,66,26,390,805.0,95.0,28,76.0,67.0,98,223.0,164.0,6556.0,39,179,115,52,185,30,55,100.0,59
91,237.0,181,70,18,365,264.0,37,432.0,34.0,135,45.0,37.0,13.0,68,30,268,735.0,107.0,27,77.0,65.0,99,276.0,168.0,3907.0,39,160,148,60,185,38,51,128.0,59
92,315.0,125,271,36,393,320.0,64,493.0,35.0,144,36.0,41.0,18.0,29,13,199,681.0,111.0,27,102.0,19.0,133,271.0,132.0,2832.0,71,100,238,54,220,27,47,130.0,64
93,196.0,193,101,45,544,375.0,41,467.0,42.0,101,23.0,54.0,18.0,42,19,161,674.0,102.0,15,85.0,35.0,146,261.0,136.0,2295.0,66,129,279,82,234,48,41,72.0,41
94,98.0,231,49,33,458,380.0,39,452.0,40.0,92,42.0,47.0,13.0,40,22,260,445.0,100.0,55,72.0,93.0,131,149.0,107.0,1864.0,87,165,223,86,180,35,58,87.0,43
95,136.0,214,71,42,546,409.0,39,388.0,40.0,144,48.0,54.0,26.0,30,11,266,345.0,112.0,42,50.0,62.0,110,140.0,130.0,1538.0,81,152,153,101,184,26,71,123.0,42
96,113.0,202,94,27,540,334.0,67,332.0,38.0,144,52.0,67.0,29.0,55,14,263,359.0,97.0,60,57.0,63.0,109,97.0,156.0,1797.0,74,166,499,70,199,17,104,109.0,36
97,117.0,1525,79,22,474,284.0,110,252.0,61.0,154,42.0,77.0,21.0,117,16,222,609.0,155.0,40,65.0,61.0,103,89.0,145.0,1747.0,46,161,339,58,182,15,57,100.0,39
98,89.0,508,81,46,362,175.0,116,328.0,64.0,120,26.0,49.0,22.0,88,13,223,591.0,136.0,35,68.0,40.0,91,103.0,157.0,1379.0,53,158,262,80,200,31,79,96.0,45
99,83.0,261,104,28,250,225.0,114,407.0,41.0,120,27.0,38.0,18.0,74,12,153,719.0,113.0,14,84.0,29.0,140,139.0,167.0,1041.0,61,166,216,97,169,19,62,104.0,27
100,104.0,251,67,38,337,211.0,52,421.0,42.0,111,24.0,40.0,14.0,60,29,166,515.0,153.0,23,78.0,28.0,200,173.0,145.0,1422.0,46,123,205,86,167,21,68,109.0,32
101,129.0,302,46,29,403,300.0,29,489.0,45.0,91,26.0,43.0,24.0,66,12,178,540.0,128.0,14,48.0,41.0,282,138.0,107.0,1402.0,59,168,185,102,143,21,82,63.0,39
102,135.0,258,53,28,405,255.0,46,580.0,44.0,91,22.0,67.0,21.0,91,32,166,490.0,92.0,8,41.0,55.0,171,117.0,127.0,1216.0,66,160,163,94,136,80,59,60.0,28
103,111.0,267,68,37,397,246.0,33,271.0,47.0,152,25.0,42.0,16.0,66,15,158,483.0,89.0,21,57.0,38.0,76,131.0,136.0,1132.0,44,164,148,94,149,27,44,46.0,31
104,146.0,212,68,19,389,216.0,42,283.0,48.0,132,48.0,51.0,15.0,93,71,156,500.0,68.0,28,54.0,46.0,97,146.0,157.0,1097.0,35,159,183,83,177,13,110,72.0,40
105,263.0,173,71,19,381,196.0,37,351.0,43.0,104,54.0,48.0,19.0,71,141,111,686.0,106.0,34,56.0,43.0,86,191.0,124.0,880.0,43,124,180,147,183,12,56,86.0,46
106,158.0,152,57,19,322,185.0,58,439.0,63.0,137,27.0,37.0,21.0,65,63,109,701.0,114.0,13,78.0,36.0,119,215.0,124.0,658.0,53,109,171,126,148,26,43,81.0,46
107,117.0,261,44,25,302,275.0,40,480.0,57.0,90,24.0,32.0,12.0,42,54,114,1016.0,127.0,5,489.0,32.0,110,219.0,131.0,791.0,69,103,149,150,143,19,40,90.0,48
108,122.0,198,45,26,448,239.0,31,534.0,26.0,89,29.0,43.0,16.0,61,34,126,779.0,165.0,13,188.0,62.0,130,192.0,88.0,805.0,70,174,159,185,102,23,59,117.0,36
109,126.0,205,52,27,391,320.0,31,463.0,15.0,122,31.0,41.0,21.0,54,25,178,493.0,126.0,11,42.0,65.0,138,170.0,123.0,861.0,56,143,104,147,133,16,44,70.0,29
110,241.0,191,84,20,370,228.0,47,343.0,46.0,134,44.0,27.0,17.0,51,20,205,563.0,96.0,20,52.0,58.0,100,156.0,86.0,850.0,46,160,76,96,123,13,57,62.0,29
111,203.0,169,73,14,346,188.0,27,203.0,31.0,122,28.0,40.0,26.0,38,23,135,848.0,66.0,24,73.0,56.0,79,131.0,96.0,897.0,29,167,105,67,131,23,57,81.0,50
112,203.0,167,60,22,330,198.0,34,331.0,27.0,125,29.0,34.0,10.0,56,14,143,899.0,94.0,15,68.0,39.0,95,141.0,107.0,638.0,42,165,155,103,162,35,73,73.0,39
113,227.0,122,64,28,220,222.0,27,487.0,30.0,165,34.0,38.0,28.0,73,23,143,1471.0,143.0,9,78.0,49.0,154,137.0,121.0,549.0,59,150,196,158,181,20,46,74.0,19
114,173.0,135,54,16,267,227.0,26,503.0,41.0,130,33.0,20.0,18.0,45,19,137,938.0,107.0,12,146.0,43.0,136,160.0,113.0,686.0,42,98,192,113,189,14,46,71.0,38
115,121.0,182,37,27,292,486.0,16,494.0,20.0,91,31.0,20.0,22.0,44,31,118,779.0,127.0,25,165.0,60.0,109,172.0,122.0,702.0,48,177,198,110,137,20,32,66.0,100
116,147.0,1149,48,22,384,287.0,34,398.0,17.0,112,43.0,38.0,106.0,37,18,149,498.0,100.0,31,130.0,47.0,111,135.0,196.0,767.0,39,165,129,112,238,22,33,78.0,31
117,218.0,457,53,19,351,287.0,33,485.0,21.0,136,78.0,31.0,58.0,36,12,148,565.0,84.0,29,115.0,40.0,73,98.0,121.0,714.0,32,154,102,77,2218,37,43,56.0,52
118,233.0,238,50,13,273,235.0,27,267.0,29.0,105,61.0,29.0,58.0,28,21,269,816.0,49.0,25,149.0,49.0,73,88.0,122.0,694.0,36,217,209,76,829,34,50,75.0,70
119,214.0,215,46,15,263,238.0,36,347.0,46.0,145,33.0,24.0,33.0,45,24,199,930.0,64.0,29,132.0,35.0,88,147.0,127.0,624.0,39,157,259,122,627,16,40,96.0,75
120,187.0,104,82,30,232,367.0,45,373.0,28.0,124,25.0,21.0,46.0,55,19,128,902.0,109.0,37,124.0,23.0,88,156.0,135.0,451.0,70,124,177,125,373,25,39,79.0,43
121,177.0,125,30,12,261,332.0,38,448.0,18.0,84,23.0,25.0,26.0,42,9,139,913.0,85.0,14,79.0,66.0,96,131.0,101.0,562.0,70,87,220,182,345,13,51,60.0,43
122,101.0,158,29,21,307,304.0,35,418.0,20.0,127,52.0,30.0,36.0,28,15,207,761.0,113.0,13,75.0,85.0,79,103.0,86.0,641.0,48,114,236,152,302,19,43,84.0,24
123,119.0,139,38,24,329,272.0,16,353.0,20.0,112,48.0,77.0,33.0,29,9,231,457.0,108.0,17,59.0,55.0,96,175.0,195.0,570.0,51,170,105,198,275,20,62,43.0,40
124,183.0,124,53,20,313,261.0,46,266.0,17.0,109,63.0,76.0,23.0,34,11,342,595.0,53.0,13,73.0,49.0,77,90.0,142.0,622.0,41,164,114,165,284,17,46,50.0,21
125,207.0,127,34,16,288,241.0,39,256.0,37.0,124,61.0,56.0,22.0,52,11,298,840.0,40.0,21,98.0,53.0,76,100.0,137.0,593.0,40,137,120,84,252,12,39,79.0,44
126,247.0,143,49,15,299,179.0,54,297.0,30.0,91,30.0,38.0,15.0,41,4,217,1019.0,64.0,16,69.0,29.0,74,122.0,93.0,587.0,31,125,238,138,304,11,49,60.0,32
127,222.0,95,50,29,296,252.0,60,432.0,21.0,112,42.0,33.0,16.0,34,12,139,818.0,78.0,20,60.0,30.0,77,141.0,104.0,467.0,48,71,207,158,264,23,31,87.0,30
128,156.0,148,26,22,272,301.0,35,400.0,24.0,98,51.0,24.0,19.0,38,3,169,777.0,97.0,23,51.0,29.0,85,136.0,124.0,542.0,51,110,207,167,256,15,32,104.0,42
129,94.0,143,16,21,408,314.0,38,395.0,13.0,68,60.0,46.0,13.0,22,18,207,637.0,85.0,8,57.0,41.0,78,103.0,90.0,615.0,50,154,174,141,230,27,34,78.0,135
130,216.0,135,30,21,339,1307.0,48,517.0,20.0,145,76.0,87.0,12.0,34,12,221,351.0,87.0,25,63.0,48.0,79,113.0,76.0,572.0,33,187,113,102,165,22,38,53.0,138
131,232.0,125,30,39,1319,1026.0,48,527.0,35.0,184,61.0,88.0,18.0,50,15,187,506.0,70.0,17,53.0,41.0,68,87.0,129.0,616.0,31,123,108,106,185,27,49,76.0,159
132,248.0,84,45,51,1064,675.0,91,294.0,24.0,151,37.0,94.0,16.0,51,8,180,771.0,56.0,27,131.0,48.0,80,106.0,116.0,559.0,31,136,155,78,177,16,51,77.0,148
133,252.0,78,44,29,659,404.0,71,379.0,17.0,101,130.0,86.0,22.0,34,13,161,725.0,67.0,27,112.0,22.0,66,122.0,125.0,431.0,33,120,252,95,195,9,81,63.0,286
134,240.0,98,47,23,482,348.0,65,426.0,45.0,86,40.0,39.0,21.0,22,10,149,805.0,61.0,27,61.0,47.0,86,122.0,132.0,354.0,56,97,261,132,199,35,54,81.0,209
135,159.0,85,30,17,455,379.0,62,434.0,18.0,91,27.0,36.0,19.0,27,6,180,808.0,64.0,20,64.0,29.0,73,127.0,103.0,453.0,51,114,241,140,207,19,40,75.0,119
136,128.0,121,41,96,502,421.0,39,447.0,29.0,82,93.0,53.0,15.0,29,13,153,561.0,72.0,12,49.0,53.0,64,111.0,58.0,564.0,41,133,265,123,174,12,46,80.0,57
137,150.0,122,43,78,483,327.0,51,389.0,19.0,97,85.0,106.0,19.0,36,9,320,408.0,62.0,12,47.0,40.0,76,101.0,59.0,495.0,50,175,127,121,169,13,46,69.0,45
138,293.0,93,49,41,558,420.0,40,307.0,12.0,136,81.0,61.0,13.0,28,15,180,535.0,49.0,12,58.0,33.0,67,164.0,113.0,563.0,45,130,98,81,273,9,40,249.0,48
139,303.0,113,44,47,509,297.0,84,214.0,31.0,103,66.0,90.0,31.0,29,21,173,772.0,31.0,14,60.0,17.0,72,79.0,96.0,458.0,41,138,176,92,212,12,40,111.0,63
140,249.0,95,41,34,369,215.0,51,335.0,31.0,113,41.0,73.0,13.0,46,8,132,946.0,112.0,15,46.0,28.0,59,99.0,98.0,320.0,34,85,218,118,143,20,53,111.0,45
141,229.0,62,49,43,334,271.0,49,460.0,39.0,137,69.0,35.0,13.0,36,15,78,930.0,121.0,21,52.0,21.0,98,143.0,89.0,285.0,50,95,271,102,150,25,39,82.0,56
142,165.0,96,30,35,319,510.0,20,439.0,23.0,116,59.0,26.0,17.0,32,12,125,829.0,119.0,24,71.0,40.0,118,103.0,82.0,393.0,37,73,194,172,168,23,79,86.0,46
143,185.0,145,28,36,329,294.0,28,446.0,30.0,81,87.0,56.0,13.0,24,63,173,776.0,86.0,11,59.0,33.0,76,85.0,58.0,405.0,42,173,130,125,161,12,60,97.0,33
144,204.0,110,39,24,428,301.0,32,490.0,22.0,88,47.0,96.0,11.0,40,25,144,450.0,113.0,17,64.0,38.0,101,124.0,89.0,519.0,49,177,642,158,153,12,40,58.0,32
145,206.0,108,27,19,442,366.0,29,245.0,13.0,147,40.0,80.0,9.0,37,16,171,475.0,91.0,27,52.0,36.0,65,93.0,99.0,470.0,40,138,242,125,180,10,38,52.0,40
146,292.0,106,31,18,376,365.0,36,222.0,36.0,117,105.0,48.0,17.0,24,19,154,699.0,58.0,29,67.0,28.0,66,59.0,105.0,485.0,26,124,237,81,151,23,53,50.0,31
147,302.0,66,34,26,333,315.0,40,351.0,40.0,130,108.0,80.0,16.0,36,18,110,628.0,47.0,29,47.0,18.0,58,108.0,75.0,338.0,36,95,168,81,140,25,34,257.0,48
148,198.0,58,27,36,322,373.0,29,393.0,35.0,119,69.0,33.0,25.0,29,15,62,651.0,99.0,29,71.0,15.0,83,98.0,72.0,249.0,52,87,163,105,173,14,24,194.0,28
149,165.0,69,23,23,399,412.0,14,349.0,21.0,93,76.0,30.0,13.0,44,17,132,715.0,105.0,15,37.0,29.0,96,120.0,80.0,339.0,34,126,184,101,273,14,28,130.0,37
150,123.0,68,18,32,588,391.0,24,295.0,27.0,82,101.0,64.0,19.0,34,17,125,1229.0,72.0,15,56.0,27.0,113,84.0,53.0,447.0,30,141,190,132,212,11,30,86.0,50
151,158.0,66,27,25,492,484.0,23,244.0,29.0,104,83.0,93.0,26.0,29,20,158,5749.0,86.0,23,38.0,32.0,145,119.0,78.0,407.0,44,127,90,86,164,15,86,72.0,34
152,148.0,92,47,29,415,410.0,28,264.0,32.0,92,77.0,70.0,9.0,37,15,293,1367.0,66.0,15,43.0,52.0,97,102.0,79.0,460.0,38,136,123,172,173,18,79,64.0,23
153,163.0,110,25,29,388,389.0,21,2441.0,41.0,126,74.0,85.0,13.0,40,16,171,1467.0,60.0,24,61.0,97.0,66,74.0,71.0,437.0,31,166,171,69,244,12,71,76.0,56
154,182.0,82,30,49,404,185.0,27,2147.0,37.0,115,48.0,70.0,14.0,36,13,188,1184.0,61.0,17,52.0,52.0,114,99.0,90.0,341.0,13,87,204,45,209,6,55,58.0,34
155,141.0,50,26,20,308,314.0,20,356.0,24.0,104,59.0,29.0,10.0,23,14,90,986.0,106.0,17,67.0,28.0,118,100.0,87.0,186.0,46,113,198,80,215,18,51,66.0,36
156,146.0,76,25,22,336,364.0,13,333.0,29.0,106,96.0,41.0,12.0,34,21,133,896.0,90.0,13,42.0,20.0,124,129.0,90.0,304.0,34,98,179,113,134,16,50,62.0,31
157,115.0,98,27,27,483,928.0,24,277.0,24.0,55,78.0,69.0,5.0,28,8,138,724.0,74.0,11,40.0,48.0,108,101.0,89.0,437.0,39,134,195,102,181,14,42,66.0,32
158,154.0,91,17,20,405,635.0,36,284.0,52.0,85,88.0,53.0,11.0,18,13,123,489.0,153.0,15,36.0,47.0,85,89.0,79.0,450.0,41,177,177,123,216,15,34,64.0,23
159,231.0,91,30,29,451,527.0,21,265.0,34.0,107,79.0,58.0,19.0,53,13,149,706.0,75.0,27,45.0,46.0,95,95.0,93.0,392.0,31,139,125,80,165,14,39,49.0,35
160,257.0,75,27,18,362,368.0,20,178.0,48.0,114,78.0,45.0,16.0,63,10,129,931.0,88.0,30,41.0,39.0,91,73.0,90.0,351.0,21,108,195,58,164,16,32,69.0,30
161,204.0,61,30,31,469,342.0,23,225.0,63.0,124,67.0,36.0,15.0,39,12,148,806.0,63.0,19,36.0,26.0,132,152.0,128.0,303.0,24,112,142,108,162,13,43,69.0,38
162,159.0,78,36,25,270,371.0,14,329.0,70.0,84,64.0,25.0,12.0,54,16,923,822.0,85.0,28,35.0,15.0,263,137.0,96.0,277.0,50,91,173,139,177,11,39,73.0,37
163,155.0,90,29,21,307,374.0,18,279.0,68.0,71,82.0,13.0,23.0,29,9,264,901.0,135.0,7,38.0,51.0,189,169.0,100.0,334.0,42,92,172,125,126,12,33,60.0,30
164,107.0,90,23,26,423,401.0,14,266.0,46.0,66,109.0,32.0,18.0,27,17,301,771.0,119.0,19,34.0,36.0,195,107.0,95.0,409.0,31,129,157,147,138,13,49,51.0,28
165,133.0,83,27,33,353,418.0,17,246.0,30.0,81,69.0,29.0,8.0,22,14,252,356.0,87.0,22,36.0,35.0,174,79.0,77.0,438.0,25,135,95,114,129,19,38,47.0,35
166,197.0,89,29,24,345,387.0,26,295.0,13.0,92,63.0,22.0,17.0,27,8,157,487.0,78.0,25,20.0,48.0,94,154.0,75.0,412.0,23,130,144,112,112,9,42,58.0,33
167,217.0,71,42,10,361,326.0,20,156.0,24.0,93,38.0,11.0,15.0,22,14,164,681.0,59.0,25,29.0,44.0,81,96.0,89.0,362.0,16,160,198,90,105,10,32,225.0,31
168,273.0,77,23,22,300,296.0,25,230.0,50.0,81,26.0,21.0,17.0,56,12,131,723.0,54.0,19,47.0,20.0,86,115.0,78.0,339.0,26,147,140,110,98,11,22,86.0,47
169,236.0,55,23,18,274,319.0,17,369.0,22.0,84,40.0,12.0,10.0,29,21,91,675.0,71.0,25,53.0,43.0,82,143.0,740.0,241.0,31,79,130,137,108,17,27,74.0,56
170,185.0,70,26,22,333,353.0,18,324.0,33.0,85,74.0,22.0,17.0,28,39,130,576.0,74.0,22,67.0,72.0,95,109.0,402.0,318.0,33,195,152,142,106,15,31,75.0,85
171,112.0,104,25,16,346,312.0,24,355.0,38.0,93,70.0,9.0,14.0,25,21,175,540.0,94.0,28,36.0,80.0,84,126.0,148.0,476.0,37,135,115,105,138,12,34,59.0,55
172,140.0,90,27,18,346,311.0,18,364.0,8.0,83,101.0,11.0,20.0,18,12,149,311.0,51.0,23,32.0,41.0,99,129.0,135.0,393.0,37,161,92,118,114,25,32,70.0,39
173,266.0,65,40,15,413,328.0,24,305.0,22.0,88,75.0,21.0,16.0,32,6,177,380.0,69.0,27,57.0,45.0,70,74.0,124.0,451.0,37,123,106,89,115,21,33,37.0,30
174,165.0,89,26,22,373,301.0,23,203.0,31.0,136,59.0,23.0,14.0,50,16,212,586.0,56.0,18,37.0,37.0,70,91.0,122.0,436.0,15,116,143,71,110,12,33,71.0,37
175,174.0,92,216,18,365,210.0,28,263.0,26.0,86,40.0,18.0,10.0,31,9,175,572.0,75.0,30,68.0,31.0,119,120.0,113.0,350.0,24,110,208,111,134,20,26,81.0,71
176,202.0,71,145,28,305,233.0,27,360.0,35.0,88,44.0,25.0,7.0,26,9,134,518.0,82.0,19,52.0,24.0,96,111.0,98.0,230.0,31,73,170,141,124,15,40,138.0,72
177,174.0,64,94,31,400,274.0,18,382.0,20.0,55,77.0,29.0,20.0,46,6,122,531.0,95.0,14,48.0,34.0,101,109.0,100.0,397.0,37,136,619,119,136,24,43,123.0,48
178,118.0,97,74,14,351,344.0,22,399.0,27.0,73,92.0,10.0,9.0,33,16,165,448.0,71.0,22,34.0,28.0,115,228.0,106.0,350.0,27,193,537,134,110,9,40,88.0,31
179,143.0,96,70,16,370,405.0,17,451.0,18.0,98,57.0,17.0,46.0,17,10,166,277.0,95.0,25,35.0,34.0,107,132.0,83.0,407.0,22,175,253,110,79,20,39,52.0,25
180,181.0,106,53,24,393,320.0,18,303.0,13.0,105,64.0,29.0,20.0,24,17,180,295.0,70.0,31,61.0,28.0,96,155.0,133.0,460.0,22,124,164,81,92,10,58,63.0,36
181,164.0,95,50,12,397,228.0,11,164.0,24.0,128,68.0,35.0,15.0,25,23,150,504.0,55.0,19,70.0,30.0,89,128.0,107.0,461.0,18,103,241,60,140,14,55,66.0,23
182,175.0,70,50,18,323,218.0,26,362.0,13.0,97,84.0,59.0,20.0,35,14,129,585.0,58.0,10,52.0,32.0,81,133.0,126.0,368.0,28,117,182,76,115,13,32,40.0,50
183,186.0,53,79,33,265,236.0,18,455.0,22.0,71,62.0,31.0,21.0,57,13,84,582.0,78.0,12,45.0,28.0,92,117.0,106.0,278.0,27,94,160,113,115,13,30,47.0,32
184,146.0,64,99,20,296,295.0,12,311.0,19.0,247,67.0,18.0,10.0,50,20,90,686.0,70.0,18,66.0,68.0,89,129.0,79.0,277.0,27,86,169,260,94,17,24,53.0,21
185,95.0,88,39,25,357,365.0,21,342.0,18.0,154,81.0,53.0,16.0,31,13,139,491.0,63.0,9,51.0,29.0,107,113.0,74.0,376.0,26,116,115,240,72,15,36,53.0,29
186,126.0,82,51,19,376,329.0,30,390.0,12.0,90,75.0,54.0,11.0,26,9,93,282.0,60.0,9,35.0,63.0,78,114.0,87.0,413.0,18,128,111,198,101,11,33,40.0,30
187,163.0,80,45,38,349,259.0,24,307.0,30.0,97,57.0,60.0,23.0,45,9,112,301.0,68.0,18,28.0,68.0,75,74.0,98.0,349.0,17,103,95,188,102,7,26,36.0,35
188,169.0,57,74,22,365,303.0,25,188.0,30.0,88,73.0,64.0,20.0,30,16,151,450.0,43.0,14,46.0,53.0,64,76.0,89.0,407.0,25,127,72,167,107,10,20,79.0,64
189,163.0,61,97,20,809,152.0,15,300.0,39.0,60,39.0,60.0,15.0,32,15,120,439.0,50.0,23,42.0,52.0,70,119.0,115.0,322.0,25,111,94,176,87,10,34,47.0,131
190,121.0,40,83,40,335,182.0,24,435.0,12.0,80,38.0,29.0,22.0,21,9,72,468.0,64.0,7,44.0,31.0,83,129.0,96.0,248.0,32,75,870,187,62,9,50,74.0,130
191,89.0,53,45,27,472,313.0,18,391.0,37.0,59,48.0,20.0,9.0,44,16,94,405.0,73.0,24,33.0,26.0,120,110.0,65.0,365.0,36,83,353,165,104,14,34,61.0,148
192,68.0,100,53,16,380,333.0,14,370.0,18.0,69,67.0,47.0,17.0,17,15,139,398.0,91.0,11,25.0,40.0,107,135.0,53.0,432.0,40,98,713,162,76,17,24,54.0,70
193,66.0,91,75,15,389,693.0,15,400.0,17.0,94,85.0,65.0,13.0,37,12,139,236.0,70.0,19,61.0,31.0,122,129.0,93.0,376.0,24,129,345,180,89,8,57,68.0,50
194,122.0,70,54,22,386,337.0,21,257.0,20.0,84,76.0,50.0,16.0,31,12,147,203.0,56.0,16,65.0,38.0,101,116.0,84.0,375.0,22,138,316,126,100,9,70,104.0,70
195,118.0,62,52,15,354,268.0,13,169.0,40.0,76,64.0,64.0,7.0,26,6,145,405.0,44.0,20,29.0,41.0,55,91.0,84.0,409.0,14,131,421,86,355,14,48,83.0,56
196,131.0,55,75,22,383,162.0,14,295.0,24.0,87,43.0,62.0,14.0,31,10,115,396.0,49.0,22,48.0,34.0,79,104.0,84.0,979.0,15,94,480,76,146,11,47,80.0,40
197,125.0,36,62,16,198,319.0,16,334.0,22.0,60,39.0,25.0,11.0,36,27,82,418.0,75.0,17,49.0,23.0,101,84.0,70.0,382.0,31,98,441,121,109,12,31,44.0,35
198,106.0,54,58,21,336,343.0,15,355.0,28.0,73,64.0,34.0,2.0,28,10,84,525.0,52.0,18,69.0,32.0,82,99.0,60.0,294.0,36,81,531,123,99,24,53,60.0,43
199,76.0,61,23,22,387,321.0,7,297.0,12.0,53,64.0,51.0,16.0,15,9,123,407.0,72.0,21,38.0,43.0,100,119.0,44.0,374.0,30,108,539,112,93,10,53,45.0,36
200,87.0,65,50,17,353,317.0,15,246.0,6.0,71,64.0,117.0,18.0,33,8,133,254.0,63.0,20,29.0,44.0,124,132.0,67.0,391.0,43,111,341,92,75,12,53,50.0,27
201,134.0,398,55,22,398,304.0,41,198.0,23.0,53,39.0,56.0,20.0,39,11,127,273.0,65.0,23,24.0,43.0,83,138.0,82.0,364.0,41,113,221,73,103,6,31,36.0,54
202,147.0,301,42,24,340,271.0,43,133.0,15.0,87,53.0,68.0,18.0,52,18,84,456.0,53.0,32,32.0,65.0,85,99.0,73.0,303.0,20,95,285,60,87,4,46,58.0,42
203,161.0,196,65,22,300,202.0,27,170.0,11.0,100,42.0,43.0,12.0,58,10,62,429.0,54.0,26,40.0,68.0,78,114.0,92.0,246.0,23,98,364,101,77,9,35,59.0,49
204,143.0,99,48,23,206,216.0,13,269.0,15.0,103,113.0,15.0,10.0,49,11,45,467.0,63.0,21,34.0,30.0,75,114.0,75.0,200.0,47,81,317,121,139,17,28,63.0,69
205,115.0,108,28,20,282,286.0,31,266.0,15.0,97,98.0,21.0,18.0,52,15,62,445.0,40.0,19,44.0,51.0,80,142.0,66.0,298.0,31,96,358,77,99,7,36,59.0,49
206,88.0,126,40,26,331,275.0,15,277.0,20.0,68,143.0,21.0,19.0,37,9,100,375.0,62.0,20,34.0,51.0,65,133.0,59.0,439.0,24,100,304,106,74,32,39,53.0,59
207,104.0,112,59,21,370,299.0,18,275.0,15.0,92,155.0,40.0,12.0,33,6,99,197.0,80.0,25,37.0,51.0,74,106.0,83.0,475.0,30,90,231,69,80,24,63,29.0,30
208,202.0,184,55,16,296,293.0,22,165.0,12.0,83,82.0,46.0,14.0,42,3,101,345.0,64.0,47,33.0,55.0,71,117.0,143.0,408.0,34,92,159,92,73,32,37,28.0,20
209,207.0,116,51,13,302,199.0,26,172.0,12.0,81,112.0,44.0,14.0,55,25,117,520.0,65.0,27,48.0,69.0,38,93.0,73.0,355.0,23,76,203,60,72,19,35,54.0,26
210,207.0,103,49,12,244,164.0,15,202.0,11.0,89,94.0,43.0,11.0,41,6,105,534.0,77.0,26,35.0,72.0,60,95.0,54.0,321.0,27,84,417,39,125,11,30,45.0,63
211,261.0,75,51,20,289,389.0,17,299.0,29.0,91,82.0,23.0,10.0,33,8,72,498.0,52.0,30,33.0,33.0,91,124.0,80.0,289.0,38,70,312,40,156,19,33,212.0,29
212,276.0,78,52,12,442,537.0,13,306.0,51.0,68,129.0,28.0,28.0,31,13,75,463.0,53.0,19,77.0,44.0,96,144.0,56.0,371.0,21,83,277,52,138,5,40,91.0,32
213,205.0,100,47,21,472,419.0,12,251.0,33.0,59,178.0,69.0,23.0,25,13,104,493.0,70.0,15,69.0,45.0,82,137.0,55.0,514.0,28,82,278,55,111,11,21,167.0,24
214,594.0,100,62,17,419,476.0,12,250.0,49.0,64,109.0,68.0,13.0,47,10,104,269.0,51.0,20,46.0,63.0,76,169.0,65.0,506.0,28,80,222,63,80,44,32,118.0,20
215,555.0,121,61,14,396,428.0,24,221.0,57.0,168,82.0,46.0,17.0,28,13,164,301.0,46.0,15,56.0,71.0,137,129.0,73.0,474.0,18,102,137,57,68,16,25,64.0,35
216,370.0,102,49,11,412,339.0,6,154.0,30.0,493,87.0,44.0,14.0,37,16,97,475.0,55.0,16,64.0,66.0,113,95.0,86.0,392.0,15,337,223,59,118,23,35,81.0,22
217,329.0,105,48,35,323,280.0,9,212.0,21.0,221,72.0,42.0,24.0,34,8,95,545.0,79.0,18,62.0,31.0,146,128.0,85.0,361.0,17,303,178,73,83,19,30,69.0,22
218,294.0,109,53,39,266,346.0,13,281.0,12.0,179,58.0,32.0,5.0,36,16,64,393.0,89.0,10,72.0,29.0,147,111.0,72.0,231.0,26,1408,530,68,75,25,29,74.0,26
219,247.0,125,42,53,251,465.0,6,305.0,29.0,119,148.0,21.0,13.0,19,20,96,519.0,62.0,12,48.0,37.0,138,132.0,65.0,272.0,29,437,416,49,62,15,16,70.0,30
220,146.0,167,32,44,1428,519.0,10,239.0,19.0,91,163.0,42.0,14.0,20,7,84,535.0,62.0,7,50.0,46.0,107,111.0,48.0,304.0,20,330,326,67,72,45,45,74.0,28
221,152.0,134,40,43,2320,313.0,12,256.0,22.0,125,162.0,48.0,23.0,15,10,164,208.0,61.0,36,40.0,43.0,111,104.0,73.0,428.0,32,230,176,91,58,19,30,61.0,12
222,235.0,161,60,22,1013,361.0,14,169.0,41.0,97,157.0,41.0,17.0,29,11,194,212.0,59.0,26,47.0,50.0,70,69.0,77.0,392.0,29,160,183,55,54,27,37,58.0,37
223,190.0,145,47,22,654,322.0,8,150.0,38.0,107,133.0,37.0,14.0,19,3,144,400.0,63.0,19,64.0,50.0,67,81.0,79.0,414.0,12,138,240,64,87,8,38,62.0,29
224,167.0,108,61,27,457,234.0,14,171.0,40.0,129,67.0,29.0,19.0,23,9,147,466.0,62.0,55,43.0,65.0,76,114.0,73.0,308.0,35,598,226,59,72,23,45,66.0,29
225,166.0,66,35,33,409,298.0,13,190.0,52.0,140,74.0,18.0,9.0,25,7,68,358.0,52.0,22,53.0,82.0,107,121.0,72.0,226.0,34,190,201,110,79,37,37,64.0,20
226,97.0,90,49,52,446,396.0,14,252.0,47.0,97,112.0,47.0,10.0,24,13,63,436.0,68.0,21,51.0,89.0,107,116.0,50.0,238.0,26,117,274,174,63,25,32,59.0,25
227,71.0,95,38,25,483,396.0,8,247.0,51.0,90,156.0,32.0,19.0,28,13,105,453.0,45.0,8,41.0,97.0,430,110.0,67.0,341.0,44,103,276,190,65,27,52,49.0,16
228,90.0,97,49,22,459,412.0,18,186.0,35.0,114,88.0,35.0,16.0,16,14,144,291.0,62.0,5,32.0,102.0,609,129.0,60.0,349.0,34,83,152,147,57,19,50,49.0,18
229,171.0,134,63,15,382,325.0,6,165.0,46.0,113,68.0,30.0,17.0,23,16,91,274.0,65.0,18,40.0,76.0,371,100.0,99.0,419.0,23,105,154,143,68,16,79,63.0,16
230,190.0,103,68,24,334,322.0,7,141.0,39.0,148,110.0,40.0,20.0,28,15,125,455.0,57.0,15,33.0,54.0,273,131.0,96.0,425.0,21,84,201,124,47,14,85,87.0,23
231,155.0,85,75,18,267,177.0,20,169.0,42.0,161,68.0,48.0,9.0,27,18,76,580.0,57.0,10,32.0,46.0,273,97.0,81.0,298.0,18,102,248,109,69,17,46,70.0,28
232,162.0,74,71,37,219,225.0,12,211.0,43.0,207,69.0,23.0,18.0,31,21,52,511.0,64.0,11,41.0,37.0,331,119.0,82.0,226.0,17,88,198,133,73,14,34,64.0,29
233,186.0,69,59,25,281,364.0,13,206.0,18.0,390,61.0,20.0,14.0,22,13,62,444.0,60.0,8,31.0,53.0,247,156.0,80.0,267.0,19,93,187,188,74,16,56,68.0,29
234,68.0,92,15,32,316,439.0,7,214.0,29.0,225,58.0,31.0,16.0,16,12,105,418.0,57.0,10,47.0,65.0,126,217.0,80.0,389.0,31,89,300,173,56,30,29,39.0,17
235,96.0,103,33,32,341,468.0,10,285.0,12.0,222,58.0,37.0,27.0,27,10,107,201.0,50.0,6,62.0,68.0,117,139.0,104.0,355.0,30,75,102,147,70,30,49,48.0,31
236,167.0,106,58,26,377,493.0,12,154.0,25.0,182,70.0,37.0,13.0,24,10,108,289.0,40.0,4,59.0,53.0,72,120.0,115.0,400.0,15,80,90,88,68,16,55,66.0,34
237,202.0,98,52,19,378,357.0,17,123.0,38.0,169,43.0,48.0,18.0,26,17,83,476.0,45.0,9,89.0,64.0,60,70.0,68.0,345.0,17,86,351,61,93,9,42,63.0,20
238,158.0,81,53,23,239,202.0,14,173.0,18.0,119,43.0,28.0,19.0,23,14,71,442.0,55.0,20,69.0,43.0,74,126.0,85.0,338.0,24,73,307,129,104,23,42,74.0,16
239,189.0,86,72,16,223,292.0,10,221.0,34.0,124,49.0,16.0,4.0,17,10,93,667.0,44.0,25,78.0,39.0,93,123.0,91.0,221.0,27,64,166,146,116,50,51,59.0,27
240,145.0,108,39,25,249,373.0,11,321.0,23.0,106,70.0,32.0,12.0,19,17,93,466.0,45.0,26,56.0,46.0,101,157.0,69.0,301.0,22,76,123,134,100,48,47,57.0,15
241,89.0,104,37,45,289,328.0,11,268.0,12.0,96,71.0,48.0,17.0,18,10,100,401.0,52.0,22,57.0,65.0,87,135.0,71.0,328.0,28,89,152,159,104,30,66,45.0,13
242,134.0,110,65,98,264,338.0,10,192.0,14.0,120,51.0,44.0,17.0,11,8,135,214.0,51.0,18,27.0,67.0,78,121.0,68.0,318.0,25,72,104,138,74,17,39,48.0,12
243,165.0,100,56,68,323,298.0,7,188.0,31.0,100,72.0,36.0,8.0,14,7,111,293.0,41.0,20,59.0,54.0,62,111.0,79.0,307.0,18,86,60,127,137,19,48,48.0,23
244,166.0,396,70,26,329,223.0,13,129.0,23.0,205,73.0,37.0,7.0,37,19,99,685.0,38.0,23,50.0,54.0,49,86.0,69.0,347.0,16,81,72,116,85,16,58,64.0,15
245,154.0,248,67,21,253,179.0,18,146.0,17.0,394,43.0,44.0,16.0,28,10,89,560.0,107.0,33,42.0,33.0,72,118.0,84.0,299.0,15,86,74,142,81,30,49,65.0,21
246,234.0,88,88,25,183,152.0,9,212.0,26.0,279,33.0,17.0,10.0,29,23,41,460.0,52.0,18,56.0,36.0,108,108.0,65.0,253.0,32,77,53,180,79,18,48,50.0,20
247,135.0,73,75,15,244,370.0,19,322.0,23.0,219,32.0,22.0,17.0,25,23,53,492.0,45.0,14,40.0,33.0,103,97.0,79.0,213.0,28,73,25,264,77,81,40,35.0,28
248,94.0,92,62,24,233,349.0,8,222.0,18.0,166,57.0,28.0,14.0,48,17,99,357.0,45.0,10,38.0,56.0,73,108.0,65.0,275.0,21,134,88,355,59,36,49,46.0,23
249,129.0,111,64,24,285,301.0,12,169.0,15.0,138,33.0,23.0,11.0,24,8,104,251.0,32.0,12,36.0,52.0,97,166.0,40.0,272.0,24,114,98,111,45,34,48,44.0,16
250,194.0,107,62,6,180,162.0,8,221.0,53.0,136,43.0,26.0,16.0,23,12,137,274.0,28.0,12,28.0,86.0,71,96.0,81.0,270.0,13,84,62,115,54,20,35,61.0,11
251,166.0,104,72,14,148,150.0,21,116.0,26.0,143,53.0,15.0,12.0,19,12,97,432.0,38.0,24,30.0,56.0,72,99.0,83.0,226.0,19,83,90,58,63,25,45,58.0,13
252,183.0,73,59,23,169,123.0,9,169.0,17.0,72,34.0,78.0,17.0,21,13,95,459.0,173.0,29,30.0,41.0,84,105.0,68.0,264.0,14,68,75,79,100,23,41,48.0,19
253,182.0,63,63,16,122,180.0,16,188.0,14.0,116,37.0,64.0,15.0,32,17,68,422.0,69.0,16,48.0,66.0,86,114.0,59.0,221.0,20,64,65,94,134,32,32,61.0,24
254,137.0,89,30,13,146,233.0,13,248.0,32.0,84,32.0,49.0,15.0,30,13,65,429.0,65.0,8,47.0,47.0,91,106.0,61.0,217.0,33,60,68,89,100,58,30,67.0,24
255,81.0,99,22,12,214,182.0,11,296.0,21.0,59,50.0,40.0,22.0,22,20,154,319.0,58.0,1,29.0,56.0,73,103.0,44.0,285.0,21,62,71,129,74,59,44,70.0,38
256,94.0,94,135,18,222,224.0,13,188.0,14.0,77,43.0,34.0,19.0,26,10,109,208.0,41.0,11,28.0,68.0,91,116.0,59.0,491.0,29,81,58,119,60,69,33,48.0,22
257,116.0,89,129,8,250,165.0,23,168.0,28.0,98,44.0,22.0,10.0,23,14,98,258.0,46.0,8,48.0,50.0,66,70.0,59.0,303.0,27,69,73,52,71,49,30,41.0,34
258,172.0,63,130,11,214,184.0,16,124.0,39.0,78,28.0,27.0,32.0,14,14,110,414.0,43.0,18,71.0,52.0,56,74.0,70.0,259.0,13,78,98,72,74,28,39,52.0,44
259,178.0,73,139,16,197,174.0,16,158.0,64.0,81,24.0,17.0,19.0,10,24,94,457.0,67.0,11,386.0,39.0,95,98.0,57.0,229.0,16,70,192,79,78,38,41,77.0,26
260,149.0,36,119,14,271,150.0,11,184.0,30.0,81,13.0,18.0,18.0,31,28,61,430.0,47.0,15,151.0,33.0,80,94.0,59.0,231.0,19,45,333,79,59,37,31,40.0,21
261,124.0,52,102,14,231,215.0,7,255.0,22.0,79,16.0,18.0,11.0,21,27,63,364.0,40.0,22,61.0,34.0,93,107.0,87.0,225.0,26,76,259,95,74,50,42,50.0,36
262,73.0,53,109,20,166,301.0,10,233.0,13.0,53,33.0,18.0,15.0,14,7,131,374.0,51.0,51,59.0,42.0,77,97.0,75.0,311.0,24,76,225,75,55,42,39,39.0,19
263,93.0,73,84,23,297,344.0,8,227.0,19.0,70,19.0,13.0,12.0,20,24,104,202.0,44.0,41,48.0,48.0,83,114.0,58.0,396.0,20,74,107,93,63,44,39,31.0,16
264,148.0,97,161,14,295,289.0,16,193.0,20.0,87,34.0,16.0,22.0,15,16,107,280.0,52.0,45,44.0,38.0,66,78.0,66.0,348.0,14,122,106,75,64,41,29,44.0,15
265,151.0,82,191,20,307,220.0,18,111.0,33.0,87,33.0,12.0,19.0,13,13,91,431.0,39.0,24,46.0,45.0,50,95.0,52.0,287.0,14,117,308,47,61,35,42,62.0,26
266,151.0,69,118,7,228,173.0,15,160.0,12.0,74,35.0,8.0,20.0,21,29,100,374.0,51.0,31,100.0,34.0,88,102.0,62.0,231.0,20,84,359,52,64,146,26,93.0,18
267,188.0,50,124,17,169,215.0,16,239.0,13.0,61,30.0,10.0,12.0,18,22,67,386.0,77.0,22,97.0,34.0,82,112.0,80.0,225.0,17,60,323,61,71,85,42,64.0,26
268,144.0,88,77,15,313,280.0,7,273.0,17.0,56,37.0,16.0,9.0,18,15,74,421.0,69.0,19,59.0,29.0,71,87.0,53.0,248.0,27,72,288,79,32,72,39,90.0,19
269,71.0,98,77,17,293,278.0,11,252.0,13.0,40,43.0,11.0,8.0,14,8,102,310.0,65.0,15,43.0,57.0,116,165.0,47.0,490.0,29,92,259,83,63,71,68,26.0,8
270,83.0,89,81,16,276,290.0,10,283.0,22.0,55,35.0,15.0,16.0,22,17,112,218.0,60.0,18,33.0,48.0,100,115.0,54.0,379.0,33,89,184,65,71,69,64,51.0,60
271,122.0,98,77,10,248,276.0,19,230.0,26.0,71,50.0,12.0,29.0,28,13,130,307.0,33.0,22,57.0,44.0,74,64.0,67.0,316.0,39,200,176,68,59,43,85,47.0,33
272,129.0,105,87,21,216,212.0,20,154.0,24.0,66,47.0,11.0,7.0,15,36,112,507.0,52.0,21,197.0,45.0,57,67.0,53.0,278.0,122,129,310,38,58,44,65,51.0,28
273,119.0,53,70,19,204,142.0,22,200.0,17.0,57,28.0,14.0,18.0,31,18,77,376.0,45.0,12,149.0,41.0,64,69.0,57.0,272.0,38,64,291,50,79,44,53,59.0,12
274,122.0,41,95,18,159,189.0,19,229.0,23.0,67,30.0,8.0,12.0,37,21,52,278.0,80.0,15,51.0,24.0,89,118.0,69.0,277.0,34,78,215,78,55,51,32,85.0,27
275,84.0,89,75,14,172,178.0,22,210.0,22.0,61,71.0,5.0,14.0,28,23,96,287.0,48.0,6,49.0,35.0,89,94.0,70.0,270.0,34,123,199,92,59,59,46,65.0,20
276,65.0,91,55,20,252,248.0,13,264.0,65.0,32,109.0,10.0,18.0,28,28,88,297.0,56.0,8,52.0,61.0,87,108.0,50.0,267.0,27,90,201,79,48,69,58,145.0,26
277,105.0,99,53,17,270,233.0,22,209.0,36.0,61,87.0,17.0,28.0,27,13,77,212.0,48.0,14,33.0,51.0,80,98.0,67.0,215.0,23,94,129,82,49,48,35,148.0,12
278,113.0,84,101,10,285,269.0,20,166.0,38.0,61,73.0,29.0,27.0,15,13,102,257.0,48.0,10,26.0,29.0,180,73.0,51.0,220.0,15,97,107,65,67,49,31,141.0,8
279,113.0,101,153,12,244,152.0,58,137.0,29.0,54,63.0,10.0,8.0,19,13,83,322.0,81.0,24,50.0,32.0,71,53.0,66.0,281.0,29,94,152,37,64,45,28,206.0,28
280,123.0,83,1116,8,229,113.0,30,170.0,34.0,59,38.0,12.0,10.0,15,18,62,279.0,72.0,17,51.0,32.0,67,58.0,85.0,266.0,19,76,211,59,64,51,1348,233.0,19
281,128.0,58,650,18,136,188.0,17,206.0,26.0,59,40.0,16.0,9.0,20,16,75,310.0,59.0,22,43.0,24.0,90,90.0,66.0,487.0,19,73,212,90,63,63,1280,176.0,13
282,83.0,148,358,11,186,221.0,32,244.0,20.0,38,62.0,5.0,11.0,13,16,98,325.0,72.0,11,49.0,30.0,66,76.0,55.0,643.0,20,70,172,73,71,74,742,93.0,16
283,72.0,149,283,10,170,235.0,18,211.0,19.0,45,87.0,9.0,11.0,17,12,133,246.0,49.0,7,39.0,58.0,110,85.0,45.0,481.0,24,180,132,63,61,57,905,74.0,10
284,84.0,124,285,14,276,177.0,6,225.0,30.0,34,92.0,10.0,15.0,18,14,121,250.0,52.0,13,38.0,56.0,88,90.0,53.0,369.0,11,357,127,59,68,56,769,62.0,19
285,130.0,126,337,14,181,188.0,24,98.0,23.0,63,64.0,13.0,21.0,16,14,77,269.0,56.0,13,41.0,61.0,81,50.0,76.0,278.0,9,89,116,59,71,72,337,74.0,11
286,108.0,94,221,10,203,151.0,14,97.0,20.0,58,62.0,14.0,21.0,19,21,74,293.0,125.0,13,80.0,39.0,39,71.0,262.0,242.0,16,82,127,36,69,36,221,86.0,16
287,89.0,87,231,14,177,123.0,36,165.0,59.0,62,41.0,8.0,18.0,31,19,75,282.0,208.0,17,49.0,76.0,74,73.0,189.0,258.0,17,94,225,44,83,40,143,79.0,14
288,105.0,86,153,14,132,159.0,22,239.0,56.0,75,37.0,9.0,12.0,13,19,69,267.0,114.0,18,48.0,68.0,76,85.0,102.0,222.0,6,65,188,72,69,51,91,63.0,15
289,96.0,102,73,11,168,241.0,27,248.0,52.0,38,48.0,11.0,23.0,13,13,71,291.0,98.0,14,41.0,44.0,78,81.0,66.0,406.0,19,65,164,66,80,59,137,60.0,23
290,80.0,136,140,4,207,246.0,20,232.0,20.0,39,67.0,6.0,20.0,18,10,70,230.0,79.0,8,38.0,60.0,78,77.0,43.0,315.0,29,73,185,82,61,86,128,79.0,23
291,82.0,230,143,13,226,244.0,10,210.0,29.0,40,69.0,14.0,21.0,18,22,103,207.0,64.0,10,29.0,35.0,73,96.0,46.0,656.0,17,272,128,92,81,76,121,56.0,20
292,81.0,141,117,16,191,234.0,24,227.0,30.0,61,35.0,18.0,25.0,20,16,61,223.0,53.0,8,47.0,62.0,59,85.0,77.0,262.0,18,79,94,31,77,87,83,66.0,20
293,69.0,159,104,14,213,163.0,18,149.0,30.0,46,46.0,6.0,16.0,21,21,64,294.0,53.0,16,147.0,52.0,54,53.0,65.0,256.0,14,68,130,24,84,75,68,62.0,30
294,81.0,229,81,14,175,142.0,13,204.0,36.0,39,39.0,7.0,29.0,21,10,52,305.0,51.0,7,90.0,46.0,96,56.0,58.0,254.0,17,75,122,44,91,93,70,59.0,16
295,85.0,98,69,8,179,204.0,30,378.0,26.0,45,30.0,7.0,20.0,15,17,57,324.0,44.0,14,38.0,21.0,91,88.0,50.0,184.0,17,52,148,26,74,171,62,45.0,14
296,82.0,87,42,16,206,231.0,26,327.0,32.0,46,48.0,5.0,12.0,21,12,85,264.0,59.0,16,42.0,31.0,77,72.0,60.0,258.0,20,83,118,51,64,170,54,73.0,17
297,53.0,132,44,10,254,228.0,12,352.0,18.0,37,69.0,3.0,8.0,14,20,83,283.0,69.0,9,76.0,43.0,65,82.0,51.0,340.0,14,67,106,110,77,174,43,66.0,23
298,89.0,125,65,2,224,279.0,17,292.0,16.0,67,50.0,15.0,15.0,23,16,83,192.0,105.0,10,59.0,45.0,86,87.0,39.0,260.0,18,99,83,65,102,154,37,51.0,12
299,85.0,114,101,6,169,227.0,13,506.0,15.0,220,56.0,7.0,19.0,22,14,78,210.0,66.0,9,58.0,43.0,73,78.0,49.0,280.0,18,60,52,40,79,136,39,57.0,23
