,2015_Bangkok_bombing,2015_Chattanooga_shootings,Umpqua_Community_College_shooting,June_2016_Tel_Aviv_shooting,2016_shooting_of_Almaty_police_officers,Botroseya_Church_bombing,August_2016_Gaziantep_bombing,July_2016_Kabul_bombing,Orlando_nightclub_shooting,Sagamihara_stabbings,Al-Faqma_ice_cream_parlor_bombing,Manchester_Arena_bombing,2017_Nasiriyah_attacks,2017_Peshawar_Agriculture_Directorate_attack,Quebec_City_mosque_shooting,2017_Quetta_church_attack,2017_Sinai_mosque_attack,Sutherland_Springs_church_shooting,2017_Tehran_attacks,Ahvaz_military_parade_attack,Campinas_Cathedral_shooting,Carcassonne_and_Tr%C3%A8bes_attack,2018_Minya_bus_attack,2018_M%C3%BCnster_attack,2018_Ouagadougou_attacks,2018_Strasbourg_attack,Thousand_Oaks_shooting,Toronto_van_attack,2019_Altamira_prison_riot,"Aurora,_Illinois_shooting",2019_Dayton_shooting,2019_Jolo_Cathedral_bombings,17_August_2019_Kabul_bombing,Paris_police_headquarters_stabbing,2019_Sri_Lanka_Easter_bombings,Kabul_gurdwara_attack,Pakistan_Stock_Exchange_attack
0,174,6712,45548,1209,665,,588,2522,338,48710,637,143,697,1637,,997,,90886,18326,,526,696,842,,,,,,,,96988,1056,,3285,77726,44,28
1,22,19600,95791,5563,1056,,5191,19067,2457,26441,1227,1053,940,1189,77873.0,1562,,154471,50008,,2258,12115,1142,3389.0,,5195.0,33217.0,60776.0,1075.0,14471.0,99738,17836,13180.0,3876,181118,1179,28
2,19215,16850,41708,2695,352,1825.0,19900,18548,319,16610,450,13138,4827,612,56655.0,569,6544.0,70353,22077,11.0,667,21548,1098,2424.0,5156.0,36004.0,28544.0,46141.0,961.0,4409.0,81411,20775,27711.0,2699,102911,3619,31
3,19580,10282,29937,1218,336,11877.0,14008,6997,373,12659,312,387,7107,481,23493.0,317,28331.0,48818,8713,19123.0,250,22001,1000,968.0,10576.0,36104.0,12102.0,26875.0,21660.0,3547.0,58215,19461,17210.0,2079,67470,3786,2608
4,20143,10225,28625,1387,319,9523.0,9893,4835,152,9744,204,145,6993,255,15101.0,197,12650.0,31327,7148,15509.0,159,5994,363,534.0,6404.0,19221.0,7619.0,18144.0,21815.0,3013.0,53423,13400,13698.0,1475,56574,2556,4735
5,15361,17554,22483,1264,202,5262.0,6315,4137,202,7836,291,154,4130,227,12552.0,169,8664.0,19576,7654,11474.0,121,3236,223,252.0,4789.0,14621.0,12520.0,13768.0,14749.0,1887.0,40760,11698,15875.0,1281,41678,1763,3244
6,11365,15009,17651,999,249,4816.0,4926,3527,129,8697,235,110,609,181,9949.0,156,7601.0,16671,7755,10339.0,149,1958,209,146.0,3630.0,16876.0,8995.0,12349.0,9446.0,1684.0,30317,6481,6411.0,1118,36368,1233,2897
7,13127,7369,14017,622,112,4551.0,4165,2943,101,7686,105,88,264,126,9300.0,81,6067.0,17600,5685,6817.0,59,1266,136,98.0,747.0,12090.0,5208.0,10897.0,8996.0,1042.0,24966,5473,4948.0,767,32807,1831,600
8,9699,6142,14202,382,200,5160.0,4904,2902,99,2720,149,51,96,92,5246.0,95,4918.0,19669,931,6335.0,38,937,134,143.0,164.0,9489.0,3985.0,5304.0,8520.0,845.0,22384,3326,5503.0,601,31085,604,217
9,7852,5531,10090,271,69,4849.0,365,3502,98,923,114,49,87,56,3928.0,76,5138.0,13672,635,6069.0,40,725,63,146.0,109.0,8349.0,2773.0,4250.0,6768.0,859.0,19925,2456,6894.0,428,27365,387,204
10,7391,5681,7781,224,46,810.0,268,965,112,884,80,23,78,93,3529.0,73,6195.0,14476,464,1301.0,42,587,62,132.0,136.0,6710.0,2244.0,3828.0,8519.0,878.0,12374,3981,6118.0,246,13502,418,174
11,6301,4988,7175,187,28,266.0,177,210,79,528,55,23,73,79,2311.0,78,4747.0,6461,742,654.0,32,470,60,89.0,111.0,5611.0,2391.0,3375.0,7539.0,1093.0,11678,1420,5171.0,381,9892,392,147
12,6396,3664,7686,148,25,172.0,148,238,63,543,33,69,73,66,2059.0,67,466.0,3113,1494,496.0,26,395,53,134.0,87.0,2999.0,2349.0,4646.0,4125.0,652.0,7172,827,5977.0,238,7627,312,107
13,6116,3659,6675,150,35,150.0,140,126,66,549,59,133,77,73,1650.0,49,792.0,2443,662,372.0,27,338,47,86.0,72.0,1013.0,3853.0,3146.0,1637.0,474.0,5904,702,5732.0,148,6867,268,100
14,5576,3297,5892,108,35,123.0,116,99,45,450,54,106,78,79,1299.0,32,325.0,2287,477,289.0,17,282,50,50.0,76.0,628.0,1726.0,2716.0,159.0,320.0,5477,736,4815.0,163,10038,244,90
15,4557,2521,5348,157,14,92.0,121,99,42,442,43,63,46,146,1297.0,45,202.0,2441,481,237.0,14,371,59,53.0,48.0,592.0,1289.0,2062.0,86.0,328.0,4845,747,4050.0,132,8285,248,86
16,6135,2703,4161,89,25,97.0,111,133,55,357,36,36,36,101,1251.0,57,230.0,1950,384,272.0,13,303,47,230.0,50.0,489.0,1140.0,1878.0,89.0,243.0,4097,574,4143.0,146,5822,236,125
17,2362,2967,3652,63,20,80.0,127,105,68,367,44,26,41,101,1174.0,33,290.0,1607,314,256.0,18,285,49,597.0,86.0,393.0,1097.0,2565.0,58.0,274.0,3843,455,4564.0,103,5639,310,102
18,1598,2355,3532,76,20,82.0,98,100,63,299,44,20,77,64,1053.0,26,213.0,1327,268,218.0,15,222,70,282.0,53.0,484.0,1399.0,2078.0,55.0,357.0,3626,347,383.0,107,4870,200,88
19,1114,2064,3384,74,10,80.0,114,89,41,281,39,18,72,52,936.0,31,214.0,1238,230,279.0,14,239,37,191.0,79.0,391.0,1540.0,2118.0,43.0,409.0,2786,293,223.0,174,4248,189,71
20,1284,1741,2882,95,15,74.0,103,90,49,388,42,16,69,40,736.0,23,220.0,1138,282,267.0,24,219,41,186.0,78.0,399.0,2057.0,1874.0,46.0,694.0,2187,254,179.0,138,3945,128,74
21,1522,1113,2564,174,18,110.0,64,98,57,330,46,17,74,53,737.0,25,187.0,1403,202,203.0,17,198,79,91.0,171.0,399.0,1805.0,1761.0,52.0,496.0,2870,377,121.0,90,4039,112,68
22,1651,793,4019,133,13,72.0,88,96,62,395,34,15,56,38,804.0,29,138.0,1443,252,235.0,12,179,42,88.0,118.0,417.0,1115.0,1320.0,84.0,319.0,4767,379,268.0,89,4593,103,66
23,1389,699,1441,82,28,79.0,80,88,56,254,36,26,59,27,847.0,24,234.0,1392,243,242.0,16,198,38,71.0,78.0,357.0,940.0,1279.0,43.0,276.0,2752,412,187.0,97,4907,104,65
24,1077,718,1659,75,16,75.0,71,106,41,268,30,13,47,42,797.0,33,204.0,1519,204,233.0,15,220,39,39.0,67.0,285.0,752.0,1297.0,30.0,289.0,2110,314,136.0,102,4322,117,64
25,913,716,2026,110,17,95.0,84,79,32,260,29,22,49,30,594.0,28,165.0,2272,216,269.0,8,177,32,42.0,71.0,318.0,860.0,1763.0,26.0,241.0,1767,430,140.0,139,4174,104,77
26,889,886,1743,632,15,83.0,64,71,77,380,31,11,64,32,559.0,28,267.0,1427,143,231.0,11,183,40,39.0,44.0,387.0,870.0,1535.0,31.0,238.0,1536,268,115.0,111,3518,110,44
27,871,865,1563,235,12,70.0,83,66,23,375,30,9,46,45,574.0,17,209.0,1012,154,186.0,14,167,44,49.0,64.0,401.0,827.0,1469.0,31.0,225.0,2021,197,77.0,109,2636,82,54
28,1210,694,1580,184,16,64.0,47,55,38,332,33,11,58,44,519.0,27,235.0,1056,185,175.0,9,141,36,38.0,50.0,405.0,987.0,1519.0,24.0,694.0,4167,182,73.0,108,2580,126,45
29,897,648,1275,137,23,86.0,84,70,37,317,20,13,53,34,616.0,26,181.0,1270,167,148.0,8,141,38,48.0,38.0,302.0,1090.0,1480.0,31.0,522.0,2679,233,65.0,184,2876,87,47
30,764,728,906,113,16,80.0,91,75,37,335,29,11,56,44,566.0,31,134.0,1598,195,199.0,13,182,33,40.0,36.0,322.0,1518.0,1408.0,29.0,483.0,2243,235,72.0,124,3284,51,40
31,743,1105,1166,76,13,630.0,63,73,35,459,29,9,53,36,667.0,24,152.0,1427,151,219.0,10,247,33,38.0,48.0,299.0,1491.0,1209.0,30.0,484.0,2004,165,204.0,99,3003,89,42
32,1054,1090,1763,75,2,54.0,82,86,51,243,22,13,97,52,538.0,21,237.0,1540,198,145.0,11,240,40,36.0,36.0,285.0,968.0,2696.0,26.0,315.0,1676,149,129.0,116,2828,95,30
33,694,816,1746,54,11,51.0,80,75,127,272,22,6,78,26,431.0,25,201.0,1378,202,222.0,12,158,40,36.0,56.0,277.0,1109.0,1285.0,30.0,289.0,1309,128,116.0,82,2754,66,31
34,741,720,1719,64,14,64.0,59,56,57,251,18,12,65,39,380.0,17,201.0,988,240,128.0,7,175,41,73.0,50.0,302.0,1091.0,1122.0,45.0,298.0,1166,103,84.0,135,2270,78,39
35,776,638,5607,59,13,46.0,42,76,48,275,28,7,47,32,356.0,6,263.0,984,224,96.0,8,146,31,211.0,43.0,407.0,1108.0,1089.0,17.0,332.0,1245,122,64.0,107,2812,97,37
36,689,565,1800,130,11,49.0,52,81,37,298,28,3,62,48,438.0,11,340.0,1313,208,132.0,8,122,49,150.0,45.0,329.0,942.0,1150.0,22.0,267.0,2106,172,75.0,75,2710,58,68
37,698,831,1113,205,11,61.0,83,69,55,307,27,7,44,34,436.0,16,260.0,1145,214,163.0,10,111,39,52.0,41.0,272.0,983.0,1032.0,19.0,220.0,1711,188,98.0,66,2758,77,77
38,688,515,1240,133,12,52.0,45,67,34,344,31,10,39,38,352.0,15,225.0,1062,174,276.0,9,137,39,31.0,41.0,246.0,1138.0,946.0,26.0,265.0,1528,166,85.0,66,2283,58,27
39,565,508,1372,73,6,29.0,58,83,43,287,41,2,51,49,301.0,20,199.0,1479,145,330.0,6,131,39,39.0,23.0,264.0,1016.0,904.0,23.0,249.0,1535,157,72.0,103,2186,72,49
40,1109,426,1235,121,10,45.0,39,82,53,275,50,11,44,31,336.0,23,174.0,1112,205,177.0,4,123,40,27.0,32.0,159.0,1191.0,873.0,22.0,172.0,2051,145,71.0,90,2145,76,71
41,1056,728,1511,86,30,32.0,36,61,56,291,52,8,46,29,248.0,14,164.0,839,168,145.0,11,158,37,31.0,44.0,190.0,958.0,1085.0,28.0,193.0,1260,95,48.0,93,2195,58,49
42,900,682,1498,66,15,51.0,41,48,51,279,47,6,39,21,333.0,21,162.0,813,175,113.0,16,107,33,25.0,18.0,197.0,921.0,1038.0,26.0,157.0,1320,135,39.0,80,1865,53,55
43,662,588,1513,89,10,48.0,30,52,41,251,31,4,39,21,330.0,35,130.0,886,455,120.0,9,99,52,35.0,26.0,143.0,1038.0,1175.0,44.0,136.0,1440,176,44.0,65,2065,56,38
44,597,612,2433,79,8,57.0,56,98,54,287,34,3,31,17,367.0,19,118.0,877,164,128.0,10,124,33,30.0,25.0,156.0,1080.0,855.0,30.0,235.0,1193,155,61.0,64,2027,56,59
45,570,446,1891,92,5,40.0,46,150,29,247,38,6,35,29,327.0,23,155.0,885,141,120.0,3,159,39,28.0,32.0,176.0,1488.0,918.0,21.0,191.0,1242,134,51.0,45,2008,51,47
46,560,541,1543,65,3,43.0,35,70,35,239,51,4,25,32,312.0,10,174.0,777,126,134.0,9,129,42,39.0,40.0,131.0,1432.0,761.0,20.0,178.0,1249,126,47.0,77,2032,37,37
47,652,495,1545,119,11,30.0,41,71,24,271,28,3,36,26,258.0,15,161.0,686,165,108.0,10,102,53,30.0,20.0,189.0,1365.0,626.0,14.0,181.0,1230,1145,47.0,79,1875,70,50
48,574,404,1515,91,10,34.0,40,38,38,280,20,3,38,38,289.0,19,172.0,595,371,93.0,16,98,40,49.0,30.0,195.0,1238.0,649.0,23.0,205.0,962,1993,42.0,54,1778,135,43
49,549,380,1576,61,10,48.0,28,54,38,236,22,6,71,21,259.0,35,138.0,610,165,98.0,6,100,32,25.0,31.0,307.0,1260.0,698.0,20.0,139.0,1054,2604,34.0,55,2101,399,57
50,546,383,1409,62,9,74.0,58,57,36,234,18,7,50,20,394.0,17,106.0,507,118,106.0,3,296,38,35.0,24.0,223.0,1517.0,610.0,36.0,102.0,1063,3162,41.0,57,2324,263,41
51,524,364,961,34,6,62.0,42,69,33,232,19,3,31,23,324.0,19,131.0,713,134,106.0,4,404,30,15.0,37.0,189.0,1662.0,729.0,14.0,123.0,976,1592,42.0,54,2271,246,46
52,433,357,1110,55,5,38.0,71,44,28,192,14,7,49,24,769.0,15,142.0,856,163,105.0,7,220,28,32.0,43.0,236.0,1611.0,630.0,38.0,164.0,1039,972,55.0,63,2114,133,48
53,396,351,1274,56,4,41.0,31,59,30,125,24,16,39,20,1025.0,25,120.0,725,131,82.0,16,161,33,26.0,43.0,241.0,1596.0,593.0,22.0,132.0,1014,772,52.0,69,2786,119,56
54,682,357,1228,62,9,46.0,37,46,33,159,18,8,22,20,695.0,19,108.0,680,152,103.0,6,130,24,27.0,62.0,206.0,1458.0,594.0,21.0,162.0,909,620,48.0,81,2452,136,37
55,705,304,1118,42,5,42.0,44,25,29,132,23,8,32,18,553.0,19,122.0,729,129,84.0,4,108,38,23.0,46.0,225.0,1227.0,736.0,19.0,151.0,690,371,51.0,39,1941,113,36
56,601,368,763,53,8,47.0,42,44,28,128,25,1,32,27,452.0,18,97.0,650,112,94.0,6,129,142,26.0,28.0,173.0,1500.0,671.0,14.0,120.0,796,294,29.0,62,1823,81,38
57,564,455,771,56,9,44.0,63,45,27,117,11,5,24,22,412.0,21,98.0,725,122,81.0,11,90,202,16.0,23.0,173.0,1140.0,697.0,17.0,92.0,978,231,42.0,151,1920,53,49
58,473,298,1205,56,10,55.0,74,55,35,102,25,7,24,20,376.0,18,123.0,770,122,92.0,5,92,84,22.0,25.0,157.0,1005.0,548.0,29.0,107.0,946,179,45.0,138,1763,50,57
59,448,3794,1063,56,5,50.0,54,56,19,138,12,19,29,33,479.0,15,127.0,654,110,100.0,7,114,56,24.0,36.0,140.0,1271.0,518.0,28.0,155.0,992,143,49.0,92,1644,30,50
60,395,1761,1291,43,10,27.0,31,62,30,116,12,16,37,18,421.0,24,112.0,652,131,82.0,6,131,95,43.0,30.0,180.0,1119.0,470.0,26.0,138.0,911,174,47.0,102,1565,33,47
61,333,482,1240,44,10,25.0,44,30,23,132,15,7,32,22,279.0,19,112.0,683,141,91.0,7,100,45,27.0,25.0,164.0,1052.0,471.0,16.0,254.0,917,98,51.0,76,1452,104,29
62,454,605,2621,46,15,38.0,41,41,23,160,20,5,26,17,204.0,13,77.0,590,136,80.0,9,123,49,15.0,29.0,167.0,904.0,545.0,23.0,486.0,757,92,97.0,69,1546,67,43
63,411,686,7562,102,6,32.0,42,40,33,124,29,5,27,12,254.0,22,86.0,660,130,68.0,4,98,48,15.0,26.0,211.0,990.0,556.0,14.0,230.0,903,105,100.0,61,1793,33,44
64,397,927,3965,66,8,46.0,29,33,34,122,21,4,28,20,349.0,21,94.0,673,127,81.0,7,76,33,20.0,20.0,125.0,939.0,562.0,26.0,193.0,1009,111,62.0,49,1692,49,38
65,366,907,2630,40,8,29.0,39,48,38,115,24,5,30,19,331.0,25,108.0,719,102,88.0,8,94,48,27.0,13.0,100.0,922.0,608.0,19.0,176.0,878,142,63.0,64,1556,149,37
66,396,521,3375,42,14,54.0,45,46,32,172,18,3,21,13,348.0,11,118.0,693,106,75.0,9,106,36,15.0,31.0,121.0,1081.0,703.0,27.0,141.0,870,128,55.0,58,1516,88,35
67,373,438,2957,55,13,37.0,37,37,33,136,14,4,26,32,258.0,15,107.0,1115,123,98.0,9,158,39,15.0,30.0,142.0,927.0,612.0,24.0,161.0,1091,98,49.0,43,1688,107,29
68,326,370,2348,51,9,20.0,36,48,25,151,12,4,36,26,364.0,19,103.0,1677,123,69.0,5,127,39,24.0,32.0,145.0,939.0,452.0,20.0,143.0,998,109,39.0,67,1562,87,35
69,363,320,1758,52,8,29.0,24,33,21,138,21,3,31,24,259.0,16,83.0,798,133,72.0,5,113,36,26.0,31.0,136.0,815.0,601.0,13.0,152.0,744,96,51.0,69,1373,61,35
70,433,346,1634,54,20,49.0,26,26,40,107,28,5,26,23,320.0,14,75.0,786,99,60.0,3,103,40,15.0,37.0,120.0,797.0,703.0,21.0,125.0,767,93,23.0,49,1543,74,25
71,402,259,1436,39,12,70.0,23,37,43,75,20,6,58,27,305.0,18,99.0,642,232,67.0,2,92,44,18.0,26.0,132.0,877.0,640.0,20.0,112.0,881,158,59.0,79,1421,49,42
72,354,211,987,37,10,42.0,35,43,25,103,28,8,31,18,310.0,18,116.0,646,288,92.0,4,108,32,11.0,38.0,124.0,813.0,523.0,19.0,154.0,827,132,69.0,52,1459,47,53
73,347,216,1140,26,4,54.0,28,33,24,85,11,4,23,24,249.0,23,141.0,738,197,105.0,8,101,30,11.0,25.0,115.0,844.0,581.0,18.0,325.0,1358,130,54.0,56,1470,38,48
74,339,280,1367,39,3,34.0,28,34,31,99,18,5,36,19,711.0,22,109.0,707,202,84.0,4,85,23,26.0,30.0,108.0,847.0,532.0,19.0,840.0,703,116,48.0,40,1475,36,48
75,314,254,1218,48,7,52.0,29,50,23,136,16,2,29,21,189.0,25,86.0,648,182,127.0,6,93,27,18.0,33.0,103.0,869.0,528.0,12.0,439.0,685,94,53.0,60,1179,31,30
76,444,294,1099,47,6,49.0,54,30,23,87,19,5,20,30,218.0,19,101.0,646,190,118.0,6,95,36,17.0,34.0,84.0,854.0,648.0,25.0,292.0,669,80,48.0,73,1291,41,34
77,454,695,938,54,5,30.0,49,32,31,69,21,3,29,27,271.0,15,120.0,667,130,74.0,7,93,23,11.0,31.0,101.0,769.0,760.0,15.0,184.0,593,89,39.0,125,1269,29,34
78,406,1190,794,90,7,65.0,45,35,20,106,16,4,30,19,237.0,12,106.0,714,158,74.0,7,90,21,18.0,28.0,120.0,884.0,593.0,16.0,162.0,769,170,52.0,94,1162,26,30
79,408,642,657,42,5,44.0,42,29,22,87,26,4,24,18,240.0,13,158.0,865,104,57.0,5,89,24,18.0,32.0,117.0,765.0,491.0,12.0,151.0,857,220,51.0,48,1293,42,30
80,424,536,617,40,7,62.0,27,54,31,97,28,3,26,21,290.0,11,124.0,989,116,66.0,3,90,22,16.0,40.0,91.0,949.0,1547.0,12.0,181.0,835,137,70.0,37,1319,34,34
81,363,1041,671,51,5,36.0,25,56,20,73,28,5,26,19,359.0,19,137.0,875,108,76.0,6,117,29,15.0,48.0,86.0,1118.0,1238.0,16.0,192.0,831,113,55.0,45,1423,24,32
82,330,756,594,55,2,49.0,28,48,22,77,31,8,18,22,383.0,13,113.0,711,132,93.0,8,105,29,26.0,37.0,84.0,941.0,564.0,8.0,402.0,702,76,66.0,42,1233,23,24
83,371,597,671,59,11,43.0,31,39,21,81,21,5,23,20,231.0,18,171.0,614,128,72.0,3,87,25,22.0,24.0,114.0,804.0,464.0,26.0,311.0,584,83,46.0,52,1330,29,24
84,428,476,479,41,8,26.0,23,35,16,97,34,3,25,20,168.0,19,196.0,798,122,56.0,4,92,25,25.0,37.0,143.0,931.0,554.0,98.0,197.0,744,702,31.0,36,1426,20,26
85,435,480,415,51,9,40.0,35,29,32,92,18,5,19,22,226.0,15,143.0,1006,110,80.0,9,102,24,13.0,19.0,247.0,728.0,563.0,53.0,143.0,1110,659,48.0,61,1199,19,36
86,331,337,448,24,8,39.0,37,29,37,70,23,5,28,25,201.0,16,143.0,805,97,67.0,8,83,29,9.0,20.0,111.0,748.0,539.0,36.0,161.0,881,435,70.0,46,1420,29,29
87,389,292,460,35,12,29.0,36,77,38,68,15,4,34,24,210.0,13,143.0,763,126,72.0,6,88,24,5.0,23.0,109.0,872.0,561.0,23.0,143.0,742,289,67.0,50,1487,15,23
88,612,344,502,50,7,41.0,46,46,27,63,19,5,63,22,235.0,13,146.0,867,160,96.0,5,94,25,34.0,22.0,94.0,808.0,583.0,17.0,198.0,721,194,77.0,40,1496,29,33
89,2945,320,667,45,4,27.0,34,40,46,142,25,7,32,23,199.0,11,125.0,691,147,92.0,9,66,36,29.0,28.0,80.0,661.0,498.0,23.0,176.0,718,154,73.0,37,1391,23,32
90,1996,361,532,51,6,20.0,31,47,79,91,18,4,30,18,136.0,14,117.0,579,181,81.0,5,75,29,13.0,30.0,103.0,614.0,552.0,34.0,155.0,685,158,57.0,89,1302,31,19
91,1625,283,541,26,5,32.0,39,36,107,67,18,10,30,24,148.0,8,95.0,615,139,62.0,8,74,21,18.0,24.0,107.0,658.0,9616.0,19.0,131.0,705,167,44.0,66,1477,17,30
92,1519,290,740,31,8,44.0,36,39,62,115,12,3,26,15,184.0,13,125.0,744,143,57.0,67,55,35,17.0,24.0,94.0,723.0,5916.0,17.0,109.0,797,156,72.0,327,1495,20,32
93,1499,232,724,29,4,38.0,34,27,29,96,25,5,29,24,247.0,15,114.0,730,124,74.0,78,75,31,15.0,20.0,102.0,734.0,3161.0,20.0,101.0,891,157,47.0,202,1475,23,22
94,1116,229,751,40,8,35.0,49,51,22,95,19,2,29,24,204.0,13,100.0,812,114,47.0,68,85,31,19.0,38.0,255.0,814.0,1824.0,18.0,128.0,769,153,61.0,101,1403,16,19
95,834,305,1192,38,7,28.0,30,39,34,92,18,3,23,17,167.0,21,112.0,731,129,64.0,48,83,29,28.0,27.0,330.0,663.0,1327.0,22.0,152.0,1164,122,44.0,84,1585,27,20
96,609,277,1297,35,10,25.0,34,54,34,84,18,2,69,10,200.0,14,115.0,540,156,53.0,39,104,31,22.0,25.0,278.0,768.0,965.0,23.0,140.0,1484,108,40.0,61,1294,24,21
97,742,287,1130,43,7,21.0,41,45,46,69,20,4,28,26,136.0,18,105.0,696,113,77.0,42,95,25,21.0,15.0,562.0,822.0,1722.0,30.0,217.0,842,79,39.0,53,1127,27,21
98,643,241,876,31,7,23.0,28,33,60,82,20,7,17,21,152.0,15,99.0,747,133,69.0,22,84,28,17.0,23.0,238.0,772.0,1118.0,18.0,116.0,825,98,39.0,56,1325,30,27
99,1362,321,910,33,2,27.0,31,37,75,68,20,3,44,15,216.0,15,121.0,1157,157,92.0,23,89,28,18.0,15.0,207.0,880.0,979.0,17.0,153.0,794,97,51.0,44,1408,32,21
100,842,189,586,30,6,35.0,37,37,85,87,12,3,23,20,215.0,16,130.0,811,261,73.0,22,63,23,21.0,16.0,157.0,902.0,747.0,17.0,101.0,710,121,61.0,43,1444,27,20
101,592,199,581,39,11,28.0,36,35,47,77,16,1,15,18,182.0,13,109.0,1862,191,73.0,12,94,26,15.0,23.0,163.0,1346.0,822.0,41.0,104.0,802,129,50.0,41,1368,23,14
102,578,251,679,39,8,48.0,36,31,61,70,12,7,17,18,158.0,15,92.0,17857,213,68.0,7,76,26,14.0,21.0,149.0,960.0,817.0,34.0,94.0,1151,80,57.0,35,1525,15,40
103,543,284,708,41,7,37.0,28,38,50,96,22,5,22,19,149.0,24,102.0,73650,172,60.0,13,60,23,11.0,28.0,135.0,942.0,808.0,18.0,140.0,1159,106,50.0,28,2431,28,22
104,574,225,691,37,7,28.0,37,24,46,77,17,2,8,21,157.0,20,85.0,11625,156,60.0,9,74,24,80.0,25.0,122.0,862.0,780.0,21.0,107.0,756,70,67.0,45,1505,20,16
105,527,342,620,48,3,38.0,16,36,49,93,25,4,21,14,173.0,23,111.0,8882,132,57.0,15,73,28,39.0,12.0,94.0,712.0,976.0,20.0,211.0,747,81,42.0,30,2455,13,34
106,496,282,608,38,5,27.0,23,36,67,57,24,2,34,16,165.0,18,121.0,7725,151,67.0,10,80,27,28.0,14.0,129.0,692.0,956.0,14.0,1447.0,939,107,48.0,35,1946,32,29
107,457,161,4314,31,22,32.0,33,35,45,61,43,5,18,13,158.0,25,96.0,6691,114,51.0,11,72,28,45.0,26.0,73.0,689.0,798.0,9.0,373.0,903,103,51.0,23,1591,20,20
108,512,196,1742,33,9,18.0,37,48,2,77,59,6,23,16,146.0,22,136.0,6822,117,87.0,8,78,29,40.0,13.0,113.0,668.0,643.0,12.0,313.0,745,105,50.0,32,1376,24,19
109,872,221,642,52,12,26.0,36,33,12,82,200,3,18,13,197.0,17,101.0,9082,124,71.0,10,76,29,22.0,22.0,106.0,638.0,948.0,18.0,254.0,784,88,66.0,20,1405,28,44
110,650,226,517,30,3,48.0,28,38,56,79,251,9,19,13,150.0,16,90.0,9406,131,69.0,9,84,39,18.0,20.0,114.0,603.0,763.0,16.0,211.0,635,80,55.0,44,1181,22,37
111,557,380,599,17,7,36.0,33,37,61,84,244,7,30,19,149.0,21,100.0,8748,146,67.0,7,72,31,30.0,23.0,95.0,614.0,650.0,27.0,170.0,530,65,55.0,39,1113,19,20
112,623,310,526,43,4,33.0,71,47,61,64,136,7,29,14,143.0,11,70.0,8058,131,61.0,9,75,30,12.0,12.0,85.0,570.0,685.0,15.0,151.0,613,81,50.0,33,1415,23,26
113,476,263,530,51,3,45.0,960,39,65,82,30,10,31,19,167.0,19,149.0,6582,113,74.0,9,110,21,98.0,18.0,107.0,609.0,726.0,12.0,133.0,616,89,51.0,30,1475,29,31
114,444,131,574,30,1,33.0,322,46,52,92,24,8,19,20,863.0,14,179.0,5599,116,58.0,4,98,23,66.0,32.0,87.0,506.0,540.0,22.0,137.0,662,95,39.0,22,1309,30,42
115,387,196,476,22,5,37.0,166,25,47,78,20,1,20,16,583.0,8,137.0,15378,101,55.0,6,104,32,31.0,11.0,102.0,466.0,504.0,17.0,140.0,606,93,46.0,33,1247,27,22
116,438,220,547,22,0,36.0,119,31,58,53,12,5,25,19,397.0,13,133.0,8451,109,61.0,5,90,33,24.0,15.0,90.0,530.0,535.0,40.0,121.0,548,112,50.0,42,1217,24,14
117,319,5492,498,34,9,49.0,83,36,43,96,22,4,18,20,357.0,10,119.0,5354,206,50.0,8,94,31,31.0,16.0,104.0,612.0,512.0,27.0,110.0,624,78,28.0,32,1183,24,17
118,335,618,551,26,5,41.0,97,33,34,96,12,3,19,19,343.0,16,101.0,4685,172,49.0,6,71,20,16.0,18.0,94.0,570.0,541.0,22.0,96.0,635,63,33.0,34,1111,34,38
119,405,506,603,27,11,1181.0,131,37,39,91,14,2,11,29,382.0,35,109.0,4328,139,51.0,7,86,25,13.0,17.0,80.0,599.0,530.0,24.0,91.0,676,96,38.0,27,1332,25,35
120,424,322,762,36,4,965.0,79,27,38,72,13,6,20,26,682.0,20,110.0,4459,137,48.0,5,71,35,16.0,22.0,78.0,565.0,600.0,27.0,90.0,711,120,36.0,34,1818,34,88
121,340,1069,435,33,15,380.0,111,101,64,84,20,6,21,17,591.0,19,125.0,4256,146,51.0,4,109,28,12.0,19.0,83.0,509.0,520.0,11.0,81.0,542,78,46.0,14,1355,24,41
122,349,953,414,38,7,241.0,138,62,55,107,10,4,16,16,359.0,21,125.0,4958,146,58.0,6,96,26,23.0,18.0,79.0,539.0,538.0,8.0,128.0,591,96,38.0,35,1194,18,30
123,302,993,1089,71,8,323.0,81,45,40,72,12,6,33,17,280.0,15,118.0,3943,161,54.0,5,70,23,13.0,17.0,65.0,576.0,539.0,13.0,110.0,610,93,43.0,51,1180,47,22
124,274,1190,568,44,9,210.0,45,42,55,94,21,3,28,15,190.0,10,97.0,3150,172,54.0,4,75,29,20.0,14.0,59.0,599.0,503.0,13.0,112.0,707,129,49.0,66,1313,78,33
125,317,1266,502,23,6,134.0,52,32,38,119,35,8,15,17,243.0,19,87.0,2521,146,34.0,8,69,20,18.0,11.0,142.0,508.0,706.0,18.0,85.0,671,85,38.0,40,1423,54,24
126,350,2327,522,37,5,107.0,35,32,49,107,27,3,20,20,685.0,18,100.0,2392,134,44.0,4,70,27,25.0,12.0,223.0,543.0,790.0,19.0,80.0,552,64,32.0,51,1281,54,17
127,359,5247,418,27,13,143.0,41,42,47,88,49,4,18,16,516.0,11,120.0,2629,125,30.0,5,79,22,21.0,11.0,132.0,563.0,579.0,12.0,86.0,621,74,37.0,28,1283,42,31
128,317,3268,319,35,12,115.0,41,38,51,94,25,7,18,17,458.0,17,120.0,2556,130,61.0,9,83,23,24.0,25.0,111.0,1663.0,469.0,22.0,76.0,663,85,26.0,29,1249,30,24
129,377,2015,326,21,9,98.0,46,57,54,77,34,1,18,17,316.0,40,93.0,3431,141,55.0,8,74,26,91.0,19.0,86.0,1426.0,819.0,19.0,79.0,685,97,30.0,27,1183,21,20
130,282,1092,420,56,8,69.0,39,55,53,94,17,1,13,13,244.0,15,129.0,3567,143,51.0,0,72,14,28.0,14.0,114.0,1304.0,685.0,25.0,68.0,579,111,44.0,32,1314,25,12
131,305,1032,429,32,16,52.0,39,44,46,85,21,6,13,19,191.0,12,128.0,2607,133,61.0,12,65,23,24.0,23.0,128.0,1267.0,460.0,18.0,96.0,601,76,33.0,39,1040,46,29
132,331,598,489,34,3,47.0,65,30,43,66,20,3,13,19,184.0,15,142.0,1789,187,58.0,6,72,20,29.0,20.0,120.0,1028.0,492.0,21.0,114.0,539,57,37.0,31,1089,45,22
133,351,338,457,36,17,48.0,39,26,49,78,16,4,7,12,239.0,16,111.0,1804,139,53.0,10,78,114,22.0,22.0,120.0,765.0,501.0,19.0,79.0,567,69,47.0,43,20502,38,25
134,378,293,514,39,10,49.0,270,34,55,109,17,8,12,17,261.0,13,93.0,2341,147,42.0,13,57,110,27.0,15.0,118.0,941.0,441.0,17.0,66.0,533,86,36.0,20,2860,31,25
135,342,532,574,32,7,44.0,213,44,55,98,22,14,15,19,254.0,15,100.0,2629,147,48.0,10,67,70,24.0,25.0,102.0,843.0,436.0,25.0,56.0,634,71,41.0,25,2162,15,18
136,482,564,454,24,7,51.0,118,56,58,73,22,7,9,19,567.0,15,133.0,3169,127,60.0,8,75,72,27.0,30.0,78.0,759.0,470.0,21.0,81.0,553,74,41.0,34,1879,26,27
137,370,534,466,22,8,51.0,96,50,36,71,21,4,21,13,474.0,16,135.0,2839,115,48.0,10,81,45,23.0,24.0,110.0,928.0,430.0,13.0,79.0,544,79,35.0,35,1475,24,16
138,340,629,478,35,6,80.0,89,50,53,85,25,3,11,13,262.0,14,161.0,2585,151,36.0,3,63,45,30.0,13.0,83.0,928.0,408.0,20.0,76.0,477,61,36.0,45,1379,31,28
139,313,936,508,28,7,64.0,72,46,36,87,29,10,18,11,220.0,15,106.0,3470,146,36.0,4,76,40,16.0,26.0,93.0,832.0,386.0,19.0,56.0,425,74,27.0,38,1132,26,17
140,334,3409,556,27,8,56.0,46,38,39,77,25,10,13,15,183.0,14,133.0,3864,133,47.0,2,67,45,27.0,26.0,91.0,804.0,654.0,12.0,72.0,442,68,54.0,40,1255,38,30
141,307,2518,555,37,9,40.0,35,58,49,72,26,394,11,20,952.0,16,145.0,3426,124,36.0,5,61,30,15.0,27.0,74.0,717.0,1054.0,31.0,73.0,450,87,46.0,41,1401,31,15
142,339,1852,372,27,7,49.0,47,46,55,80,19,545,56,16,523.0,18,144.0,3441,81,54.0,3,60,34,25.0,16.0,63.0,557.0,611.0,16.0,73.0,511,77,55.0,36,1341,27,29
143,337,1423,514,65,7,20.0,54,47,82,100,21,678,10,10,298.0,19,134.0,3059,81,38.0,3,87,38,22.0,24.0,85.0,600.0,532.0,24.0,82.0,433,93,44.0,44,1503,37,31
144,320,5952,1138,32,15,33.0,43,38,79,71,30,574,15,14,253.0,10,105.0,2543,118,106.0,3,106,37,9.0,38.0,68.0,1070.0,884.0,15.0,96.0,545,98,35.0,29,1364,39,18
145,315,1755,1516,46,2,42.0,29,47,104,92,14,802,13,31,214.0,24,91.0,2078,114,123.0,6,78,30,20.0,30.0,70.0,898.0,511.0,10.0,93.0,563,62,45.0,33,1142,31,25
146,303,1232,1360,31,16,32.0,38,48,80,166,24,1118,16,14,175.0,15,93.0,1536,127,103.0,6,81,32,18.0,29.0,61.0,694.0,565.0,31.0,67.0,560,87,44.0,78,1067,42,27
147,350,1387,917,26,15,25.0,45,33,90,135,26,1242,14,12,181.0,25,73.0,1539,142,130.0,5,61,26,16.0,15.0,90.0,738.0,598.0,21.0,67.0,717,60,45.0,41,1157,32,33
148,469,1313,771,29,6,37.0,20,40,78,94,19,1392,13,14,236.0,21,91.0,1634,135,276.0,6,59,22,29.0,13.0,86.0,627.0,456.0,14.0,73.0,954,99,36.0,55,1229,39,18
149,375,819,539,32,8,38.0,36,50,115,81,14,1372,15,14,176.0,14,212.0,3188,133,203.0,3,65,27,14.0,21.0,49.0,589.0,536.0,16.0,78.0,765,85,39.0,54,1332,33,21
150,1071,792,466,24,11,33.0,38,70,85,74,18,1258,10,11,150.0,18,370.0,6488,138,106.0,8,95,36,17.0,18.0,66.0,560.0,611.0,14.0,99.0,550,84,37.0,25,1380,31,34
151,539,973,582,45,11,29.0,36,46,66,80,18,1146,19,11,151.0,25,305.0,4843,192,79.0,8,88,24,26.0,15.0,51.0,666.0,639.0,14.0,88.0,605,77,39.0,26,1251,36,17
152,407,850,551,34,11,25.0,19,60,78,67,17,1152,21,10,220.0,29,300.0,2723,227,55.0,3,72,32,21.0,35.0,56.0,659.0,384.0,16.0,63.0,541,132,42.0,33,1217,35,20
153,380,2873,476,28,9,23.0,22,47,80,81,18,1179,24,16,167.0,15,164.0,1811,179,45.0,7,116,25,15.0,26.0,68.0,639.0,464.0,11.0,102.0,419,134,24.0,19,1149,39,14
154,394,4352,495,21,12,24.0,10,27,76,145,13,1877,19,19,179.0,13,153.0,1599,169,60.0,4,75,26,10.0,37.0,133.0,546.0,723.0,45.0,98.0,431,139,31.0,21,1258,29,37
155,351,1159,521,14,13,52.0,22,41,72,120,25,1413,16,14,236.0,16,103.0,1619,207,54.0,4,68,20,19.0,22.0,76.0,587.0,687.0,12.0,76.0,557,188,28.0,24,1258,52,26
156,304,753,353,26,9,26.0,19,30,66,101,18,1218,18,10,165.0,21,90.0,1406,234,44.0,2,74,20,18.0,21.0,71.0,565.0,548.0,29.0,67.0,528,218,36.0,16,1151,46,29
157,299,654,386,22,11,37.0,23,24,77,82,18,1202,12,16,176.0,11,91.0,1394,203,47.0,3,88,25,19.0,24.0,52.0,556.0,502.0,26.0,108.0,2398,135,34.0,33,1056,36,19
158,298,600,605,28,8,35.0,11,24,69,143,18,1062,12,24,180.0,13,95.0,1555,271,93.0,3,74,25,26.0,17.0,69.0,654.0,449.0,13.0,96.0,909,113,35.0,30,1223,38,30
159,255,610,507,25,9,20.0,19,42,79,141,15,1145,19,17,147.0,15,131.0,1464,209,48.0,2,69,23,18.0,21.0,80.0,604.0,489.0,18.0,109.0,724,96,29.0,34,1008,26,20
160,285,454,548,31,3,25.0,18,35,67,95,26,1251,14,17,136.0,16,97.0,958,152,34.0,8,54,26,15.0,15.0,58.0,623.0,745.0,16.0,99.0,672,92,33.0,23,994,36,30
161,350,314,491,34,7,28.0,12,30,61,87,19,1276,19,15,181.0,11,69.0,1177,157,51.0,6,71,21,8.0,24.0,72.0,814.0,821.0,26.0,75.0,728,103,30.0,26,1225,39,19
162,234,236,479,32,22,36.0,21,34,90,98,15,1359,18,12,146.0,16,62.0,1306,147,40.0,9,79,27,29.0,11.0,56.0,623.0,498.0,14.0,110.0,727,99,23.0,15,1220,28,19
163,250,273,414,26,17,37.0,27,37,59,100,27,1813,11,18,151.0,13,83.0,1321,106,51.0,10,83,20,16.0,10.0,59.0,605.0,464.0,8.0,79.0,693,112,32.0,14,1049,39,14
164,277,340,406,21,10,35.0,24,29,75,138,20,2105,19,14,132.0,13,78.0,1165,142,46.0,9,67,32,9.0,25.0,92.0,758.0,456.0,29.0,509.0,659,131,27.0,27,1037,25,18
165,294,375,477,33,11,44.0,21,44,70,117,20,1351,15,11,152.0,13,69.0,1197,155,43.0,7,66,22,18.0,35.0,133.0,759.0,450.0,20.0,303.0,554,104,24.0,22,1360,29,10
166,211,383,476,37,5,210.0,24,41,64,93,14,1155,14,17,136.0,17,67.0,1261,151,54.0,6,66,19,21.0,50.0,91.0,3523.0,386.0,12.0,178.0,587,104,22.0,22,1071,44,24
167,244,361,432,48,13,233.0,15,33,68,99,18,1537,13,13,134.0,11,75.0,864,159,30.0,4,60,24,12.0,18.0,94.0,2232.0,420.0,13.0,114.0,535,69,32.0,22,1038,25,20
168,282,359,492,120,25,127.0,7,47,79,90,13,2212,16,16,141.0,14,79.0,1305,140,43.0,9,73,29,16.0,13.0,74.0,1410.0,435.0,12.0,83.0,546,86,22.0,34,1145,38,22
169,229,296,387,54,14,94.0,12,31,165,90,16,2207,13,13,215.0,22,65.0,1674,111,25.0,8,65,19,26.0,19.0,68.0,1096.0,465.0,18.0,384.0,615,114,22.0,10,1100,27,17
170,235,315,332,30,17,112.0,13,34,128,110,17,1649,18,15,211.0,13,103.0,1891,155,30.0,3,88,49,13.0,15.0,86.0,1009.0,459.0,12.0,3236.0,586,105,17.0,10,1114,48,34
171,273,277,326,35,14,100.0,17,50,105,87,19,1491,15,18,274.0,12,105.0,1611,147,41.0,4,89,42,27.0,24.0,59.0,989.0,474.0,20.0,2646.0,486,143,19.0,30,1251,48,16
172,202,392,470,33,15,56.0,18,90,92,72,14,1265,17,9,172.0,17,80.0,1310,149,29.0,4,76,44,15.0,34.0,86.0,1266.0,559.0,15.0,1959.0,494,106,22.0,20,1272,38,19
173,238,466,481,48,9,50.0,12,57,102,90,15,1341,18,18,124.0,10,74.0,1136,176,57.0,15,62,37,20.0,23.0,57.0,982.0,606.0,16.0,1300.0,501,79,21.0,14,1136,30,18
174,219,511,472,41,13,31.0,19,27,103,87,19,1441,17,16,114.0,16,84.0,940,146,53.0,6,63,43,19.0,28.0,60.0,904.0,588.0,21.0,936.0,458,72,27.0,13,967,38,22
175,220,349,426,44,9,42.0,17,28,168,78,18,1515,21,13,107.0,15,75.0,1520,104,43.0,6,75,32,26.0,15.0,49.0,960.0,519.0,42.0,667.0,496,67,25.0,28,1181,36,27
176,227,433,378,30,15,113.0,16,26,236,71,18,1534,14,14,131.0,14,86.0,1412,110,39.0,10,55,29,19.0,27.0,81.0,677.0,502.0,18.0,644.0,507,93,19.0,20,1255,35,19
177,240,320,329,20,14,121.0,22,30,214,86,14,1433,15,10,186.0,11,77.0,1198,142,28.0,14,75,43,23.0,12.0,43.0,596.0,494.0,15.0,365.0,514,236,23.0,13,1035,26,24
178,243,339,364,23,7,75.0,20,41,159,74,17,1366,18,11,135.0,11,90.0,1083,104,49.0,3,80,33,22.0,16.0,52.0,559.0,558.0,13.0,347.0,1053,228,22.0,23,1079,33,23
179,218,308,410,23,11,55.0,12,37,145,73,25,1194,15,18,123.0,16,94.0,1238,149,59.0,8,54,24,23.0,30.0,53.0,624.0,540.0,24.0,300.0,802,195,35.0,13,1086,30,25
180,188,354,433,38,10,41.0,23,28,114,94,22,1157,13,16,151.0,14,91.0,1278,127,45.0,7,60,32,33.0,17.0,77.0,602.0,447.0,19.0,236.0,483,140,13.0,23,1047,23,24
181,347,340,383,23,4,27.0,12,31,117,104,23,1339,14,17,144.0,13,86.0,1303,152,40.0,9,63,23,20.0,17.0,65.0,752.0,498.0,9.0,282.0,448,85,30.0,14,933,50,26
182,422,362,414,39,13,26.0,22,27,112,86,17,1385,10,14,103.0,13,90.0,1623,109,53.0,4,58,27,38.0,20.0,62.0,1179.0,543.0,12.0,195.0,400,90,22.0,19,1130,24,30
183,434,305,331,30,15,45.0,20,33,103,94,16,1484,17,14,83.0,14,152.0,2038,142,47.0,5,46,29,21.0,14.0,55.0,777.0,503.0,16.0,171.0,363,97,20.0,20,2185,36,30
184,437,254,347,30,11,45.0,14,41,89,138,18,1883,17,18,107.0,10,144.0,2153,122,48.0,4,55,21,17.0,14.0,69.0,619.0,521.0,20.0,141.0,518,116,22.0,26,1301,212,22
185,310,271,294,24,9,30.0,12,32,116,76,14,1577,9,23,100.0,9,96.0,2339,122,46.0,6,62,22,18.0,23.0,43.0,597.0,537.0,10.0,208.0,502,97,23.0,46,1127,61,35
186,246,396,379,23,8,43.0,18,36,101,56,18,1664,9,14,103.0,13,84.0,1991,112,57.0,7,49,24,14.0,21.0,47.0,531.0,516.0,13.0,142.0,464,103,29.0,31,1134,32,27
187,245,303,483,38,10,24.0,15,43,72,83,22,1332,9,18,121.0,11,74.0,1979,165,53.0,6,60,32,12.0,20.0,47.0,612.0,492.0,9.0,148.0,510,100,23.0,31,1059,40,14
188,259,246,446,27,5,34.0,21,24,75,102,13,1670,18,16,193.0,19,79.0,1703,122,36.0,11,45,25,20.0,26.0,63.0,691.0,586.0,14.0,154.0,485,84,16.0,17,920,43,13
189,275,287,500,38,10,26.0,24,29,85,87,10,1629,18,15,139.0,11,75.0,1824,150,34.0,2,49,21,11.0,11.0,53.0,576.0,670.0,8.0,118.0,612,113,19.0,15,3865,32,27
190,255,270,380,23,11,32.0,19,32,85,211,9,1587,18,18,167.0,12,57.0,1387,123,34.0,4,55,24,13.0,14.0,51.0,577.0,639.0,9.0,114.0,598,124,14.0,9,2376,28,26
191,201,195,273,25,17,20.0,16,22,78,841,15,1419,21,17,408.0,9,57.0,1369,125,44.0,4,62,22,12.0,19.0,62.0,523.0,604.0,14.0,91.0,746,103,28.0,25,1758,18,29
192,250,199,293,31,6,23.0,31,40,75,147,14,1416,18,13,124.0,10,78.0,1324,107,48.0,6,60,22,29.0,13.0,71.0,492.0,939.0,14.0,113.0,898,140,20.0,22,1333,13,18
193,234,230,429,40,16,35.0,23,31,80,114,23,1339,20,11,208.0,10,85.0,1247,103,35.0,10,64,20,17.0,22.0,43.0,577.0,642.0,18.0,109.0,673,105,23.0,23,1286,20,32
194,199,439,368,46,9,31.0,13,32,78,112,14,1059,18,16,149.0,9,58.0,7111,193,26.0,6,51,21,27.0,11.0,46.0,517.0,688.0,12.0,109.0,656,79,17.0,22,1156,31,22
195,219,427,784,44,11,28.0,23,30,57,118,36,1321,19,16,213.0,15,80.0,6386,148,38.0,6,54,22,15.0,11.0,49.0,509.0,1610.0,13.0,112.0,518,78,15.0,25,1072,102,17
196,227,381,533,41,7,30.0,19,26,52,146,22,1420,29,26,457.0,12,59.0,3652,154,37.0,5,66,29,16.0,15.0,68.0,450.0,1129.0,15.0,112.0,617,83,12.0,27,1104,64,10
197,253,263,404,179,16,29.0,17,28,51,160,24,3113,21,22,374.0,13,64.0,3223,133,27.0,3,40,17,13.0,13.0,49.0,432.0,739.0,17.0,123.0,709,86,19.0,29,1197,27,25
198,200,217,316,69,9,34.0,14,34,83,129,23,2350,27,15,289.0,9,68.0,3030,107,45.0,2,51,34,13.0,15.0,44.0,424.0,508.0,12.0,439.0,814,117,20.0,19,1001,28,15
199,214,244,408,22,7,14.0,25,50,62,106,15,1942,13,16,278.0,12,72.0,3319,100,32.0,6,48,29,11.0,22.0,62.0,463.0,772.0,19.0,322.0,631,113,32.0,20,1061,26,14
200,194,299,431,33,10,39.0,17,39,63,101,25,1520,13,13,304.0,10,59.0,2180,100,42.0,5,54,25,16.0,20.0,51.0,391.0,711.0,8.0,254.0,1001,100,17.0,19,995,29,26
201,238,312,470,31,8,30.0,13,28,67,118,18,1124,20,18,385.0,7,63.0,1887,104,38.0,7,61,23,14.0,15.0,52.0,527.0,625.0,15.0,186.0,842,97,23.0,17,955,24,10
202,235,344,559,48,7,20.0,7,27,59,104,14,1303,15,16,280.0,12,104.0,1604,129,25.0,5,64,22,26.0,18.0,69.0,443.0,565.0,14.0,190.0,592,63,25.0,36,983,29,14
203,228,300,481,40,8,24.0,11,29,70,91,10,1586,17,10,259.0,11,96.0,1459,115,41.0,6,61,23,22.0,20.0,57.0,442.0,552.0,21.0,121.0,646,94,28.0,25,1038,23,19
204,224,270,372,46,12,28.0,14,22,82,125,13,1565,13,14,316.0,17,94.0,1218,141,45.0,6,111,20,11.0,12.0,55.0,408.0,583.0,18.0,96.0,562,104,25.0,29,1014,23,18
205,228,204,310,58,9,21.0,18,35,65,99,13,1456,15,13,192.0,12,72.0,1114,120,31.0,3,113,17,14.0,18.0,51.0,650.0,813.0,34.0,130.0,577,92,14.0,24,1054,17,18
206,176,220,387,36,15,30.0,15,28,76,90,9,1509,12,10,162.0,10,108.0,1166,158,33.0,6,203,27,17.0,24.0,40.0,4039.0,583.0,24.0,140.0,585,100,19.0,20,1174,36,16
207,175,223,454,48,9,24.0,17,39,147,83,12,1372,14,9,123.0,6,140.0,1257,184,34.0,3,220,21,13.0,19.0,37.0,1315.0,436.0,17.0,140.0,789,177,22.0,32,1176,31,13
208,142,403,466,37,7,21.0,18,47,102,93,14,1034,13,18,122.0,23,98.0,1143,177,31.0,5,114,22,15.0,21.0,50.0,972.0,475.0,9.0,197.0,687,160,19.0,37,1202,37,14
209,221,482,462,48,11,24.0,13,49,90,97,15,1192,12,11,120.0,16,72.0,943,219,40.0,8,69,34,16.0,24.0,63.0,721.0,472.0,6.0,165.0,547,104,19.0,33,1567,32,18
210,293,546,412,38,7,26.0,14,26,82,108,11,1336,11,9,120.0,15,58.0,943,206,39.0,3,85,22,16.0,18.0,49.0,728.0,678.0,15.0,174.0,872,91,27.0,26,2036,32,16
211,245,477,339,48,9,34.0,7,38,74,98,9,1485,13,13,169.0,18,56.0,886,136,30.0,0,75,21,14.0,9.0,53.0,492.0,657.0,21.0,102.0,1571,101,31.0,28,1757,33,8
212,184,404,259,43,20,22.0,14,44,83,84,10,1427,19,10,134.0,18,73.0,986,147,47.0,9,68,21,22.0,10.0,57.0,553.0,591.0,6.0,94.0,870,101,24.0,22,1669,31,13
213,193,301,312,51,18,23.0,16,35,99,174,9,1541,15,11,156.0,9,81.0,859,100,43.0,10,66,17,13.0,18.0,55.0,443.0,546.0,11.0,160.0,748,119,43.0,16,1368,29,17
214,174,275,385,310,7,22.0,33,42,82,136,8,1274,16,9,195.0,8,68.0,876,136,60.0,8,74,13,12.0,21.0,54.0,472.0,530.0,8.0,131.0,628,85,28.0,17,1161,25,5
215,224,427,342,188,8,34.0,29,25,67,109,12,1288,14,12,177.0,13,64.0,821,106,41.0,14,74,19,14.0,13.0,53.0,445.0,844.0,18.0,128.0,678,65,18.0,18,998,32,12
216,250,776,396,74,16,31.0,16,38,77,100,19,1176,13,14,148.0,15,52.0,919,109,32.0,6,75,25,30.0,13.0,51.0,461.0,549.0,11.0,132.0,514,79,22.0,14,921,40,6
217,956,649,371,53,8,29.0,10,37,100,101,17,1953,13,10,124.0,12,49.0,911,125,36.0,5,50,22,16.0,13.0,57.0,778.0,567.0,7.0,151.0,551,77,23.0,34,975,34,5
218,723,488,326,87,11,22.0,15,35,107,88,21,1696,12,8,160.0,16,47.0,911,117,31.0,8,59,22,14.0,12.0,68.0,638.0,559.0,9.0,129.0,636,81,14.0,22,1001,51,9
219,612,378,279,32,10,31.0,23,40,95,71,18,1592,13,9,149.0,10,63.0,850,103,41.0,13,64,26,18.0,17.0,77.0,622.0,551.0,22.0,72.0,632,80,15.0,23,1121,45,13
220,374,352,346,49,9,26.0,10,38,84,92,22,1538,13,19,144.0,13,55.0,1068,89,31.0,6,83,21,17.0,17.0,57.0,540.0,460.0,8.0,119.0,764,126,30.0,16,1077,26,3
221,314,438,402,42,16,28.0,17,49,148,88,14,1695,11,15,151.0,13,52.0,876,82,31.0,7,62,24,12.0,19.0,39.0,499.0,429.0,8.0,152.0,558,99,32.0,15,939,25,5
222,258,393,381,51,14,21.0,13,39,106,99,11,1598,11,22,155.0,10,37.0,720,98,27.0,4,58,18,15.0,9.0,78.0,620.0,401.0,9.0,187.0,590,95,34.0,11,1059,80,7
223,329,329,404,36,10,21.0,10,25,83,85,20,2042,99,13,139.0,8,58.0,705,103,39.0,7,76,19,13.0,18.0,92.0,578.0,478.0,10.0,150.0,468,90,26.0,19,1046,118,9
224,341,300,353,31,9,20.0,11,35,87,107,14,2163,10,29,181.0,9,50.0,1260,92,35.0,5,50,21,10.0,9.0,62.0,494.0,492.0,13.0,118.0,510,121,29.0,20,1124,53,25
225,295,279,318,10,8,30.0,7,27,141,108,15,1549,14,19,204.0,12,62.0,969,105,35.0,5,49,17,24.0,18.0,47.0,459.0,1045.0,35.0,86.0,406,138,18.0,18,1165,43,18
226,341,203,279,17,10,42.0,14,28,75,104,10,2648,11,27,163.0,16,53.0,912,79,40.0,5,79,23,6.0,16.0,44.0,403.0,1071.0,36.0,92.0,402,147,20.0,31,1180,46,14
227,277,209,320,27,12,20.0,17,37,88,88,12,1665,10,26,136.0,14,60.0,850,118,44.0,2,67,24,21.0,19.0,40.0,402.0,1073.0,22.0,107.0,324,158,23.0,14,988,21,5
228,232,271,357,35,10,18.0,10,51,90,107,16,1589,9,21,192.0,10,79.0,814,109,32.0,6,56,21,18.0,15.0,57.0,471.0,785.0,26.0,132.0,367,121,18.0,20,1027,30,1
229,252,319,428,43,6,25.0,14,45,67,85,11,1250,12,17,186.0,9,54.0,816,103,39.0,11,50,24,19.0,22.0,51.0,1201.0,468.0,24.0,109.0,350,120,28.0,19,984,24,7
230,255,326,498,27,6,26.0,22,43,74,109,33,1351,13,16,151.0,12,43.0,748,98,31.0,8,84,19,27.0,12.0,82.0,717.0,562.0,13.0,137.0,434,97,13.0,18,857,12,8
231,257,263,369,21,10,20.0,18,30,89,88,19,1518,13,17,126.0,10,58.0,740,93,41.0,28,91,23,30.0,12.0,58.0,615.0,548.0,7.0,137.0,486,91,20.0,26,920,24,14
232,263,250,318,25,18,21.0,29,24,107,85,18,1469,12,18,184.0,11,60.0,790,78,28.0,23,70,21,19.0,17.0,48.0,533.0,603.0,34.0,117.0,410,110,103.0,22,1118,26,10
233,199,159,284,37,24,28.0,10,39,93,98,11,1523,16,16,171.0,15,61.0,852,86,40.0,17,70,17,8.0,13.0,41.0,418.0,552.0,19.0,116.0,358,106,18.0,29,1084,22,14
234,206,221,474,21,7,28.0,15,39,87,50,15,1725,12,17,182.0,12,69.0,687,96,61.0,13,61,19,19.0,14.0,51.0,416.0,493.0,12.0,142.0,353,113,10.0,23,1105,27,9
235,226,255,573,24,23,28.0,18,34,78,87,16,1945,10,15,187.0,15,51.0,870,101,70.0,26,83,21,34.0,17.0,96.0,405.0,490.0,6.0,118.0,411,129,8.0,18,1028,15,16
236,206,258,349,34,2,22.0,23,35,83,62,15,1095,12,14,138.0,8,59.0,1631,103,49.0,63,66,20,21.0,13.0,364.0,552.0,354.0,13.0,115.0,343,115,33.0,15,835,26,15
237,272,233,353,24,15,16.0,8,32,59,85,13,1191,17,17,120.0,9,60.0,973,107,46.0,51,65,13,11.0,16.0,298.0,436.0,397.0,16.0,117.0,378,83,25.0,43,878,34,11
238,239,262,365,21,14,23.0,15,26,45,72,12,1407,14,14,135.0,8,60.0,776,100,36.0,25,51,16,13.0,11.0,196.0,533.0,459.0,13.0,95.0,480,99,40.0,17,1158,41,17
239,264,278,263,32,11,23.0,22,28,52,129,17,1497,19,14,163.0,9,45.0,922,82,54.0,25,47,14,15.0,15.0,142.0,619.0,433.0,9.0,103.0,407,123,13.0,20,1107,31,7
240,216,212,245,31,4,27.0,11,25,39,193,5,1396,13,13,133.0,12,60.0,918,79,58.0,16,53,20,29.0,13.0,135.0,446.0,428.0,10.0,83.0,478,114,11.0,18,1112,25,10
241,304,231,301,26,6,27.0,15,33,60,135,12,1379,16,15,129.0,10,70.0,717,78,31.0,10,67,14,20.0,13.0,110.0,480.0,451.0,6.0,104.0,764,102,6.0,19,1218,36,17
242,202,302,337,20,14,31.0,11,39,56,102,12,1343,22,10,140.0,5,55.0,726,80,55.0,17,67,22,16.0,22.0,100.0,439.0,407.0,10.0,136.0,1104,119,13.0,10,1070,31,9
243,180,298,329,19,9,23.0,14,43,48,113,12,1108,14,10,128.0,10,47.0,743,122,43.0,4,73,22,24.0,22.0,133.0,413.0,378.0,11.0,124.0,1381,125,10.0,23,958,22,3
244,162,295,800,38,12,14.0,19,27,52,108,17,1247,10,15,109.0,7,63.0,653,103,35.0,10,55,16,21.0,20.0,92.0,583.0,368.0,16.0,118.0,1857,92,14.0,26,882,22,10
245,229,251,935,15,8,25.0,7,40,51,90,15,1452,14,9,528.0,13,79.0,794,92,47.0,6,68,15,16.0,22.0,97.0,552.0,336.0,11.0,123.0,2242,77,8.0,19,1010,23,5
246,313,262,476,31,15,24.0,15,50,72,89,18,1774,15,13,1702.0,10,51.0,894,116,55.0,10,52,17,26.0,14.0,70.0,520.0,386.0,17.0,109.0,1636,102,8.0,15,1130,34,13
247,217,228,324,33,11,17.0,16,24,43,83,11,1577,14,9,1380.0,10,71.0,888,102,51.0,5,53,18,23.0,17.0,92.0,467.0,387.0,12.0,83.0,1532,94,13.0,12,1157,24,5
248,264,204,323,25,12,21.0,17,28,56,73,17,1391,12,11,971.0,8,60.0,881,117,29.0,3,61,19,56.0,20.0,61.0,457.0,529.0,14.0,98.0,1500,105,9.0,19,1358,16,17
249,170,241,389,21,6,25.0,5,25,73,74,11,1283,11,9,773.0,12,48.0,766,103,40.0,6,56,21,135.0,20.0,55.0,650.0,524.0,10.0,125.0,1401,105,22.0,22,1222,27,15
250,151,893,376,21,18,27.0,17,21,57,77,10,1059,13,23,502.0,9,68.0,709,97,42.0,6,69,16,87.0,12.0,75.0,553.0,443.0,8.0,138.0,1396,86,13.0,20,1154,35,15
251,201,931,322,30,10,17.0,9,48,37,117,12,1210,25,13,380.0,8,55.0,638,124,33.0,5,60,16,97.0,20.0,63.0,502.0,463.0,8.0,82.0,1404,109,10.0,25,1163,16,15
252,234,625,329,15,16,24.0,11,40,91,94,12,3470,14,12,299.0,7,63.0,762,75,33.0,11,61,23,49.0,14.0,58.0,450.0,426.0,8.0,78.0,1495,91,15.0,24,1243,25,10
253,214,508,286,30,9,19.0,19,36,76,80,13,2178,20,13,302.0,6,67.0,707,122,33.0,6,30,18,44.0,16.0,70.0,507.0,544.0,17.0,61.0,1073,99,15.0,31,1248,21,13
254,208,351,333,15,6,18.0,11,36,55,96,10,1571,11,21,224.0,13,57.0,746,83,40.0,2,54,17,52.0,14.0,79.0,462.0,818.0,13.0,146.0,896,107,19.0,35,1189,21,26
255,197,358,2252,23,7,18.0,9,33,44,118,13,1432,15,10,273.0,7,69.0,714,103,22.0,3,60,17,41.0,21.0,54.0,496.0,625.0,15.0,125.0,876,112,34.0,25,1007,22,30
256,200,529,3467,33,8,21.0,17,39,66,93,13,1539,15,15,210.0,12,89.0,684,94,24.0,5,70,21,97.0,17.0,63.0,461.0,531.0,18.0,103.0,772,157,23.0,33,1096,21,17
257,185,503,3496,37,2,17.0,13,38,48,73,10,1250,13,9,182.0,8,48.0,609,83,26.0,10,48,14,57.0,10.0,58.0,668.0,425.0,17.0,98.0,761,147,24.0,28,1280,29,24
258,170,452,3060,42,5,14.0,6,36,48,136,12,1445,17,9,163.0,10,52.0,547,112,45.0,7,48,26,36.0,9.0,64.0,571.0,594.0,21.0,72.0,825,81,6.0,28,1074,38,5
259,190,374,2186,41,12,15.0,9,32,44,159,18,1591,16,6,201.0,10,59.0,626,93,33.0,10,49,32,34.0,24.0,69.0,510.0,509.0,13.0,80.0,916,105,5.0,20,1048,25,6
260,158,252,1474,27,17,28.0,24,34,72,118,19,1541,12,12,238.0,10,47.0,762,89,29.0,7,55,11,31.0,13.0,45.0,452.0,540.0,8.0,71.0,792,116,18.0,16,1129,33,15
261,172,211,991,31,13,15.0,11,37,59,128,19,1480,10,13,202.0,10,65.0,730,74,25.0,10,68,25,28.0,12.0,61.0,507.0,741.0,12.0,64.0,684,108,11.0,19,1140,21,10
262,217,196,929,34,9,24.0,10,30,61,103,24,1424,11,11,306.0,9,70.0,678,85,30.0,8,52,25,22.0,10.0,50.0,627.0,734.0,18.0,69.0,734,118,15.0,60,1185,25,10
263,139,241,857,26,15,23.0,21,41,95,113,16,1380,20,15,352.0,9,66.0,564,112,34.0,6,171,23,24.0,16.0,84.0,710.0,608.0,22.0,97.0,585,118,13.0,50,1092,32,13
264,133,249,897,39,13,24.0,16,55,89,91,14,1265,13,6,242.0,10,60.0,513,117,52.0,7,382,16,28.0,10.0,106.0,2575.0,570.0,11.0,92.0,622,94,7.0,43,1034,27,10
265,155,251,698,47,38,30.0,7,72,59,112,16,1374,15,11,162.0,9,49.0,548,108,88.0,5,243,28,12.0,23.0,58.0,1128.0,528.0,19.0,85.0,800,89,3.0,29,872,17,10
266,159,231,742,26,9,40.0,6,31,48,97,18,1296,22,10,192.0,7,34.0,637,106,73.0,7,176,26,27.0,19.0,59.0,711.0,608.0,19.0,90.0,822,103,7.0,25,918,32,18
267,165,261,581,19,12,34.0,5,38,66,100,17,1267,15,11,199.0,11,64.0,643,135,52.0,3,68,24,22.0,14.0,54.0,672.0,620.0,8.0,64.0,904,122,24.0,24,1012,15,16
268,189,245,470,23,7,36.0,12,23,51,104,14,1418,12,14,196.0,9,49.0,688,102,51.0,6,101,26,14.0,13.0,45.0,664.0,835.0,22.0,62.0,635,104,16.0,33,913,15,9
269,183,206,498,22,14,19.0,7,32,56,97,18,2260,10,9,212.0,6,65.0,684,87,47.0,10,107,20,110.0,10.0,47.0,1666.0,794.0,10.0,61.0,545,105,19.0,43,892,25,10
270,175,257,478,30,12,26.0,11,20,68,65,17,2065,13,18,190.0,5,78.0,660,108,34.0,2,87,16,90.0,15.0,36.0,10111.0,597.0,12.0,135.0,574,113,17.0,42,964,25,9
271,119,239,422,30,11,21.0,8,30,48,72,15,1776,11,14,222.0,3,58.0,666,97,65.0,2,67,22,51.0,14.0,58.0,7453.0,673.0,14.0,149.0,603,87,21.0,20,890,14,7
272,181,284,396,20,5,21.0,8,41,47,105,12,1643,13,16,160.0,8,61.0,573,94,58.0,3,68,23,21.0,14.0,64.0,4747.0,454.0,19.0,159.0,629,85,11.0,29,814,19,11
273,195,233,364,23,10,19.0,16,72,45,78,16,1568,12,18,161.0,9,55.0,766,86,68.0,3,72,16,26.0,16.0,55.0,3115.0,515.0,11.0,162.0,622,131,8.0,41,829,19,8
274,328,221,367,27,13,28.0,9,49,78,85,15,1645,11,11,180.0,4,65.0,829,121,45.0,7,78,24,18.0,18.0,61.0,2585.0,525.0,17.0,93.0,536,185,10.0,91,921,23,19
275,229,141,379,21,15,30.0,10,26,59,111,14,2852,18,9,248.0,3,44.0,746,81,40.0,9,77,21,10.0,17.0,65.0,1870.0,509.0,7.0,81.0,534,116,10.0,62,1132,26,10
276,194,173,443,22,12,21.0,79,28,61,81,11,2445,12,6,267.0,9,58.0,744,66,46.0,8,51,30,16.0,21.0,71.0,1597.0,511.0,9.0,137.0,496,105,6.0,28,875,20,14
277,157,247,336,29,12,28.0,58,26,79,65,21,1627,13,9,302.0,8,75.0,861,75,44.0,9,53,20,19.0,24.0,52.0,1210.0,617.0,5.0,133.0,435,110,4.0,29,861,42,2
278,169,344,396,28,3,26.0,37,20,63,84,13,1417,13,18,170.0,7,63.0,757,101,22.0,9,59,21,15.0,14.0,70.0,1096.0,441.0,19.0,105.0,433,106,10.0,32,731,28,9
279,151,369,402,31,12,28.0,27,24,44,130,15,1457,15,10,133.0,8,38.0,566,89,31.0,4,57,24,14.0,21.0,58.0,1031.0,705.0,25.0,100.0,505,80,7.0,37,2896,15,14
280,171,293,362,21,9,17.0,29,18,45,99,14,1631,15,15,430.0,6,53.0,1242,91,33.0,5,72,21,17.0,19.0,71.0,800.0,887.0,17.0,107.0,497,86,8.0,25,1178,34,24
281,180,331,659,13,15,18.0,29,17,57,81,16,1573,12,12,1067.0,9,42.0,5120,92,24.0,4,59,17,11.0,25.0,75.0,776.0,651.0,11.0,69.0,489,123,6.0,34,1071,19,6
282,168,189,464,12,10,26.0,19,34,55,84,15,1491,18,18,941.0,5,38.0,3121,97,32.0,4,57,21,13.0,11.0,56.0,676.0,675.0,13.0,80.0,437,110,13.0,16,954,17,7
283,196,206,381,26,6,27.0,38,19,59,74,11,1340,11,9,577.0,5,44.0,861,85,42.0,8,108,27,12.0,20.0,68.0,693.0,573.0,8.0,109.0,409,123,2.0,27,804,15,11
284,159,300,473,25,7,32.0,26,38,60,70,20,1285,11,9,376.0,11,63.0,755,90,38.0,9,90,17,10.0,21.0,59.0,651.0,434.0,7.0,103.0,499,115,9.0,18,806,29,10
285,137,294,396,24,6,26.0,14,18,60,90,18,1455,14,5,243.0,8,55.0,693,115,30.0,7,95,19,168.0,28.0,64.0,684.0,375.0,10.0,102.0,428,91,7.0,53,724,25,9
286,134,216,353,35,7,27.0,16,23,125,106,18,1778,12,8,175.0,3,61.0,607,118,48.0,11,84,14,104.0,19.0,57.0,638.0,460.0,10.0,76.0,437,106,6.0,19,673,27,6
287,198,245,338,29,7,26.0,14,19,78,93,12,1456,13,5,192.0,8,57.0,641,115,30.0,6,67,19,37.0,20.0,66.0,548.0,555.0,6.0,74.0,494,129,10.0,24,824,21,12
288,145,229,418,38,11,25.0,39,12,81,92,10,1419,13,6,237.0,9,52.0,713,97,39.0,5,57,16,29.0,16.0,61.0,554.0,596.0,8.0,62.0,491,159,7.0,28,764,21,10
289,166,163,304,35,17,22.0,27,10,71,84,15,1392,12,11,253.0,6,47.0,666,116,28.0,9,45,19,18.0,18.0,73.0,487.0,553.0,9.0,200.0,398,149,4.0,19,763,21,17
290,178,198,377,23,9,28.0,32,16,75,59,10,1418,13,7,252.0,4,66.0,750,97,16.0,5,60,20,41.0,15.0,71.0,434.0,535.0,15.0,181.0,449,159,2.0,23,801,15,18
291,160,255,442,27,14,26.0,37,19,75,106,9,1413,11,9,209.0,6,72.0,1635,121,27.0,11,75,21,16.0,15.0,63.0,501.0,588.0,14.0,127.0,446,116,7.0,25,814,15,11
292,156,223,386,27,9,18.0,21,15,56,87,11,1087,11,7,140.0,3,48.0,986,110,33.0,6,72,16,20.0,28.0,64.0,502.0,601.0,9.0,170.0,423,87,6.0,25,822,18,13
293,171,248,330,21,17,26.0,40,14,43,142,10,1303,13,17,117.0,6,45.0,765,98,32.0,6,57,20,16.0,15.0,60.0,447.0,485.0,15.0,117.0,438,91,12.0,23,808,13,7
294,159,215,337,20,13,28.0,21,14,61,111,10,1623,12,5,140.0,8,53.0,1514,119,27.0,4,56,14,16.0,11.0,63.0,545.0,498.0,17.0,158.0,440,134,5.0,8,902,14,7
295,166,194,329,38,10,36.0,12,17,77,124,23,1567,16,7,203.0,6,55.0,2100,92,33.0,10,41,15,12.0,11.0,67.0,527.0,567.0,17.0,111.0,487,169,10.0,13,759,35,7
296,181,227,386,19,9,27.0,20,24,54,132,16,1483,12,10,183.0,0,53.0,1424,101,23.0,8,52,14,18.0,13.0,115.0,420.0,455.0,7.0,74.0,509,167,5.0,21,751,16,7
297,226,200,365,26,2,33.0,36,20,70,121,17,4778,13,10,190.0,4,51.0,1113,82,27.0,9,68,20,16.0,9.0,91.0,498.0,475.0,14.0,114.0,671,144,16.0,26,689,20,32
298,219,240,398,84,13,27.0,12,25,60,88,15,2260,13,10,163.0,4,61.0,924,102,24.0,5,51,19,19.0,14.0,107.0,1102.0,509.0,10.0,124.0,705,127,4.0,26,811,15,15
299,147,262,367,31,5,34.0,15,18,56,78,13,1449,13,8,364.0,7,81.0,860,101,45.0,6,76,19,22.0,12.0,100.0,917.0,411.0,14.0,128.0,710,99,4.0,25,798,65,9
