,2015_Juba_An-12_crash,Aviastar_Flight_7503,British_Airways_Flight_2276,2015_%C4%8Cerven%C3%BD_Kame%C5%88_mid-air_collision,2015_Colombia_helicopter_crash,2015_Fox_Glacier_helicopter_crash,Metrojet_Flight_9268,2015_Russian_Sukhoi_Su-24_shootdown,2015_Shoreham_Airshow_crash,2016_Alfa_Indonesia_DHC-4_crash,2016_Colombia_army_helicopter_crash,2016_Russian_Defence_Ministry_Tupolev_Tu-154_crash,2016_Silk_Way_Airlines_Antonov_An-12_crash,2016_Sunbird_Aviation_crash,Afriqiyah_Airways_Flight_209,American_Airlines_Flight_383_(2016),ASL_Airlines_Hungary_Flight_7332,Batik_Air_Flight_7703,Daallo_Airlines_Flight_159,EgyptAir_Flight_181,EgyptAir_Flight_804,Emirates_Flight_521,Flydubai_Flight_981,2016_Indian_Air_Force_An-32_disappearance,Korean_Air_Flight_2708,LaMia_Flight_2933,2016_Malta_Fairchild_Merlin_crash,Pakistan_International_Airlines_Flight_661,Tara_Air_Flight_193,West_Air_Sweden_Flight_294,2017_Aerogaviota_Antonov_An-26_crash,2017_Myanmar_Air_Force_Shaanxi_Y-8_crash,2017_South_Supreme_Airlines_Antonov_An-26_crash,2017_Valan_International_Antonov_An-26_crash,Air_France_Flight_66,Nature_Air_Flight_9916,Peruvian_Airlines_Flight_112,Turkish_Airlines_Flight_6491,West_Wind_Aviation_Flight_280,Air_Niugini_Flight_73,Air_Vanuatu_Flight_241,2018_Ju-Air_Junkers_Ju_52_crash,2018_Leicester_helicopter_crash,Saratov_Airlines_Flight_703,Syria_missile_strikes_(September_2018),US-Bangla_Airlines_Flight_211,Utair_Flight_579,2018_UY_Aviation_King_Air_C90_crash,Xiamen_Airlines_Flight_8667,2019_Colombia_DC-3_crash,Aeroflot_Flight_1492,Angara_Airlines_Flight_200,Bek_Air_Flight_2100,Biman_Bangladesh_Airlines_Flight_60,Biman_Bangladesh_Airlines_Flight_147,2019_Chilean_Air_Force_C-130_crash,Ethiopian_Airlines_Flight_302,2019_M%C3%A9naka_helicopter_crash,2019_Pakistan_Army_military_plane_crash,2019_Saha_Airlines_Boeing_707_crash,Skydive_Ume%C3%A5_Gippsland_GA8_Airvan_crash,Ural_Airlines_Flight_178,Caspian_Airlines_Flight_6936,Pakistan_International_Airlines_Flight_8303,Pegasus_Airlines_Flight_2193,Ukraine_International_Airlines_Flight_752,2020_United_States_Air_Force_E-11A_crash
0,,662,,,,1,1074,53966,2549,,,50000,,,3453,443,,401,,53261,140560,41261,97146,14,629,,,1001,26890,792,,3443,3365,1590,,,,22879,,1932,43,,,57086,,29384,1446,432,,,20902,2516,16069,,307,,107156,,,8322,,4311,5289,72939,11318,185209,18847
1,12886.0,810,12601.0,,,469,122,110491,44376,334.0,,42008,2875.0,784.0,2523,8283,24.0,1330,690.0,38979,110583,65852,58856,958,836,,489.0,17267,36491,1235,415.0,10799,3148,1050,6814.0,,3206.0,36957,345.0,2696,341,1285.0,109.0,81613,3507.0,47143,1776,1189,,,100613,1777,29920,482.0,2084,38.0,134619,990.0,121.0,28897,,6772,3160,77967,13587,148506,45665
2,12730.0,746,7328.0,239.0,,370,88,50899,47962,252.0,188.0,26076,2058.0,457.0,2457,3745,93.0,776,4127.0,23670,64534,36447,48880,2077,531,,468.0,30502,23518,1025,1497.0,14429,842,652,5920.0,,1492.0,16821,637.0,1731,337,5039.0,124.0,39390,2375.0,24687,1129,511,,798.0,42905,671,20236,743.0,778,48.0,102089,774.0,122.0,14691,,28124,1231,47443,4088,126742,10009
3,8406.0,958,3965.0,724.0,41.0,442,90,35576,17310,217.0,152.0,18270,967.0,305.0,1537,2487,76.0,546,46377.0,17297,44989,18431,30787,2702,599,7921.0,260.0,18185,15121,959,636.0,9453,392,299,2449.0,,892.0,8898,811.0,2154,450,22890.0,51.0,21059,1222.0,13754,732,345,87.0,1015.0,27890,566,18638,522.0,425,182.0,85596,440.0,93.0,9452,,32551,907,48720,2075,135103,4795
4,5364.0,747,1795.0,783.0,15.0,362,158,28002,11524,200.0,142.0,11829,639.0,467.0,1055,1418,101.0,512,30466.0,12097,46497,15758,21854,2805,592,41169.0,364.0,13999,15080,754,359.0,7695,305,218,1520.0,,632.0,2218,611.0,1360,1119,17809.0,33.0,14265,908.0,11194,521,269,342.0,644.0,23581,613,15339,613.0,301,469.0,56037,295.0,78.0,7387,,30742,673,36146,1965,79324,2327
5,5189.0,542,1511.0,241.0,17.0,292,85,22955,9173,142.0,97.0,8861,624.0,409.0,814,990,432.0,424,27811.0,8969,33944,15953,7732,2441,515,26588.0,389.0,11566,10630,579,300.0,9395,293,160,1218.0,,576.0,1471,631.0,971,457,12435.0,21.0,11205,648.0,9226,454,233,251.0,472.0,14194,390,12211,619.0,267,306.0,34276,240.0,166.0,2953,94.0,21018,566,25026,1646,64806,1695
6,4781.0,406,1660.0,193.0,12.0,246,2052,22433,8030,134.0,77.0,7021,479.0,393.0,637,824,340.0,384,26210.0,9131,23699,7086,5141,2154,429,21951.0,238.0,9086,7992,624,241.0,9057,289,149,1490.0,191.0,533.0,1282,561.0,848,283,5301.0,17.0,8368,659.0,8247,435,202,184.0,335.0,11310,362,9810,425.0,382,297.0,19992,262.0,71.0,903,4591.0,16265,472,18984,1321,35567,1727
7,3694.0,337,1249.0,144.0,47.0,160,9592,18128,7505,136.0,79.0,6173,331.0,382.0,390,716,311.0,470,16284.0,4723,21500,4093,6630,2141,612,20172.0,179.0,4016,7550,619,291.0,1673,274,211,1540.0,20.0,391.0,1245,589.0,514,255,967.0,12.0,8452,2090.0,9931,334,128,142.0,283.0,11249,244,6824,387.0,331,12885.0,18150,269.0,74.0,709,3584.0,17943,399,13356,1148,22317,1443
8,3644.0,257,1013.0,139.0,114.0,216,19471,13562,6546,118.0,90.0,6139,325.0,300.0,382,689,271.0,375,13202.0,575,19556,3659,4514,2326,439,12155.0,116.0,2321,7802,493,123.0,453,214,171,1057.0,4.0,313.0,1043,435.0,449,309,659.0,341.0,2388,1744.0,3968,478,146,122.0,391.0,11566,219,5495,317.0,351,13462.0,18965,159.0,60.0,1464,959.0,10362,307,10000,803,12908,1161
9,2825.0,281,950.0,147.0,78.0,211,20060,12391,7149,92.0,87.0,6603,215.0,258.0,385,533,294.0,358,11549.0,457,14221,2442,5094,1870,338,9838.0,99.0,1663,1339,520,96.0,398,172,132,1100.0,4.0,307.0,953,352.0,404,314,645.0,2026.0,1647,993.0,1463,369,142,115.0,391.0,2546,217,3161,263.0,273,11008.0,14413,117.0,71.0,1290,644.0,7838,667,7308,725,10182,1028
10,544.0,282,900.0,113.0,98.0,223,18726,6852,7009,112.0,50.0,6041,155.0,213.0,361,546,285.0,345,9375.0,367,14160,1726,4103,1976,326,8866.0,99.0,1253,402,518,115.0,265,139,142,848.0,4.0,267.0,895,521.0,431,373,460.0,1697.0,1196,645.0,1342,306,113,111.0,276.0,1700,217,723,218.0,227,1414.0,9087,120.0,51.0,872,447.0,8378,567,9323,721,8263,776
11,365.0,344,760.0,173.0,76.0,184,15943,3011,6243,107.0,72.0,5768,174.0,298.0,351,531,315.0,333,7789.0,259,16624,1777,2927,1351,322,7013.0,86.0,1219,407,545,102.0,261,124,135,894.0,0.0,293.0,798,474.0,347,285,343.0,1293.0,1162,486.0,1250,237,118,110.0,317.0,1763,208,614,201.0,241,426.0,8037,105.0,46.0,683,379.0,9908,314,9357,751,7317,567
12,343.0,279,776.0,138.0,247.0,138,14561,2568,5021,95.0,43.0,4653,181.0,271.0,322,292,315.0,276,7506.0,298,17013,1992,2609,1585,339,4916.0,92.0,1441,416,454,71.0,339,132,151,696.0,3.0,329.0,691,357.0,351,237,430.0,1110.0,985,435.0,971,222,121,92.0,273.0,1346,230,1705,231.0,251,432.0,6534,66.0,46.0,591,290.0,9058,248,7439,779,6544,463
13,344.0,250,703.0,114.0,229.0,93,13769,2802,2017,101.0,54.0,4157,187.0,295.0,327,312,310.0,261,3338.0,358,17528,1706,2212,1745,458,4616.0,80.0,1142,385,413,84.0,246,108,109,851.0,0.0,345.0,678,370.0,351,208,362.0,1134.0,828,409.0,954,239,162,133.0,221.0,1043,222,860,213.0,223,360.0,4765,101.0,36.0,584,198.0,7239,234,6362,692,6379,489
14,315.0,289,897.0,108.0,134.0,102,27809,2316,1240,110.0,45.0,4124,248.0,275.0,311,333,260.0,275,580.0,281,14975,1559,1917,1466,466,4826.0,89.0,1061,345,443,100.0,225,131,112,892.0,26.0,339.0,676,621.0,382,283,276.0,4372.0,813,375.0,1882,220,126,121.0,211.0,1249,267,663,224.0,1164,304.0,4726,83.0,61.0,546,138.0,8319,233,5242,601,4725,439
15,262.0,221,654.0,97.0,92.0,106,21056,2357,1127,112.0,62.0,4654,183.0,244.0,264,303,255.0,269,520.0,260,11198,1670,1827,1023,365,4126.0,76.0,800,301,381,89.0,194,98,166,787.0,13.0,339.0,739,653.0,335,231,273.0,2312.0,890,366.0,1700,259,118,101.0,231.0,1395,229,529,151.0,1078,250.0,5184,114.0,51.0,504,142.0,7467,185,4534,692,3850,401
16,207.0,242,671.0,71.0,86.0,119,23357,1655,1257,81.0,62.0,3250,168.0,374.0,245,346,262.0,307,459.0,282,10778,1302,2093,774,395,3349.0,55.0,738,292,424,71.0,191,98,143,1027.0,9.0,336.0,776,565.0,326,189,323.0,1310.0,810,369.0,1046,264,83,103.0,203.0,1268,228,369,162.0,674,242.0,4944,86.0,91.0,577,160.0,6511,182,3678,551,3625,332
17,203.0,312,666.0,74.0,111.0,89,51891,1600,1114,97.0,35.0,3338,199.0,325.0,284,436,239.0,266,465.0,278,6316,1104,1839,924,397,2546.0,60.0,617,322,400,94.0,132,100,120,710.0,116.0,286.0,647,415.0,345,172,297.0,1050.0,724,291.0,927,319,105,171.0,191.0,890,227,336,145.0,510,237.0,5180,75.0,78.0,464,112.0,5916,157,2531,532,3221,266
18,160.0,278,615.0,99.0,116.0,77,54082,1467,1104,84.0,36.0,900,161.0,233.0,214,415,245.0,213,463.0,219,5386,1201,1542,923,390,2248.0,67.0,1310,365,399,105.0,149,78,125,576.0,157.0,256.0,629,628.0,294,138,230.0,1405.0,722,222.0,823,210,90,250.0,210.0,785,250,323,122.0,410,409.0,4486,102.0,77.0,430,91.0,6549,136,2565,512,3706,241
19,196.0,195,626.0,73.0,235.0,127,34710,1942,782,95.0,54.0,697,148.0,221.0,214,367,270.0,183,419.0,266,5145,1237,1142,632,349,2303.0,64.0,880,346,426,97.0,196,88,104,615.0,141.0,265.0,544,1120.0,265,129,229.0,664.0,608,193.0,655,227,121,170.0,177.0,779,202,279,148.0,292,332.0,4120,62.0,94.0,383,90.0,6497,148,2462,533,6169,193
20,266.0,167,676.0,262.0,250.0,75,22120,1803,641,113.0,41.0,637,166.0,214.0,217,362,252.0,257,459.0,319,5497,1120,1666,549,433,3484.0,56.0,769,280,373,94.0,131,103,111,574.0,166.0,346.0,671,2788.0,281,139,208.0,564.0,560,222.0,744,204,140,161.0,159.0,706,222,222,163.0,189,268.0,3665,46.0,86.0,444,69.0,659,155,2100,552,3884,195
21,270.0,292,625.0,127.0,100.0,70,10369,2120,661,102.0,51.0,612,140.0,189.0,211,268,259.0,221,542.0,224,3345,1191,1131,459,381,2255.0,59.0,719,271,406,72.0,158,122,113,555.0,204.0,337.0,585,777.0,235,127,205.0,511.0,594,183.0,695,200,118,152.0,160.0,684,203,231,148.0,190,221.0,3139,59.0,67.0,723,75.0,612,177,1880,465,3146,231
22,208.0,237,532.0,91.0,75.0,78,9246,1751,618,93.0,59.0,954,107.0,201.0,200,273,208.0,218,919.0,322,2874,1005,1104,364,350,2197.0,69.0,541,262,453,61.0,136,99,124,618.0,201.0,278.0,572,395.0,266,96,214.0,621.0,538,229.0,649,186,102,159.0,187.0,964,213,210,138.0,183,207.0,3240,70.0,68.0,533,48.0,493,165,1614,470,3026,238
23,173.0,246,496.0,56.0,62.0,60,10269,1575,758,93.0,42.0,745,112.0,188.0,176,307,290.0,177,780.0,245,2614,940,1119,371,367,2405.0,48.0,525,222,379,67.0,145,110,130,600.0,158.0,307.0,518,282.0,254,113,203.0,532.0,867,136.0,677,209,85,201.0,197.0,685,179,198,167.0,226,182.0,3530,67.0,68.0,420,87.0,424,139,1656,411,2615,267
24,165.0,278,684.0,79.0,45.0,59,6835,1502,733,80.0,38.0,745,81.0,164.0,302,312,305.0,190,593.0,227,3749,980,1161,343,386,2156.0,52.0,463,2554,355,104.0,141,92,122,570.0,156.0,275.0,655,294.0,267,99,216.0,594.0,984,154.0,558,221,119,289.0,136.0,668,173,211,178.0,172,188.0,4021,56.0,43.0,487,70.0,478,189,1812,619,2053,242
25,176.0,217,508.0,97.0,48.0,61,2860,1134,533,94.0,37.0,551,80.0,138.0,288,301,271.0,287,478.0,217,3544,1195,986,428,391,1781.0,59.0,577,886,435,70.0,138,80,144,557.0,144.0,223.0,605,245.0,281,98,196.0,635.0,685,162.0,666,192,101,309.0,193.0,635,189,257,125.0,162,193.0,9560,53.0,48.0,776,49.0,390,132,1402,574,2102,226
26,182.0,233,542.0,66.0,51.0,56,2373,1170,450,83.0,55.0,609,91.0,167.0,219,329,289.0,322,514.0,231,3532,1078,1041,348,384,1535.0,44.0,555,750,582,75.0,139,72,98,519.0,121.0,227.0,537,297.0,249,102,176.0,549.0,593,144.0,652,185,135,216.0,186.0,791,168,227,136.0,148,132.0,7381,58.0,48.0,462,63.0,441,151,1416,404,3418,175
27,234.0,287,537.0,59.0,63.0,45,1812,1294,493,87.0,56.0,633,95.0,153.0,184,251,272.0,250,456.0,232,5152,950,1021,309,360,2118.0,63.0,435,501,511,70.0,179,100,120,474.0,141.0,261.0,566,11474.0,341,109,164.0,537.0,445,204.0,736,343,128,199.0,169.0,694,150,201,136.0,113,120.0,4351,68.0,36.0,428,50.0,485,162,1215,353,2635,219
28,195.0,363,533.0,52.0,62.0,78,1697,1086,608,82.0,52.0,690,90.0,155.0,143,233,235.0,227,451.0,253,8865,802,939,317,298,2598.0,72.0,449,367,971,70.0,154,126,99,595.0,112.0,274.0,578,286.0,323,89,171.0,695.0,562,148.0,727,224,93,186.0,118.0,776,161,192,103.0,128,134.0,3676,64.0,48.0,475,85.0,473,151,1237,364,2565,218
29,195.0,1613,664.0,53.0,53.0,79,1923,1008,571,1008.0,44.0,530,116.0,151.0,142,247,224.0,246,513.0,208,6113,957,1045,360,282,4153.0,59.0,459,297,593,94.0,168,104,89,575.0,119.0,266.0,545,225.0,302,97,205.0,543.0,2013,159.0,603,171,110,156.0,129.0,662,119,195,103.0,131,140.0,3891,63.0,71.0,465,52.0,407,139,1114,381,2393,191
30,137.0,1099,451.0,66.0,66.0,82,2057,886,554,412.0,46.0,441,107.0,260.0,133,291,213.0,218,495.0,223,3263,890,1083,386,286,2405.0,72.0,331,228,512,73.0,184,100,110,524.0,137.0,234.0,539,204.0,426,96,192.0,523.0,1251,164.0,1527,193,86,235.0,145.0,652,160,264,101.0,121,276.0,3389,49.0,49.0,406,85.0,367,146,1248,321,2163,231
31,149.0,871,436.0,54.0,32.0,83,2740,829,522,269.0,48.0,349,72.0,128.0,140,336,221.0,260,321.0,243,2774,797,1393,454,1425,1711.0,53.0,390,177,481,106.0,158,99,116,530.0,97.0,247.0,544,190.0,2299,109,166.0,501.0,1389,115.0,1003,185,84,202.0,136.0,539,164,393,100.0,157,171.0,3055,46.0,49.0,411,73.0,405,127,2460,326,1964,213
32,133.0,565,456.0,52.0,27.0,63,2077,851,413,184.0,38.0,353,109.0,168.0,132,1438,255.0,191,301.0,272,2891,893,1637,401,869,1492.0,43.0,424,185,411,113.0,157,105,110,481.0,107.0,262.0,525,315.0,1333,99,149.0,2529.0,597,114.0,670,129,87,209.0,125.0,577,166,279,103.0,140,166.0,2485,107.0,49.0,383,115.0,391,135,2125,325,1835,205
33,169.0,627,462.0,50.0,30.0,54,1789,790,403,161.0,23.0,387,108.0,163.0,117,866,215.0,161,302.0,225,2383,977,1301,337,485,1228.0,53.0,415,199,371,107.0,145,67,135,447.0,122.0,336.0,544,248.0,961,82,147.0,2073.0,496,131.0,476,155,114,210.0,140.0,552,196,249,95.0,124,159.0,2193,137.0,40.0,339,78.0,390,134,6208,352,1893,192
34,188.0,573,561.0,63.0,49.0,60,1533,782,395,110.0,46.0,359,91.0,138.0,129,552,235.0,170,333.0,192,2201,1785,981,413,461,1462.0,64.0,375,454,341,96.0,365,95,123,528.0,95.0,312.0,642,212.0,614,87,133.0,735.0,469,135.0,563,134,305,187.0,107.0,540,172,212,113.0,117,120.0,1897,98.0,33.0,368,79.0,471,131,7756,382,1672,209
35,113.0,398,724.0,64.0,40.0,65,1357,829,249,119.0,58.0,385,89.0,125.0,113,379,190.0,187,443.0,244,2149,1698,799,380,383,1222.0,63.0,404,374,318,66.0,207,79,79,520.0,102.0,270.0,567,162.0,575,136,162.0,705.0,479,141.0,595,125,180,171.0,97.0,566,169,189,100.0,116,125.0,2207,73.0,34.0,379,105.0,370,143,4702,328,1618,205
36,153.0,442,576.0,53.0,113.0,43,1323,773,386,118.0,71.0,347,82.0,1446.0,105,374,237.0,187,312.0,206,1856,1208,837,450,311,1229.0,566.0,467,258,326,63.0,137,71,83,543.0,93.0,270.0,876,219.0,496,127,215.0,761.0,525,135.0,721,129,111,196.0,142.0,627,152,153,99.0,121,114.0,3645,63.0,32.0,358,84.0,396,121,3147,307,1528,184
37,106.0,324,515.0,51.0,44.0,74,1534,633,381,301.0,47.0,340,72.0,618.0,119,305,254.0,184,280.0,236,1401,854,856,461,280,1690.0,286.0,566,204,335,80.0,156,92,76,733.0,100.0,247.0,691,184.0,431,118,185.0,529.0,537,137.0,793,127,103,163.0,146.0,569,149,157,93.0,136,111.0,3028,54.0,36.0,414,75.0,412,115,2426,459,1438,171
38,115.0,251,442.0,60.0,36.0,61,1592,731,437,322.0,94.0,339,66.0,328.0,131,373,230.0,188,276.0,196,1466,875,1017,491,322,1112.0,191.0,433,165,367,78.0,115,96,76,573.0,114.0,295.0,576,144.0,390,105,126.0,445.0,893,137.0,564,102,140,182.0,155.0,437,151,192,72.0,119,103.0,2642,91.0,38.0,309,67.0,414,120,2386,343,1364,189
39,118.0,184,422.0,69.0,27.0,68,1293,720,319,157.0,84.0,310,85.0,225.0,130,313,277.0,159,261.0,209,2646,904,911,389,327,1297.0,138.0,385,175,325,74.0,108,82,97,623.0,99.0,216.0,586,168.0,366,74,123.0,541.0,484,125.0,625,117,141,179.0,141.0,464,156,186,81.0,116,109.0,2265,70.0,25.0,336,67.0,427,97,8728,401,1495,154
40,170.0,199,482.0,74.0,39.0,52,1330,692,308,99.0,56.0,330,139.0,243.0,112,704,298.0,169,345.0,187,3103,984,797,376,281,1139.0,123.0,555,203,285,164.0,119,79,61,502.0,93.0,180.0,580,152.0,399,87,106.0,1697.0,404,126.0,469,122,165,164.0,170.0,492,176,183,105.0,119,75.0,1939,50.0,38.0,400,59.0,446,117,2703,302,2161,130
41,142.0,183,454.0,51.0,44.0,58,1191,699,388,111.0,41.0,302,118.0,220.0,100,663,221.0,197,351.0,191,3656,902,800,326,316,1144.0,70.0,499,151,266,207.0,107,103,61,515.0,89.0,218.0,731,158.0,348,91,106.0,915.0,354,156.0,371,136,121,160.0,115.0,502,149,213,95.0,95,74.0,1799,49.0,37.0,793,44.0,439,124,2043,329,1956,146
42,144.0,153,5472.0,53.0,35.0,74,1009,718,350,103.0,34.0,319,91.0,141.0,116,405,199.0,201,289.0,192,4447,889,752,315,246,1278.0,112.0,343,112,293,162.0,320,97,56,477.0,472.0,210.0,525,218.0,336,73,119.0,691.0,463,353.0,426,117,84,165.0,120.0,474,136,161,106.0,79,90.0,1837,37.0,15.0,591,50.0,379,113,1877,283,2387,194
43,149.0,161,472.0,83.0,26.0,65,1107,645,370,69.0,47.0,311,120.0,149.0,99,309,204.0,197,286.0,167,2252,867,719,280,243,1252.0,90.0,288,119,285,126.0,181,74,79,542.0,404.0,174.0,571,197.0,372,108,151.0,498.0,536,265.0,376,119,63,278.0,116.0,574,148,129,90.0,115,74.0,1955,42.0,33.0,409,57.0,399,131,1449,313,2499,180
44,137.0,158,445.0,57.0,23.0,52,2748,640,394,57.0,27.0,291,78.0,106.0,124,342,237.0,199,269.0,180,1911,833,763,259,247,1023.0,219.0,271,143,300,128.0,96,83,71,517.0,223.0,174.0,495,158.0,302,91,125.0,475.0,437,187.0,309,135,107,237.0,123.0,459,121,140,80.0,108,92.0,1984,83.0,22.0,348,58.0,389,113,1407,236,1930,173
45,127.0,140,412.0,48.0,25.0,58,1855,687,347,79.0,24.0,315,81.0,94.0,107,352,224.0,2001,218.0,220,1945,850,736,288,309,969.0,262.0,292,99,298,165.0,94,87,89,530.0,135.0,181.0,458,126.0,321,85,147.0,371.0,465,161.0,390,104,112,168.0,132.0,471,147,142,88.0,112,228.0,2192,59.0,21.0,314,64.0,382,78,1408,265,1419,128
46,138.0,120,420.0,71.0,29.0,62,1345,541,710,50.0,25.0,304,90.0,96.0,97,338,215.0,789,1346.0,206,2943,822,842,259,323,805.0,119.0,310,98,316,151.0,87,95,70,583.0,90.0,193.0,492,126.0,386,60,123.0,387.0,350,163.0,381,92,97,193.0,114.0,441,127,136,114.0,98,134.0,2019,65.0,26.0,322,59.0,391,91,1368,257,1619,90
47,187.0,136,454.0,54.0,28.0,59,1182,625,309,48.0,15.0,261,102.0,112.0,126,264,206.0,477,854.0,202,5795,854,888,257,241,771.0,69.0,304,117,747,72.0,141,78,65,602.0,82.0,180.0,438,153.0,458,75,149.0,357.0,334,115.0,362,104,86,164.0,109.0,424,162,153,104.0,75,81.0,1816,41.0,37.0,267,52.0,392,93,1453,268,1948,88
48,169.0,99,527.0,59.0,22.0,83,1045,673,292,126.0,28.0,255,77.0,135.0,112,272,193.0,317,821.0,224,3879,818,765,245,244,782.0,73.0,280,96,713,74.0,144,81,58,445.0,86.0,204.0,483,158.0,465,65,117.0,312.0,305,158.0,278,80,65,130.0,98.0,431,130,106,64.0,82,90.0,1644,31.0,38.0,307,50.0,448,117,1226,248,1724,143
49,116.0,122,458.0,47.0,18.0,48,894,685,285,86.0,22.0,266,79.0,174.0,101,244,223.0,351,579.0,265,2171,867,734,270,246,990.0,88.0,262,116,460,51.0,143,72,54,412.0,285.0,206.0,527,152.0,446,78,225.0,442.0,320,126.0,310,111,73,131.0,80.0,489,225,101,61.0,96,233.0,1725,38.0,36.0,340,54.0,438,98,1357,257,1687,152
50,101.0,93,446.0,48.0,28.0,53,1374,629,423,79.0,16.0,334,102.0,109.0,123,209,166.0,297,432.0,197,1922,765,671,290,214,944.0,66.0,336,138,363,63.0,127,79,63,518.0,193.0,203.0,470,159.0,553,80,288.0,560.0,351,102.0,298,94,82,113.0,100.0,646,146,113,110.0,94,119.0,2436,47.0,25.0,334,48.0,483,81,1104,289,1543,130
51,115.0,96,625.0,49.0,38.0,58,1282,563,400,103.0,26.0,261,73.0,110.0,125,265,182.0,243,369.0,9715,1596,792,799,284,267,1008.0,47.0,278,113,409,66.0,83,72,62,499.0,180.0,199.0,477,117.0,695,69,134.0,427.0,372,102.0,346,121,82,114.0,126.0,424,150,122,89.0,89,92.0,2672,27.0,28.0,303,36.0,396,73,1067,285,1369,104
52,126.0,100,734.0,57.0,26.0,57,1165,516,435,63.0,29.0,279,66.0,129.0,118,309,201.0,228,268.0,3953,1498,698,742,303,299,1015.0,52.0,260,103,390,60.0,89,79,72,450.0,125.0,167.0,491,113.0,583,98,117.0,579.0,381,111.0,392,103,77,119.0,144.0,380,168,125,78.0,115,89.0,2041,23.0,29.0,283,34.0,407,133,1037,245,1294,168
53,127.0,103,2286.0,59.0,23.0,53,922,457,328,77.0,18.0,239,76.0,100.0,92,236,234.0,191,274.0,2353,2261,768,737,320,231,844.0,44.0,290,111,323,77.0,94,61,67,519.0,136.0,175.0,474,130.0,400,74,95.0,507.0,325,112.0,360,113,79,120.0,121.0,493,151,120,77.0,113,62.0,1740,21.0,22.0,300,46.0,476,84,1059,374,1400,90
54,137.0,122,1897.0,73.0,27.0,46,795,489,311,45.0,19.0,302,99.0,115.0,106,361,222.0,152,250.0,1589,2118,805,777,309,271,2628.0,57.0,277,101,317,65.0,102,83,60,455.0,132.0,210.0,516,143.0,324,77,90.0,415.0,317,121.0,296,105,57,114.0,96.0,439,130,176,100.0,93,94.0,1599,25.0,20.0,308,34.0,398,101,1123,391,1528,100
55,131.0,118,1551.0,60.0,34.0,55,819,486,297,263.0,15.0,314,100.0,127.0,105,317,263.0,155,241.0,1280,1965,687,723,902,241,7525.0,61.0,224,119,348,60.0,91,75,80,558.0,107.0,227.0,544,148.0,238,68,157.0,399.0,289,122.0,255,84,69,140.0,106.0,355,121,187,85.0,86,67.0,2401,15.0,19.0,1873,38.0,394,94,1023,295,1328,98
56,129.0,76,896.0,64.0,32.0,40,1010,536,265,206.0,18.0,307,74.0,117.0,97,249,158.0,153,522.0,1067,1911,936,576,513,258,3805.0,82.0,247,122,227,53.0,99,73,68,497.0,123.0,179.0,464,134.0,272,74,135.0,575.0,301,175.0,361,122,61,116.0,221.0,439,111,323,70.0,85,83.0,2826,21.0,30.0,1852,42.0,330,86,1086,274,1399,98
57,131.0,84,1234.0,71.0,17.0,64,917,536,476,150.0,26.0,312,77.0,107.0,103,217,208.0,183,474.0,662,2499,736,593,264,284,2068.0,55.0,215,120,210,48.0,106,78,54,522.0,132.0,185.0,563,132.0,191,72,122.0,533.0,333,124.0,302,143,65,127.0,362.0,468,141,517,72.0,87,63.0,3846,19.0,34.0,1484,29.0,327,90,895,241,1570,88
58,122.0,91,1060.0,39.0,33.0,54,1056,562,343,119.0,28.0,273,78.0,80.0,95,723,192.0,193,294.0,565,1996,579,743,319,271,1375.0,88.0,231,100,203,75.0,94,77,70,493.0,122.0,192.0,536,100.0,198,79,136.0,377.0,421,111.0,291,1027,56,135.0,648.0,380,91,366,65.0,96,87.0,2449,24.0,27.0,1287,37.0,380,90,886,280,1167,95
59,133.0,104,806.0,45.0,46.0,59,994,624,346,87.0,22.0,326,70.0,67.0,124,565,184.0,514,249.0,468,1905,529,721,329,270,1531.0,48.0,200,70,235,107.0,130,68,69,609.0,105.0,176.0,479,92.0,208,73,122.0,651.0,797,112.0,273,535,56,138.0,376.0,386,112,274,64.0,73,105.0,2122,31.0,30.0,995,40.0,389,96,1005,255,1053,103
60,152.0,138,755.0,65.0,23.0,48,950,452,414,76.0,56.0,275,69.0,67.0,146,429,210.0,176,235.0,365,1607,635,678,287,236,998.0,130.0,226,113,249,70.0,86,53,64,497.0,102.0,218.0,528,586.0,206,70,95.0,845.0,625,104.0,275,383,63,123.0,260.0,337,123,294,59.0,92,78.0,1891,21.0,26.0,714,31.0,369,91,933,275,1232,91
61,152.0,107,800.0,78.0,34.0,48,871,514,264,64.0,32.0,249,85.0,86.0,136,357,164.0,172,211.0,383,1201,605,4692,239,243,744.0,52.0,242,128,340,71.0,111,48,89,454.0,107.0,183.0,501,438.0,250,71,132.0,587.0,403,93.0,258,277,57,123.0,176.0,309,95,238,71.0,85,69.0,1829,18.0,38.0,496,31.0,365,83,779,286,1649,94
62,117.0,90,693.0,53.0,32.0,44,937,678,314,74.0,14.0,252,78.0,64.0,123,349,174.0,158,245.0,388,1229,593,2539,241,226,701.0,287.0,311,102,350,68.0,102,68,68,394.0,107.0,213.0,496,244.0,203,125,118.0,602.0,322,129.0,287,214,61,108.0,151.0,363,101,180,76.0,69,84.0,1750,120.0,38.0,610,21.0,361,136,937,271,1376,149
63,143.0,74,559.0,49.0,21.0,53,1043,663,279,60.0,23.0,287,92.0,75.0,125,349,158.0,171,201.0,381,1272,578,1844,243,239,849.0,188.0,231,109,269,65.0,79,69,94,399.0,93.0,201.0,643,194.0,187,122,96.0,688.0,299,115.0,361,186,55,106.0,148.0,336,111,178,91.0,74,81.0,1816,170.0,22.0,495,34.0,329,134,888,265,1204,155
64,141.0,77,543.0,44.0,35.0,52,1148,587,320,70.0,23.0,229,89.0,117.0,145,283,160.0,162,178.0,444,1575,586,1326,195,261,603.0,137.0,209,95,252,56.0,81,71,76,453.0,110.0,236.0,587,128.0,184,81,105.0,607.0,373,131.0,401,177,44,107.0,152.0,401,100,231,97.0,64,65.0,1989,59.0,52.0,381,37.0,453,99,798,272,1256,160
65,168.0,66,555.0,54.0,36.0,45,1173,522,302,69.0,29.0,210,87.0,102.0,141,237,196.0,136,225.0,417,1628,533,1188,203,365,633.0,118.0,200,134,255,69.0,90,58,67,479.0,117.0,255.0,514,113.0,189,102,122.0,535.0,459,114.0,361,143,92,119.0,184.0,350,96,157,73.0,97,71.0,1784,54.0,48.0,490,41.0,389,101,747,263,1083,148
66,119.0,86,490.0,54.0,18.0,53,1246,517,224,65.0,20.0,248,94.0,84.0,118,373,159.0,112,160.0,321,1131,525,1073,222,348,573.0,85.0,227,122,292,69.0,79,57,84,467.0,107.0,203.0,412,102.0,208,83,108.0,631.0,584,110.0,316,162,74,136.0,145.0,395,80,169,77.0,82,76.0,2374,28.0,46.0,415,74.0,388,95,790,281,972,96
67,93.0,97,404.0,54.0,24.0,58,1129,1025,218,50.0,22.0,249,86.0,98.0,126,389,178.0,114,121.0,287,1179,584,769,202,298,589.0,70.0,234,124,225,67.0,82,54,77,657.0,107.0,167.0,450,423.0,206,68,112.0,455.0,446,130.0,647,139,74,130.0,128.0,392,109,132,96.0,65,42.0,1974,17.0,42.0,318,41.0,402,88,893,228,1012,82
68,109.0,81,353.0,52.0,20.0,59,1116,1000,419,43.0,21.0,277,104.0,90.0,102,285,207.0,104,164.0,319,1183,565,753,304,1164,538.0,71.0,220,136,240,66.0,73,66,67,574.0,119.0,218.0,477,259.0,197,68,134.0,442.0,361,89.0,1023,123,63,130.0,137.0,354,93,139,87.0,83,42.0,1762,22.0,45.0,262,41.0,391,104,805,281,964,118
69,104.0,89,403.0,22.0,31.0,40,1223,731,265,43.0,16.0,236,75.0,86.0,107,326,185.0,107,213.0,281,1227,581,681,302,845,564.0,110.0,244,122,213,73.0,104,72,59,549.0,101.0,179.0,606,155.0,205,65,108.0,349.0,351,124.0,532,141,42,131.0,111.0,316,71,100,78.0,101,56.0,1271,13.0,47.0,339,42.0,403,91,703,255,944,107
70,78.0,57,378.0,66.0,45.0,33,1024,726,655,41.0,17.0,252,98.0,72.0,109,266,144.0,122,154.0,226,1195,621,477,203,560,706.0,119.0,241,121,172,69.0,109,60,71,454.0,111.0,211.0,835,114.0,181,60,121.0,345.0,323,118.0,432,150,43,110.0,81.0,364,90,110,85.0,206,67.0,1365,22.0,43.0,317,27.0,371,91,592,264,1009,123
71,97.0,58,405.0,76.0,40.0,50,980,641,5148,34.0,18.0,249,94.0,83.0,113,251,152.0,110,169.0,252,1096,553,656,211,337,595.0,109.0,242,141,1363,53.0,98,68,68,437.0,280.0,329.0,625,111.0,182,70,125.0,420.0,427,117.0,413,120,48,88.0,93.0,406,89,89,74.0,381,66.0,1492,12.0,54.0,331,46.0,410,95,596,270,945,114
72,111.0,97,296.0,629.0,29.0,46,956,723,2204,41.0,6.0,218,71.0,76.0,126,258,172.0,110,165.0,203,1061,534,629,215,333,676.0,103.0,195,103,807,64.0,79,73,82,419.0,197.0,345.0,731,123.0,149,52,97.0,315.0,327,113.0,347,117,57,152.0,95.0,345,86,116,80.0,219,55.0,1725,17.0,41.0,401,36.0,338,108,670,215,1166,116
73,77.0,93,329.0,508.0,35.0,44,950,641,2252,35.0,26.0,230,84.0,64.0,132,268,192.0,142,136.0,222,1188,471,740,232,431,648.0,75.0,228,96,788,60.0,82,75,71,462.0,145.0,321.0,591,81.0,200,57,92.0,275.0,225,140.0,353,106,89,198.0,103.0,375,75,134,68.0,245,63.0,2739,25.0,38.0,401,37.0,309,86,678,232,942,108
74,78.0,76,304.0,397.0,21.0,56,840,532,1083,31.0,15.0,270,128.0,84.0,124,261,147.0,120,133.0,181,1595,584,626,200,265,556.0,41.0,251,97,527,135.0,87,72,93,414.0,112.0,262.0,516,88.0,159,59,112.0,321.0,267,120.0,303,129,60,1279.0,97.0,375,71,95,70.0,197,111.0,1729,10.0,44.0,336,35.0,387,85,713,228,1024,95
75,103.0,79,312.0,249.0,22.0,53,894,618,805,34.0,18.0,278,121.0,87.0,101,258,172.0,109,179.0,243,1315,644,591,203,245,617.0,49.0,240,95,418,106.0,85,58,80,534.0,109.0,299.0,469,116.0,293,67,81.0,304.0,212,115.0,235,70,49,641.0,88.0,341,80,86,74.0,126,84.0,1336,15.0,42.0,296,39.0,381,91,808,252,927,106
76,100.0,83,298.0,309.0,29.0,62,934,545,671,42.0,17.0,201,112.0,97.0,127,225,191.0,123,190.0,188,2041,514,555,220,198,755.0,63.0,257,108,327,62.0,100,76,114,415.0,96.0,356.0,438,104.0,319,62,114.0,279.0,249,108.0,247,80,34,447.0,91.0,346,72,78,69.0,99,77.0,1246,25.0,45.0,281,28.0,359,80,695,303,1023,117
77,83.0,62,341.0,270.0,37.0,37,771,564,588,49.0,17.0,212,181.0,82.0,102,214,156.0,127,148.0,217,1616,545,571,294,205,600.0,58.0,240,116,230,72.0,93,70,89,399.0,104.0,317.0,478,98.0,244,77,126.0,369.0,244,98.0,284,102,35,296.0,82.0,373,84,85,67.0,112,61.0,1170,18.0,31.0,312,39.0,367,73,1998,227,918,136
78,117.0,60,355.0,221.0,32.0,47,786,545,550,46.0,27.0,195,161.0,104.0,117,222,170.0,115,261.0,222,1334,542,566,211,142,444.0,44.0,227,99,201,54.0,80,77,136,434.0,107.0,194.0,438,95.0,265,55,103.0,367.0,237,121.0,284,95,38,283.0,84.0,366,83,73,72.0,118,53.0,1174,11.0,36.0,300,35.0,382,85,2152,250,958,124
79,89.0,76,319.0,174.0,26.0,59,818,563,500,32.0,26.0,520,133.0,82.0,98,190,161.0,113,170.0,289,1020,473,585,192,179,575.0,44.0,268,102,233,51.0,75,106,283,504.0,118.0,192.0,450,89.0,278,60,107.0,338.0,219,99.0,281,106,41,272.0,83.0,364,76,94,69.0,107,47.0,1354,22.0,26.0,261,31.0,320,119,1160,248,948,152
80,97.0,77,350.0,143.0,23.0,41,845,577,407,30.0,32.0,303,81.0,55.0,92,294,288.0,111,225.0,205,966,497,573,207,205,551.0,48.0,364,92,231,84.0,71,97,354,491.0,97.0,166.0,425,72.0,5275,64,116.0,364.0,264,127.0,284,86,45,223.0,94.0,378,73,59,74.0,70,56.0,1413,12.0,25.0,334,25.0,333,120,1010,276,909,131
81,99.0,91,400.0,132.0,27.0,43,798,648,429,31.0,28.0,269,85.0,66.0,131,286,229.0,108,139.0,158,1099,526,498,189,212,521.0,30.0,397,113,517,67.0,67,70,155,481.0,94.0,146.0,374,83.0,569,67,113.0,274.0,310,89.0,247,79,54,220.0,90.0,361,61,69,81.0,78,42.0,1407,12.0,36.0,271,52.0,368,107,854,278,1118,111
82,71.0,78,364.0,80.0,28.0,44,808,627,406,20.0,20.0,251,108.0,88.0,107,197,148.0,100,146.0,196,1016,733,447,219,189,501.0,37.0,303,138,413,59.0,83,52,92,428.0,83.0,218.0,325,80.0,215,54,106.0,285.0,246,106.0,268,78,64,189.0,77.0,320,89,63,77.0,73,54.0,1311,13.0,34.0,237,63.0,333,75,714,301,1046,103
83,82.0,59,352.0,129.0,22.0,48,769,730,284,30.0,22.0,205,66.0,63.0,125,201,145.0,121,180.0,201,1070,11989,444,185,184,574.0,50.0,302,111,317,68.0,79,76,72,400.0,74.0,194.0,480,87.0,186,60,117.0,250.0,196,96.0,223,74,39,206.0,91.0,300,72,77,80.0,43,43.0,1094,19.0,41.0,246,54.0,337,101,645,250,3873,119
84,91.0,64,420.0,114.0,31.0,45,702,747,320,20.0,28.0,239,70.0,64.0,110,177,208.0,169,196.0,193,923,539,405,238,160,563.0,87.0,215,122,238,54.0,85,55,74,406.0,70.0,196.0,475,72.0,202,59,129.0,428.0,218,89.0,261,51,42,190.0,85.0,380,64,58,92.0,62,51.0,1352,24.0,29.0,253,60.0,331,109,595,306,1382,165
85,81.0,56,411.0,87.0,10.0,39,789,747,360,43.0,25.0,224,60.0,83.0,102,168,281.0,136,150.0,175,819,515,567,283,175,854.0,53.0,218,1270,223,63.0,96,45,71,423.0,112.0,206.0,482,73.0,147,71,151.0,340.0,237,103.0,186,70,36,178.0,101.0,381,69,58,75.0,74,45.0,1558,16.0,35.0,218,56.0,315,106,553,298,1049,140
86,82.0,73,311.0,92.0,22.0,54,999,661,294,16.0,21.0,230,53.0,76.0,102,174,177.0,133,205.0,170,705,573,566,283,198,874.0,48.0,196,562,221,51.0,86,55,65,414.0,91.0,178.0,480,99.0,196,75,618.0,260.0,218,103.0,239,65,44,183.0,101.0,366,89,62,62.0,59,43.0,1283,15.0,42.0,255,39.0,311,73,569,220,969,120
87,95.0,104,336.0,67.0,35.0,51,909,648,258,26.0,20.0,264,46.0,63.0,106,204,123.0,137,155.0,154,824,796,474,309,259,694.0,41.0,204,351,251,73.0,91,50,82,459.0,92.0,192.0,452,90.0,219,71,340.0,1442.0,231,83.0,238,74,47,163.0,92.0,338,71,80,59.0,55,41.0,1254,10.0,38.0,251,52.0,276,80,587,209,987,141
88,64.0,72,290.0,78.0,289.0,49,769,613,248,32.0,20.0,194,52.0,64.0,109,193,115.0,106,164.0,139,812,639,433,270,194,732.0,31.0,197,249,193,79.0,121,55,63,550.0,79.0,134.0,430,72.0,283,76,258.0,1167.0,220,110.0,250,96,47,175.0,76.0,306,78,67,66.0,63,37.0,1175,15.0,28.0,204,42.0,353,89,552,214,1192,93
89,112.0,99,298.0,65.0,195.0,37,825,623,222,31.0,18.0,209,54.0,84.0,133,151,124.0,89,170.0,172,882,599,495,269,199,544.0,28.0,214,246,177,104.0,106,46,46,530.0,71.0,226.0,404,267.0,431,51,209.0,708.0,207,88.0,236,86,40,180.0,101.0,303,85,56,73.0,59,43.0,1103,18.0,27.0,176,43.0,374,94,581,233,1166,98
90,114.0,73,338.0,56.0,162.0,66,1255,742,272,24.0,19.0,199,83.0,79.0,122,178,114.0,117,168.0,240,781,534,466,208,151,587.0,43.0,181,249,167,77.0,139,59,57,657.0,71.0,257.0,412,173.0,445,53,203.0,513.0,202,114.0,256,73,46,180.0,80.0,265,74,64,82.0,55,42.0,1059,17.0,35.0,295,45.0,344,97,722,231,1143,94
91,99.0,79,371.0,63.0,117.0,52,1340,557,200,30.0,18.0,198,64.0,62.0,132,166,89.0,111,183.0,217,781,536,387,196,211,579.0,37.0,169,145,175,68.0,129,48,82,577.0,82.0,195.0,536,100.0,377,87,152.0,378.0,257,120.0,232,72,40,139.0,74.0,325,88,54,70.0,55,40.0,1065,16.0,35.0,273,36.0,292,89,658,202,1197,119
92,79.0,80,265.0,50.0,144.0,52,972,601,586,27.0,25.0,239,60.0,79.0,105,168,92.0,114,167.0,263,862,465,492,194,156,540.0,30.0,206,155,134,61.0,136,38,139,712.0,98.0,199.0,455,93.0,380,107,149.0,336.0,299,73.0,235,72,49,116.0,80.0,375,98,76,56.0,55,45.0,1319,20.0,48.0,251,36.0,360,104,575,215,1032,118
93,91.0,81,313.0,39.0,107.0,44,897,567,284,21.0,23.0,187,61.0,76.0,150,173,84.0,118,193.0,280,688,462,524,205,224,553.0,27.0,207,128,156,53.0,117,52,142,1311.0,82.0,195.0,436,96.0,324,716,143.0,393.0,307,134.0,224,83,53,120.0,72.0,380,70,69,61.0,70,49.0,1297,16.0,45.0,276,26.0,286,94,570,184,910,121
94,85.0,91,255.0,44.0,84.0,44,879,504,264,28.0,27.0,211,54.0,59.0,162,200,82.0,134,145.0,148,773,443,434,236,236,520.0,30.0,196,114,192,69.0,102,46,99,2334.0,92.0,183.0,457,59.0,229,448,114.0,369.0,232,149.0,213,77,45,155.0,103.0,336,81,58,62.0,60,44.0,1258,12.0,33.0,229,38.0,345,104,589,180,967,200
95,76.0,88,265.0,48.0,100.0,86,1078,468,336,27.0,40.0,166,60.0,70.0,153,186,78.0,105,132.0,126,894,549,411,195,225,498.0,37.0,160,91,142,66.0,110,43,78,1082.0,71.0,183.0,434,81.0,408,263,110.0,546.0,227,100.0,157,74,44,128.0,85.0,352,83,64,76.0,63,52.0,1140,20.0,53.0,192,36.0,378,97,489,201,1128,161
96,83.0,86,292.0,51.0,65.0,71,990,497,292,17.0,25.0,196,61.0,89.0,126,181,71.0,102,152.0,166,880,508,419,157,214,542.0,32.0,176,105,160,84.0,111,36,81,607.0,89.0,185.0,418,98.0,473,223,104.0,414.0,884,89.0,167,86,40,89.0,90.0,304,85,66,77.0,64,72.0,1150,21.0,34.0,193,40.0,333,92,493,241,1185,121
97,92.0,91,373.0,59.0,65.0,70,980,431,202,23.0,13.0,168,72.0,64.0,118,149,64.0,122,164.0,192,885,450,403,178,210,536.0,34.0,209,120,172,59.0,120,58,100,547.0,60.0,208.0,410,74.0,353,171,105.0,256.0,1265,88.0,191,76,36,116.0,76.0,312,88,51,83.0,71,45.0,996,11.0,53.0,197,27.0,331,108,597,250,1029,117
98,67.0,89,314.0,55.0,53.0,70,881,489,204,26.0,29.0,199,54.0,67.0,122,175,69.0,159,188.0,207,926,335,360,182,180,851.0,25.0,216,142,149,59.0,104,63,66,540.0,73.0,199.0,426,86.0,249,140,232.0,419.0,519,72.0,235,63,31,133.0,82.0,504,87,74,61.0,62,45.0,1229,13.0,39.0,183,34.0,329,97,581,189,1236,128
99,93.0,71,338.0,34.0,69.0,73,887,511,745,29.0,26.0,333,58.0,82.0,138,147,77.0,144,169.0,195,841,368,439,204,196,855.0,34.0,216,99,140,76.0,88,57,94,507.0,81.0,213.0,392,86.0,367,144,161.0,871.0,429,106.0,216,72,27,112.0,94.0,416,114,69,116.0,54,47.0,2012,11.0,34.0,244,33.0,433,79,562,171,1334,119
100,58.0,76,437.0,34.0,66.0,62,958,513,368,19.0,23.0,271,52.0,68.0,116,203,84.0,110,201.0,193,691,374,552,195,196,1266.0,25.0,201,105,168,61.0,107,47,83,496.0,87.0,232.0,406,90.0,442,114,134.0,646.0,427,161.0,206,85,41,98.0,107.0,389,99,62,85.0,52,34.0,1603,7.0,36.0,193,23.0,345,98,512,160,1156,121
101,70.0,73,337.0,43.0,35.0,55,1177,391,276,32.0,35.0,219,54.0,69.0,128,186,83.0,109,242.0,133,945,447,544,167,226,718.0,22.0,197,109,213,74.0,116,47,94,532.0,137.0,207.0,424,59.0,250,100,118.0,385.0,329,163.0,211,65,47,110.0,111.0,338,92,61,80.0,47,65.0,1635,8.0,19.0,192,49.0,421,108,551,167,1042,125
102,86.0,73,336.0,47.0,36.0,54,1195,372,229,25.0,19.0,205,74.0,84.0,110,191,71.0,102,132.0,155,996,479,462,197,198,587.0,28.0,183,117,173,80.0,100,42,96,514.0,115.0,177.0,334,53.0,265,104,126.0,354.0,294,151.0,221,90,34,143.0,98.0,1014,88,68,99.0,63,50.0,1523,13.0,19.0,206,64.0,376,85,530,196,1080,120
103,96.0,62,427.0,67.0,33.0,52,1460,359,238,36.0,21.0,263,89.0,84.0,114,188,62.0,92,179.0,171,1018,548,532,355,188,513.0,18.0,188,107,153,59.0,113,41,83,570.0,87.0,169.0,395,91.0,190,105,101.0,418.0,298,128.0,228,78,32,113.0,89.0,600,104,64,84.0,59,43.0,1225,12.0,22.0,166,35.0,336,98,575,206,1126,103
104,88.0,75,403.0,54.0,36.0,38,1063,386,209,26.0,16.0,218,69.0,73.0,106,183,92.0,123,185.0,212,915,427,468,226,202,531.0,30.0,201,103,177,53.0,98,42,68,427.0,71.0,204.0,484,76.0,178,114,69.0,618.0,207,116.0,216,81,37,147.0,72.0,480,90,59,77.0,46,27.0,1034,7.0,20.0,188,27.0,306,100,508,205,1081,106
105,69.0,68,361.0,37.0,28.0,49,998,353,198,21.0,22.0,237,68.0,79.0,120,204,60.0,138,222.0,194,838,493,332,231,209,577.0,30.0,253,87,257,51.0,92,52,72,411.0,83.0,331.0,503,71.0,176,133,108.0,379.0,214,98.0,248,73,34,129.0,97.0,494,72,43,81.0,54,38.0,1280,4.0,32.0,216,30.0,295,104,484,210,1217,152
106,61.0,63,331.0,39.0,25.0,31,933,392,212,19.0,16.0,225,55.0,78.0,143,152,65.0,113,190.0,136,804,429,440,217,206,619.0,27.0,195,89,152,40.0,89,50,74,767.0,92.0,244.0,446,58.0,156,77,117.0,639.0,218,127.0,242,76,28,93.0,123.0,433,78,70,68.0,70,30.0,1381,12.0,29.0,238,29.0,241,91,446,232,1265,149
107,65.0,73,264.0,40.0,38.0,50,1087,368,265,21.0,20.0,251,55.0,68.0,143,156,78.0,105,2625.0,137,737,420,445,210,193,1506.0,22.0,210,80,166,50.0,86,45,81,796.0,125.0,181.0,455,57.0,167,90,109.0,427.0,220,121.0,233,85,45,108.0,116.0,428,102,65,78.0,54,30.0,1168,11.0,23.0,224,47.0,267,101,566,909,1016,141
108,79.0,60,246.0,43.0,26.0,37,1054,444,248,21.0,27.0,255,52.0,64.0,145,172,91.0,112,1575.0,171,691,406,456,210,233,1109.0,27.0,165,80,157,61.0,59,73,95,616.0,118.0,182.0,391,56.0,345,85,210.0,369.0,351,102.0,298,71,35,105.0,79.0,454,91,78,63.0,66,40.0,1273,8.0,23.0,172,43.0,260,90,794,753,939,106
109,58.0,81,283.0,30.0,27.0,34,824,365,201,22.0,34.0,198,42.0,105.0,137,189,78.0,111,965.0,159,750,602,430,187,236,752.0,22.0,172,81,251,70.0,108,44,63,421.0,91.0,201.0,506,69.0,308,87,240.0,249.0,273,93.0,252,67,38,125.0,79.0,413,90,52,72.0,77,26.0,1752,10.0,58.0,167,29.0,317,84,668,416,1081,151
110,71.0,102,320.0,38.0,27.0,46,792,363,255,18.0,20.0,207,80.0,110.0,130,175,98.0,116,692.0,151,824,739,414,144,233,674.0,31.0,205,78,164,84.0,74,48,74,602.0,70.0,179.0,378,57.0,224,70,138.0,223.0,231,88.0,190,52,42,121.0,94.0,382,74,94,83.0,54,43.0,1366,10.0,37.0,310,28.0,279,87,639,336,1034,107
111,76.0,93,356.0,35.0,31.0,35,725,520,239,26.0,27.0,218,53.0,94.0,119,188,84.0,126,821.0,186,741,546,342,150,205,631.0,27.0,177,90,155,69.0,66,45,60,572.0,67.0,228.0,400,65.0,198,57,138.0,248.0,222,94.0,259,75,42,113.0,91.0,341,72,85,66.0,50,36.0,1477,14.0,28.0,531,40.0,302,81,538,300,1126,169
112,93.0,74,354.0,36.0,35.0,37,764,835,162,22.0,28.0,219,69.0,157.0,128,174,78.0,132,549.0,132,744,543,357,145,188,568.0,22.0,156,93,191,54.0,89,60,73,393.0,76.0,192.0,393,62.0,166,81,114.0,277.0,227,85.0,240,61,26,102.0,84.0,356,70,66,79.0,62,37.0,1218,15.0,31.0,835,38.0,285,78,565,253,1018,203
113,115.0,80,357.0,28.0,43.0,46,755,509,251,28.0,20.0,215,68.0,100.0,113,171,65.0,106,588.0,147,808,456,421,168,191,577.0,23.0,205,117,187,49.0,73,91,71,416.0,68.0,178.0,435,60.0,166,89,92.0,242.0,217,91.0,219,67,31,86.0,86.0,392,83,53,78.0,59,33.0,1497,3.0,27.0,535,45.0,299,89,515,194,1029,122
114,75.0,79,335.0,23.0,32.0,42,858,447,246,11.0,18.0,219,70.0,110.0,112,177,94.0,114,672.0,163,775,431,487,148,199,501.0,18.0,167,111,189,55.0,61,60,66,452.0,83.0,227.0,399,80.0,163,82,99.0,251.0,193,99.0,275,71,31,91.0,105.0,355,76,71,58.0,67,27.0,1312,7.0,34.0,409,36.0,258,71,589,176,1040,138
115,93.0,64,349.0,38.0,30.0,35,832,369,200,27.0,22.0,230,71.0,82.0,162,174,70.0,122,353.0,181,836,428,501,184,213,528.0,33.0,193,98,170,50.0,100,58,73,428.0,61.0,159.0,430,61.0,201,56,79.0,195.0,218,77.0,213,97,38,78.0,87.0,372,78,76,62.0,71,34.0,1804,13.0,25.0,281,34.0,334,96,559,161,952,169
116,76.0,52,311.0,39.0,16.0,44,1091,530,230,19.0,21.0,219,49.0,91.0,140,226,670.0,107,237.0,188,1002,494,419,208,210,532.0,33.0,160,109,214,69.0,124,55,83,425.0,57.0,149.0,365,53.0,276,74,119.0,193.0,181,66.0,231,77,35,94.0,78.0,341,73,79,58.0,57,38.0,1674,6.0,26.0,253,36.0,308,590,541,150,1030,509
117,92.0,68,345.0,18.0,23.0,47,1377,428,181,25.0,19.0,171,75.0,114.0,121,259,392.0,110,216.0,153,898,536,397,192,189,424.0,22.0,156,76,140,59.0,111,53,63,361.0,38.0,127.0,422,71.0,275,86,122.0,204.0,181,76.0,301,80,51,97.0,71.0,309,80,52,69.0,53,30.0,1577,5.0,35.0,233,32.0,331,484,523,169,1056,425
118,108.0,64,386.0,34.0,23.0,33,873,437,349,28.0,18.0,186,63.0,79.0,137,190,239.0,149,396.0,180,910,1896,398,186,178,487.0,22.0,159,92,180,60.0,114,60,71,314.0,42.0,167.0,380,68.0,220,69,177.0,227.0,168,100.0,256,87,43,99.0,75.0,286,80,74,69.0,62,46.0,1077,4.0,52.0,266,22.0,313,263,521,172,1055,285
119,95.0,44,386.0,31.0,29.0,76,799,446,197,22.0,19.0,199,89.0,73.0,135,187,154.0,151,338.0,137,921,1258,406,245,188,579.0,17.0,157,80,163,35.0,83,65,54,328.0,47.0,167.0,430,107.0,164,47,164.0,357.0,207,98.0,247,108,32,104.0,64.0,307,78,80,57.0,74,38.0,1153,9.0,40.0,341,30.0,370,195,438,187,980,346
120,93.0,86,523.0,32.0,26.0,58,858,388,311,16.0,30.0,215,82.0,63.0,103,155,173.0,158,267.0,155,787,947,431,154,168,535.0,36.0,139,79,137,57.0,60,48,465,346.0,45.0,157.0,425,91.0,204,54,130.0,550.0,193,90.0,265,107,30,93.0,77.0,343,101,80,77.0,71,42.0,1330,8.0,23.0,242,35.0,240,179,434,190,1066,288
121,79.0,53,366.0,32.0,29.0,65,893,415,706,23.0,30.0,196,67.0,66.0,116,185,90.0,253,262.0,163,872,670,443,201,181,546.0,28.0,142,67,124,48.0,91,42,372,371.0,50.0,159.0,425,72.0,201,68,143.0,338.0,378,94.0,259,105,45,99.0,84.0,317,62,100,57.0,53,43.0,1394,8.0,32.0,205,39.0,277,140,447,154,957,187
122,52.0,68,367.0,50.0,21.0,56,1054,357,391,17.0,27.0,230,81.0,52.0,117,204,121.0,213,238.0,123,3350,687,400,264,231,409.0,24.0,130,67,154,48.0,78,52,189,413.0,48.0,160.0,400,60.0,224,68,109.0,548.0,247,70.0,262,120,55,97.0,89.0,257,55,86,53.0,57,27.0,1328,5.0,19.0,195,33.0,296,124,559,154,887,179
123,58.0,75,293.0,55.0,19.0,46,874,315,181,16.0,21.0,292,67.0,63.0,106,212,105.0,160,222.0,142,3321,677,418,179,172,431.0,27.0,157,68,146,48.0,85,52,97,342.0,51.0,127.0,352,71.0,174,92,100.0,479.0,185,63.0,278,147,347,196.0,88.0,329,67,86,66.0,78,29.0,1110,3.0,28.0,190,26.0,345,104,498,141,967,121
124,80.0,77,315.0,49.0,14.0,49,832,351,152,16.0,34.0,203,68.0,54.0,114,208,284.0,140,211.0,208,1711,568,406,210,226,415.0,21.0,148,109,170,53.0,90,41,80,362.0,45.0,139.0,346,93.0,228,77,108.0,354.0,158,62.0,228,109,185,98.0,73.0,322,98,65,47.0,61,34.0,1137,5.0,28.0,145,43.0,364,108,533,166,3554,101
125,69.0,51,324.0,31.0,20.0,42,748,432,153,13.0,47.0,185,60.0,82.0,114,193,293.0,174,214.0,231,1200,672,361,200,197,538.0,27.0,172,91,171,46.0,101,47,73,371.0,48.0,166.0,380,91.0,162,56,99.0,272.0,144,78.0,228,102,134,89.0,90.0,277,102,66,54.0,64,32.0,961,6.0,28.0,168,27.0,331,78,442,160,1683,98
126,55.0,94,331.0,29.0,21.0,36,551,634,178,28.0,38.0,205,72.0,60.0,115,162,162.0,137,238.0,208,771,1214,390,196,145,434.0,28.0,152,95,154,47.0,119,52,53,355.0,46.0,170.0,417,108.0,134,76,86.0,261.0,229,173.0,286,90,94,87.0,78.0,331,85,78,52.0,71,35.0,1026,13.0,22.0,187,43.0,310,93,466,126,1760,100
127,72.0,61,353.0,34.0,14.0,24,748,513,238,11.0,21.0,202,62.0,48.0,98,146,108.0,113,227.0,331,744,1169,402,203,189,638.0,23.0,163,122,108,44.0,79,51,188,378.0,53.0,184.0,358,91.0,150,51,81.0,352.0,226,133.0,277,80,76,101.0,97.0,308,73,79,52.0,68,40.0,1358,8.0,21.0,169,32.0,322,93,623,123,1237,141
128,59.0,81,413.0,32.0,16.0,39,997,400,208,15.0,21.0,233,64.0,53.0,119,184,108.0,109,202.0,307,581,819,448,241,191,845.0,32.0,122,95,174,67.0,71,44,117,324.0,64.0,190.0,391,61.0,156,54,84.0,226.0,237,103.0,283,77,78,83.0,94.0,278,78,96,49.0,70,43.0,1379,6.0,22.0,174,42.0,282,131,545,139,1088,110
129,58.0,64,357.0,34.0,18.0,43,948,383,311,28.0,24.0,192,50.0,58.0,148,204,112.0,103,167.0,216,654,629,419,213,180,480.0,33.0,149,76,175,51.0,117,43,95,355.0,59.0,160.0,353,53.0,217,77,60.0,217.0,179,81.0,262,90,63,98.0,85.0,305,73,76,54.0,60,39.0,1782,2.0,40.0,143,42.0,295,106,458,112,1055,96
130,64.0,62,303.0,41.0,11.0,62,712,313,227,22.0,25.0,179,59.0,69.0,124,199,105.0,87,178.0,205,679,661,421,671,175,384.0,34.0,153,79,151,63.0,92,44,74,307.0,56.0,147.0,359,65.0,174,60,80.0,215.0,182,91.0,234,77,61,103.0,76.0,361,86,80,53.0,45,37.0,1706,5.0,23.0,132,30.0,358,95,466,152,1218,131
131,63.0,73,357.0,37.0,13.0,38,745,586,244,16.0,19.0,227,74.0,72.0,101,176,72.0,69,166.0,215,580,741,416,535,161,392.0,17.0,227,93,133,62.0,117,36,67,311.0,52.0,162.0,346,99.0,170,74,99.0,222.0,178,69.0,230,65,37,125.0,83.0,339,63,66,61.0,61,32.0,1377,4.0,28.0,172,28.0,325,85,454,134,1472,104
132,68.0,63,352.0,45.0,13.0,36,637,349,217,15.0,20.0,177,75.0,62.0,95,180,108.0,91,179.0,226,865,567,521,425,154,415.0,18.0,157,92,1715,64.0,87,32,73,268.0,42.0,181.0,354,894.0,166,48,92.0,208.0,164,80.0,246,59,45,105.0,89.0,285,80,72,73.0,54,43.0,973,6.0,36.0,152,34.0,312,77,398,144,1194,145
133,63.0,49,362.0,26.0,15.0,29,574,387,206,28.0,15.0,214,71.0,68.0,127,174,70.0,100,173.0,165,769,520,510,268,160,417.0,37.0,132,90,859,59.0,71,41,48,285.0,50.0,184.0,393,747.0,217,54,100.0,271.0,202,83.0,271,79,54,122.0,81.0,315,76,62,71.0,41,48.0,1067,9.0,39.0,149,41.0,349,71,410,149,1180,124
134,55.0,56,309.0,32.0,19.0,32,704,383,209,21.0,22.0,216,84.0,63.0,113,169,67.0,99,169.0,176,548,539,474,327,126,504.0,24.0,145,105,645,61.0,67,49,49,1050.0,53.0,160.0,383,231.0,162,52,94.0,429.0,229,71.0,256,62,56,112.0,87.0,309,58,71,45.0,60,38.0,1284,7.0,49.0,159,45.0,678,76,522,126,1077,139
135,60.0,66,352.0,34.0,14.0,40,741,315,199,17.0,13.0,226,44.0,52.0,123,170,106.0,104,231.0,142,566,445,506,311,197,469.0,23.0,126,73,459,59.0,71,45,61,883.0,73.0,138.0,367,130.0,165,62,114.0,315.0,239,74.0,274,102,62,140.0,82.0,345,47,70,63.0,64,47.0,1104,12.0,36.0,166,29.0,466,62,507,127,3063,123
136,171.0,77,314.0,52.0,18.0,30,759,308,209,31.0,10.0,189,55.0,56.0,124,194,94.0,82,210.0,116,608,429,489,243,183,534.0,31.0,110,64,423,71.0,65,50,61,530.0,55.0,127.0,430,133.0,159,74,68.0,265.0,258,77.0,246,88,43,118.0,85.0,338,79,82,66.0,65,40.0,1302,7.0,38.0,141,38.0,494,58,440,109,2333,106
137,131.0,81,337.0,37.0,23.0,18,724,310,201,17.0,18.0,184,64.0,74.0,116,190,80.0,75,175.0,106,621,568,2147,238,154,506.0,24.0,123,63,382,59.0,91,41,42,866.0,46.0,135.0,364,84.0,184,73,108.0,235.0,298,70.0,450,86,46,116.0,84.0,268,81,73,58.0,64,35.0,1406,7.0,34.0,163,27.0,469,75,527,105,1471,98
138,124.0,57,356.0,40.0,18.0,29,624,284,226,20.0,18.0,187,63.0,85.0,115,163,137.0,109,203.0,134,568,521,2215,566,198,464.0,21.0,122,82,283,47.0,83,33,51,588.0,89.0,134.0,295,98.0,128,76,85.0,222.0,187,69.0,475,78,43,162.0,71.0,284,84,77,56.0,62,38.0,1171,10.0,35.0,168,24.0,401,56,526,117,1429,88
139,94.0,53,340.0,41.0,24.0,18,715,350,173,17.0,18.0,205,61.0,73.0,110,192,92.0,106,203.0,135,547,480,2372,530,181,551.0,19.0,128,105,269,51.0,66,39,45,459.0,108.0,159.0,388,64.0,137,66,74.0,190.0,186,70.0,426,64,56,180.0,67.0,269,64,58,63.0,55,52.0,1026,7.0,38.0,160,25.0,352,80,396,116,1325,89
140,70.0,58,289.0,46.0,27.0,25,3542,303,153,11.0,35.0,212,53.0,54.0,96,227,79.0,89,179.0,145,620,631,761,376,155,536.0,25.0,133,85,210,43.0,73,51,44,346.0,78.0,154.0,337,56.0,142,73,140.0,284.0,185,75.0,329,41,29,146.0,73.0,278,74,63,68.0,57,51.0,1172,13.0,44.0,173,30.0,401,80,412,152,1109,208
141,120.0,68,319.0,54.0,19.0,20,2007,688,235,23.0,17.0,162,45.0,51.0,96,166,77.0,105,185.0,141,859,566,578,275,154,506.0,23.0,132,79,187,53.0,60,54,54,1042.0,76.0,215.0,448,57.0,410,71,148.0,248.0,221,60.0,628,53,25,138.0,87.0,292,93,60,51.0,71,37.0,1603,19.0,29.0,179,40.0,410,62,407,150,923,116
142,67.0,43,327.0,31.0,12.0,21,1382,1070,165,30.0,22.0,175,52.0,65.0,95,173,302.0,134,185.0,142,510,617,591,414,193,479.0,17.0,124,81,163,62.0,61,33,52,704.0,98.0,181.0,575,43.0,383,72,90.0,190.0,195,83.0,468,54,34,116.0,82.0,523,54,64,48.0,52,29.0,1427,23.0,39.0,138,22.0,304,78,454,144,921,104
143,53.0,50,287.0,31.0,14.0,36,2597,691,182,19.0,16.0,196,55.0,61.0,123,187,210.0,145,133.0,102,611,506,577,328,167,498.0,28.0,142,60,167,58.0,62,49,106,515.0,63.0,136.0,587,33.0,229,64,121.0,196.0,210,59.0,434,93,41,143.0,83.0,318,80,59,56.0,70,70.0,1356,47.0,33.0,164,25.0,279,53,502,111,1305,107
144,52.0,64,389.0,27.0,19.0,20,2745,351,161,10.0,26.0,175,61.0,47.0,100,180,148.0,133,143.0,99,592,1025,856,344,159,444.0,28.0,145,72,188,65.0,82,29,79,423.0,52.0,146.0,520,42.0,258,72,270.0,247.0,183,73.0,319,100,32,137.0,100.0,289,70,64,62.0,62,37.0,1173,19.0,42.0,162,26.0,392,68,446,137,1367,115
145,62.0,109,372.0,41.0,12.0,27,1729,472,177,17.0,16.0,150,62.0,73.0,124,184,139.0,100,155.0,106,640,864,660,422,175,420.0,14.0,145,99,418,63.0,74,42,63,352.0,52.0,155.0,435,51.0,356,58,134.0,352.0,208,79.0,244,76,25,124.0,76.0,284,65,51,58.0,71,24.0,1058,8.0,28.0,151,22.0,354,74,433,134,1295,95
146,95.0,99,346.0,31.0,22.0,23,1453,467,156,18.0,20.0,177,50.0,58.0,94,169,120.0,131,221.0,130,633,769,848,285,195,386.0,13.0,118,74,235,57.0,82,46,55,317.0,34.0,178.0,459,52.0,325,74,123.0,255.0,188,67.0,297,41,35,138.0,81.0,263,65,63,59.0,60,57.0,932,16.0,32.0,178,17.0,985,51,639,154,1224,86
147,72.0,52,346.0,22.0,17.0,18,1017,406,178,18.0,24.0,177,53.0,56.0,114,178,106.0,136,174.0,129,589,723,377,230,146,493.0,17.0,133,96,197,49.0,73,55,45,298.0,44.0,164.0,552,58.0,367,61,121.0,178.0,207,70.0,289,56,31,111.0,78.0,275,69,150,50.0,61,28.0,913,19.0,40.0,163,27.0,634,81,405,175,1343,130
148,69.0,71,348.0,31.0,20.0,21,1031,403,178,9.0,20.0,166,70.0,70.0,104,127,89.0,116,221.0,150,575,677,398,204,147,399.0,25.0,137,86,254,45.0,75,45,56,304.0,30.0,150.0,533,56.0,399,53,142.0,204.0,257,66.0,343,70,37,97.0,87.0,301,74,166,62.0,69,29.0,1070,7.0,27.0,172,43.0,494,62,368,147,1148,133
149,56.0,57,282.0,27.0,15.0,28,1018,357,287,10.0,20.0,155,59.0,57.0,138,179,107.0,110,216.0,137,537,706,431,248,165,438.0,33.0,146,99,192,59.0,70,62,158,313.0,45.0,156.0,379,41.0,459,73,104.0,209.0,189,72.0,329,66,23,104.0,77.0,343,91,105,104.0,74,44.0,1006,9.0,33.0,168,39.0,447,80,455,136,1082,96
150,56.0,62,348.0,31.0,23.0,29,4297,326,220,26.0,21.0,172,77.0,83.0,130,212,109.0,95,184.0,130,629,645,460,255,260,474.0,25.0,111,82,205,67.0,53,40,139,320.0,44.0,97.0,365,33.0,377,73,351.0,206.0,220,50.0,283,55,26,110.0,87.0,304,111,98,70.0,79,31.0,1165,6.0,108.0,181,32.0,385,81,460,123,1018,154
151,56.0,61,312.0,33.0,13.0,37,1814,287,167,16.0,20.0,175,79.0,47.0,104,181,106.0,104,140.0,110,659,605,444,321,191,437.0,31.0,145,90,175,46.0,56,43,67,293.0,43.0,123.0,326,31.0,270,70,286.0,183.0,203,64.0,245,68,24,179.0,76.0,477,96,84,81.0,52,39.0,984,17.0,81.0,161,29.0,370,60,475,129,932,137
152,64.0,64,341.0,46.0,21.0,55,992,330,611,16.0,22.0,163,61.0,72.0,149,154,90.0,85,166.0,142,569,604,417,293,154,458.0,20.0,148,104,186,66.0,79,34,52,288.0,41.0,153.0,308,61.0,272,72,139.0,174.0,229,84.0,418,53,25,137.0,76.0,429,80,70,78.0,50,39.0,969,10.0,57.0,150,23.0,344,59,513,129,853,109
153,55.0,91,316.0,39.0,17.0,20,773,343,191,17.0,18.0,174,49.0,77.0,129,178,85.0,78,166.0,165,1127,674,390,231,162,419.0,19.0,138,90,185,57.0,81,37,52,463.0,31.0,152.0,394,51.0,258,84,114.0,263.0,177,53.0,353,54,41,116.0,80.0,379,47,63,88.0,61,33.0,876,12.0,66.0,173,37.0,437,63,401,152,1067,123
154,54.0,57,321.0,42.0,21.0,23,646,306,154,7.0,19.0,164,62.0,76.0,125,126,71.0,109,206.0,158,854,631,372,198,184,385.0,25.0,147,90,475,45.0,85,39,36,748.0,43.0,146.0,406,35.0,226,90,108.0,431.0,192,86.0,322,43,33,113.0,75.0,377,74,71,67.0,73,41.0,947,7.0,53.0,187,33.0,362,71,366,145,930,138
155,44.0,35,304.0,35.0,17.0,22,656,310,302,13.0,14.0,201,61.0,83.0,145,152,49.0,99,215.0,145,681,741,397,265,325,469.0,18.0,142,78,174,65.0,69,39,41,360.0,44.0,137.0,369,42.0,154,82,107.0,371.0,223,66.0,294,36,36,113.0,94.0,392,61,53,69.0,71,31.0,1054,10.0,61.0,198,39.0,275,59,406,123,944,161
156,42.0,53,309.0,22.0,17.0,26,727,333,223,8.0,338.0,196,60.0,64.0,139,142,57.0,78,167.0,136,552,964,445,562,267,404.0,14.0,101,74,168,118.0,68,35,50,3283.0,55.0,130.0,370,77.0,200,84,110.0,217.0,223,62.0,254,87,38,86.0,77.0,383,45,42,66.0,65,37.0,1269,9.0,55.0,204,39.0,302,95,460,131,781,171
157,49.0,57,314.0,35.0,20.0,25,775,320,345,13.0,198.0,228,47.0,72.0,143,153,94.0,101,120.0,134,586,719,443,454,226,471.0,24.0,129,83,169,94.0,70,34,43,538.0,28.0,127.0,360,112.0,170,112,90.0,274.0,218,80.0,243,61,26,86.0,100.0,336,51,56,73.0,57,43.0,1251,19.0,50.0,188,35.0,283,55,434,121,774,159
158,40.0,53,293.0,23.0,9.0,25,622,363,217,14.0,107.0,583,55.0,68.0,109,172,57.0,89,128.0,116,874,695,451,386,165,421.0,14.0,123,131,159,85.0,72,28,37,375.0,39.0,119.0,373,75.0,155,136,98.0,245.0,218,63.0,253,57,36,82.0,68.0,328,76,48,84.0,59,38.0,1159,19.0,38.0,188,34.0,349,63,474,141,677,111
159,59.0,46,335.0,26.0,13.0,26,681,373,190,8.0,57.0,318,83.0,74.0,103,141,44.0,104,153.0,121,670,662,376,697,187,319.0,13.0,102,135,155,64.0,73,36,36,347.0,36.0,128.0,315,77.0,144,104,112.0,343.0,207,59.0,249,62,34,135.0,98.0,322,60,69,65.0,73,22.0,1254,12.0,36.0,170,33.0,261,63,407,159,750,96
160,42.0,62,357.0,27.0,12.0,38,632,342,173,12.0,66.0,212,64.0,59.0,109,135,64.0,99,181.0,141,635,557,384,443,168,390.0,12.0,171,127,263,66.0,93,47,47,337.0,28.0,119.0,413,62.0,130,84,85.0,247.0,176,74.0,269,68,37,143.0,106.0,304,53,48,61.0,50,29.0,1120,16.0,29.0,220,30.0,313,62,390,179,915,101
161,49.0,42,299.0,30.0,20.0,58,542,348,155,15.0,46.0,219,63.0,59.0,108,131,46.0,103,176.0,148,541,529,370,311,165,1363.0,12.0,152,210,255,63.0,84,40,27,373.0,43.0,126.0,437,63.0,140,66,85.0,280.0,198,72.0,275,71,51,99.0,113.0,319,66,45,58.0,54,26.0,1185,17.0,77.0,572,29.0,256,78,372,157,876,149
162,63.0,52,337.0,19.0,15.0,33,589,365,165,13.0,38.0,181,63.0,56.0,92,122,59.0,121,140.0,125,724,476,611,249,128,772.0,17.0,135,147,145,55.0,81,49,35,537.0,27.0,121.0,390,73.0,147,60,90.0,254.0,214,61.0,229,47,30,75.0,111.0,332,61,45,64.0,74,34.0,1165,15.0,117.0,366,38.0,252,68,396,179,757,101
163,45.0,57,270.0,26.0,10.0,34,653,380,255,16.0,47.0,199,69.0,78.0,113,121,47.0,108,143.0,110,665,465,452,256,312,821.0,21.0,113,129,176,65.0,78,41,41,695.0,39.0,125.0,390,55.0,1037,75,120.0,299.0,252,79.0,213,47,28,96.0,100.0,332,44,48,61.0,84,39.0,1205,12.0,68.0,197,42.0,243,62,487,168,704,98
164,35.0,66,270.0,32.0,14.0,40,544,309,1522,12.0,117.0,267,107.0,63.0,125,158,93.0,108,160.0,129,631,510,423,318,158,973.0,21.0,109,98,209,76.0,57,36,46,522.0,52.0,108.0,392,37.0,1194,80,123.0,271.0,234,68.0,220,78,40,95.0,89.0,262,65,47,49.0,62,43.0,1120,12.0,48.0,189,38.0,266,60,438,133,635,117
165,54.0,44,354.0,24.0,16.0,27,690,277,851,8.0,146.0,237,73.0,67.0,115,225,80.0,106,149.0,170,611,492,400,302,143,459.0,7.0,124,105,155,73.0,69,38,32,365.0,31.0,132.0,319,40.0,1049,60,88.0,203.0,233,59.0,232,29,50,92.0,105.0,299,83,66,64.0,77,54.0,1049,8.0,57.0,182,45.0,399,57,396,144,650,139
166,45.0,50,299.0,35.0,13.0,30,578,304,293,19.0,76.0,194,79.0,80.0,130,212,53.0,110,150.0,139,568,840,369,306,121,473.0,14.0,104,124,158,70.0,64,40,29,350.0,38.0,123.0,355,34.0,768,56,86.0,155.0,212,62.0,1430,43,42,90.0,82.0,339,97,48,56.0,60,61.0,921,6.0,37.0,184,96.0,311,62,345,152,846,83
167,45.0,36,326.0,44.0,13.0,25,486,342,206,21.0,45.0,170,49.0,77.0,122,198,59.0,105,177.0,158,1008,698,331,276,136,452.0,13.0,149,92,134,49.0,82,44,29,310.0,27.0,150.0,369,54.0,590,64,78.0,261.0,179,54.0,220,41,48,97.0,92.0,347,79,50,68.0,57,53.0,788,12.0,27.0,231,80.0,283,66,423,147,743,86
168,60.0,45,643.0,22.0,24.0,31,410,317,222,17.0,45.0,181,66.0,63.0,115,165,45.0,100,150.0,165,612,554,340,244,130,406.0,20.0,101,88,126,58.0,75,33,27,289.0,25.0,131.0,396,65.0,369,58,68.0,172.0,224,64.0,1058,48,45,77.0,74.0,303,62,37,58.0,55,42.0,865,19.0,31.0,225,65.0,275,72,378,132,966,125
169,40.0,148,477.0,46.0,25.0,13,519,313,213,10.0,47.0,206,78.0,88.0,96,154,45.0,104,156.0,182,583,485,313,204,133,407.0,15.0,341,82,115,147.0,66,45,15,365.0,54.0,100.0,413,33.0,259,47,88.0,253.0,265,70.0,1011,47,54,70.0,96.0,344,62,44,60.0,60,44.0,934,12.0,20.0,185,60.0,247,81,372,138,2036,134
170,40.0,108,436.0,38.0,13.0,18,606,320,220,13.0,29.0,195,46.0,48.0,162,132,57.0,104,152.0,167,504,398,344,248,152,405.0,19.0,109,58,120,85.0,73,48,38,376.0,42.0,138.0,403,35.0,307,91,85.0,230.0,287,47.0,498,63,58,102.0,93.0,358,68,126,63.0,50,30.0,1075,6.0,26.0,160,51.0,233,70,369,145,871,135
171,40.0,133,540.0,37.0,13.0,16,557,329,210,11.0,28.0,298,50.0,55.0,141,189,27.0,94,179.0,134,548,414,505,223,176,376.0,13.0,129,70,197,102.0,66,26,45,330.0,34.0,118.0,452,22.0,296,99,145.0,197.0,389,84.0,262,52,51,111.0,91.0,342,63,67,65.0,63,22.0,1060,10.0,16.0,140,45.0,224,93,525,148,814,130
172,47.0,76,733.0,35.0,12.0,17,621,328,179,13.0,32.0,174,46.0,80.0,105,214,49.0,100,191.0,144,514,445,466,199,164,431.0,11.0,114,68,188,67.0,63,30,30,295.0,42.0,135.0,403,50.0,217,64,141.0,212.0,290,76.0,228,49,63,121.0,103.0,310,98,45,54.0,68,22.0,943,9.0,22.0,152,58.0,271,84,431,127,801,140
173,45.0,50,584.0,31.0,15.0,15,544,358,208,8.0,35.0,175,56.0,65.0,108,159,32.0,90,159.0,175,472,520,393,211,150,382.0,19.0,135,71,154,52.0,70,36,37,296.0,46.0,148.0,352,31.0,240,84,125.0,202.0,244,99.0,263,49,38,82.0,96.0,355,78,52,58.0,63,23.0,961,9.0,19.0,124,48.0,263,59,416,152,13739,84
174,48.0,77,437.0,31.0,10.0,11,442,381,200,16.0,25.0,181,48.0,62.0,85,148,46.0,93,197.0,142,538,441,357,202,139,362.0,26.0,138,96,246,57.0,106,39,42,333.0,32.0,144.0,403,37.0,218,57,103.0,190.0,219,144.0,328,46,46,73.0,82.0,297,57,50,80.0,59,23.0,792,9.0,19.0,134,36.0,256,60,431,169,1653,81
175,51.0,57,388.0,29.0,17.0,17,432,359,148,7.0,31.0,186,39.0,72.0,88,126,48.0,107,210.0,168,469,401,367,153,143,468.0,25.0,149,99,161,60.0,86,35,25,253.0,37.0,153.0,440,40.0,168,40,92.0,285.0,263,103.0,274,41,43,74.0,64.0,267,63,44,69.0,94,22.0,839,5.0,18.0,190,46.0,264,67,398,183,960,125
176,44.0,48,480.0,25.0,14.0,23,479,395,169,4.0,30.0,184,47.0,62.0,101,152,42.0,113,205.0,134,566,428,365,188,144,454.0,29.0,137,67,124,67.0,71,44,22,341.0,34.0,126.0,589,38.0,167,26,101.0,276.0,263,114.0,227,85,42,108.0,69.0,378,69,34,63.0,78,28.0,953,11.0,17.0,161,27.0,245,65,422,200,1022,140
177,47.0,48,483.0,27.0,14.0,21,559,923,165,14.0,27.0,217,29.0,58.0,99,166,43.0,100,170.0,124,502,405,363,223,161,471.0,25.0,119,53,116,62.0,66,32,30,308.0,52.0,132.0,428,31.0,167,50,92.0,215.0,283,122.0,204,73,36,92.0,86.0,383,66,36,60.0,65,33.0,913,9.0,29.0,180,28.0,215,67,418,137,1085,105
178,49.0,54,362.0,32.0,7.0,13,512,582,246,12.0,50.0,234,49.0,53.0,110,140,40.0,109,152.0,130,539,403,419,219,178,410.0,28.0,140,79,139,69.0,58,30,33,278.0,37.0,122.0,380,29.0,200,77,124.0,187.0,256,78.0,219,77,44,79.0,82.0,378,77,43,54.0,72,38.0,912,8.0,16.0,240,93.0,269,68,410,136,884,118
179,42.0,61,302.0,24.0,12.0,17,590,570,150,11.0,30.0,178,44.0,56.0,117,119,43.0,98,145.0,115,595,430,401,920,150,410.0,18.0,153,74,141,69.0,69,34,68,282.0,48.0,124.0,388,32.0,141,71,103.0,183.0,194,83.0,161,46,48,61.0,68.0,336,83,33,56.0,46,29.0,1004,15.0,16.0,232,79.0,238,90,498,138,739,86
180,57.0,55,283.0,33.0,15.0,113,551,395,151,19.0,28.0,160,61.0,55.0,107,138,28.0,92,187.0,125,552,397,370,482,155,370.0,12.0,130,82,163,51.0,74,39,52,228.0,47.0,139.0,400,32.0,193,63,90.0,221.0,190,77.0,203,35,73,87.0,78.0,341,86,49,100.0,67,29.0,890,29.0,26.0,155,63.0,221,75,494,133,851,104
181,46.0,49,289.0,27.0,23.0,54,408,426,176,7.0,15.0,160,45.0,61.0,140,191,25.0,100,220.0,147,516,385,311,223,145,391.0,15.0,145,104,146,48.0,58,43,31,269.0,39.0,147.0,384,45.0,148,45,87.0,224.0,280,57.0,250,49,46,93.0,81.0,286,72,56,453.0,71,33.0,822,14.0,70.0,167,63.0,215,73,534,148,1034,84
182,53.0,37,311.0,22.0,15.0,41,453,438,157,13.0,135.0,166,65.0,60.0,112,119,40.0,81,254.0,128,545,347,379,193,122,493.0,10.0,143,75,117,47.0,82,34,23,243.0,29.0,128.0,423,51.0,116,41,90.0,251.0,236,52.0,246,37,50,61.0,62.0,315,76,35,250.0,59,38.0,874,13.0,43.0,231,26.0,205,70,472,166,866,114
183,43.0,45,280.0,32.0,15.0,35,495,331,169,10.0,96.0,198,61.0,59.0,85,107,36.0,93,278.0,149,565,322,370,188,148,647.0,15.0,146,64,107,52.0,65,44,38,250.0,43.0,157.0,394,29.0,129,52,116.0,438.0,231,73.0,253,45,52,54.0,78.0,329,208,29,151.0,68,36.0,1024,12.0,37.0,161,32.0,208,86,424,119,811,101
184,32.0,35,282.0,29.0,15.0,53,460,365,185,14.0,71.0,183,48.0,51.0,111,116,38.0,104,257.0,142,505,304,374,235,160,499.0,17.0,118,58,96,63.0,88,29,50,324.0,55.0,144.0,496,23.0,131,54,95.0,253.0,227,72.0,189,45,64,79.0,73.0,321,139,28,167.0,65,18.0,1049,5.0,16.0,185,31.0,179,76,436,620,727,105
185,44.0,39,243.0,24.0,27.0,46,553,297,193,11.0,64.0,189,41.0,62.0,119,159,50.0,94,220.0,138,554,381,367,200,160,442.0,15.0,151,75,150,60.0,69,50,33,286.0,30.0,94.0,415,26.0,130,43,73.0,230.0,215,60.0,215,36,84,69.0,63.0,378,128,44,192.0,75,30.0,1206,14.0,24.0,178,24.0,246,81,446,1841,700,132
186,54.0,44,273.0,19.0,17.0,28,527,286,196,18.0,53.0,190,55.0,75.0,129,148,36.0,77,172.0,134,700,454,358,184,899,421.0,17.0,165,94,168,61.0,74,38,52,270.0,39.0,144.0,373,34.0,135,69,79.0,244.0,199,53.0,200,42,83,86.0,69.0,329,118,47,210.0,63,20.0,1134,11.0,11.0,186,25.0,240,65,473,2156,2545,99
187,54.0,31,318.0,23.0,22.0,27,552,273,163,8.0,42.0,160,68.0,51.0,107,124,37.0,95,198.0,145,560,451,315,170,600,386.0,12.0,128,82,127,52.0,73,37,52,259.0,49.0,193.0,386,42.0,142,40,62.0,283.0,212,68.0,186,42,81,74.0,83.0,218,110,46,132.0,53,27.0,1051,4.0,14.0,250,13.0,243,76,478,1162,1987,72
188,50.0,30,301.0,47.0,18.0,9,502,341,178,11.0,62.0,143,54.0,52.0,95,131,40.0,99,231.0,144,539,404,332,196,399,494.0,19.0,145,89,108,53.0,73,36,34,305.0,40.0,221.0,409,41.0,165,36,70.0,231.0,167,66.0,234,48,97,66.0,73.0,271,109,56,143.0,53,31.0,853,8.0,16.0,194,20.0,209,69,499,718,1205,87
189,53.0,28,288.0,48.0,16.0,20,451,314,144,12.0,50.0,159,68.0,54.0,83,126,48.0,96,200.0,116,494,414,299,169,222,546.0,22.0,119,77,126,46.0,72,46,26,240.0,46.0,178.0,442,39.0,126,52,67.0,328.0,191,60.0,222,47,73,85.0,59.0,281,116,38,116.0,59,30.0,886,6.0,8.0,162,16.0,199,53,453,347,1043,99
190,49.0,25,455.0,44.0,22.0,20,501,339,192,14.0,41.0,173,61.0,61.0,102,128,51.0,74,176.0,118,489,417,328,166,270,459.0,18.0,130,64,120,41.0,82,25,25,330.0,35.0,127.0,418,45.0,133,53,61.0,310.0,181,64.0,232,338,47,82.0,75.0,306,95,47,115.0,62,16.0,1101,11.0,9.0,166,22.0,201,63,479,293,3069,79
191,68.0,30,289.0,35.0,11.0,42,633,366,192,10.0,38.0,183,52.0,48.0,114,134,46.0,99,174.0,110,450,380,392,146,230,464.0,21.0,117,76,132,50.0,74,36,25,319.0,48.0,118.0,445,38.0,116,52,50.0,596.0,156,58.0,250,320,57,86.0,87.0,347,69,45,109.0,61,26.0,1105,13.0,21.0,174,24.0,195,65,488,196,1273,89
192,36.0,34,264.0,26.0,9.0,29,579,351,184,13.0,41.0,206,43.0,47.0,110,126,32.0,109,150.0,120,549,398,426,150,254,3897.0,17.0,104,77,152,55.0,104,33,21,255.0,53.0,116.0,451,30.0,131,47,59.0,345.0,209,71.0,274,265,42,123.0,76.0,371,70,44,91.0,47,24.0,1220,8.0,20.0,154,35.0,197,57,502,155,1269,97
193,50.0,30,596.0,48.0,11.0,54,555,296,156,15.0,32.0,155,56.0,59.0,107,164,30.0,94,130.0,100,608,409,483,192,192,1785.0,13.0,113,79,120,68.0,74,28,21,390.0,51.0,130.0,416,22.0,122,38,49.0,300.0,183,50.0,215,196,69,81.0,78.0,319,75,38,124.0,48,18.0,1270,7.0,11.0,139,28.0,192,226,561,182,1085,222
194,71.0,27,478.0,37.0,15.0,32,580,361,214,11.0,32.0,168,63.0,91.0,111,138,27.0,99,132.0,127,2335,414,400,182,438,1401.0,11.0,125,89,108,84.0,84,45,23,329.0,49.0,150.0,386,54.0,85,36,61.0,229.0,182,49.0,205,133,64,97.0,55.0,293,44,46,80.0,56,24.0,997,15.0,22.0,163,17.0,247,227,650,162,2005,208
195,51.0,39,503.0,24.0,13.0,46,536,314,268,13.0,29.0,146,418.0,69.0,129,137,29.0,102,165.0,138,1814,382,321,177,537,11413.0,15.0,133,58,133,61.0,77,45,15,274.0,40.0,135.0,451,33.0,113,67,57.0,237.0,178,45.0,232,102,60,75.0,75.0,257,244,30,86.0,76,29.0,947,9.0,11.0,191,15.0,157,136,564,152,1228,133
196,60.0,20,378.0,48.0,18.0,11,495,290,168,9.0,26.0,190,284.0,64.0,104,124,28.0,111,195.0,107,1281,400,338,140,309,6560.0,9.0,107,96,115,55.0,77,42,16,256.0,45.0,131.0,399,40.0,93,41,57.0,231.0,163,42.0,221,78,44,69.0,79.0,317,138,42,63.0,105,23.0,1034,10.0,14.0,175,36.0,177,116,519,156,947,141
197,303.0,24,337.0,28.0,10.0,17,562,329,162,6.0,33.0,207,200.0,58.0,99,142,30.0,92,174.0,137,970,418,346,149,208,4979.0,17.0,136,90,115,54.0,89,63,12,273.0,41.0,151.0,432,34.0,126,41,57.0,655.0,195,53.0,245,80,30,71.0,60.0,275,121,38,69.0,78,19.0,1613,10.0,24.0,176,71.0,206,98,520,185,1038,155
198,155.0,19,499.0,17.0,11.0,27,623,332,171,17.0,24.0,238,112.0,66.0,115,133,37.0,103,169.0,132,894,344,358,2215,263,807.0,10.0,122,86,146,52.0,58,38,20,287.0,37.0,118.0,476,31.0,130,31,79.0,366.0,183,73.0,581,70,39,115.0,64.0,286,91,74,92.0,68,23.0,1782,10.0,17.0,156,28.0,188,92,564,152,1654,123
199,101.0,38,371.0,19.0,14.0,33,642,314,172,4.0,24.0,189,123.0,86.0,109,304,37.0,95,147.0,140,741,394,331,589,239,617.0,18.0,101,107,161,66.0,78,31,19,1190.0,62.0,110.0,468,34.0,132,36,55.0,293.0,155,51.0,471,65,37,64.0,75.0,292,56,89,87.0,108,16.0,1183,11.0,13.0,149,29.0,228,75,811,145,1182,113
200,83.0,37,386.0,26.0,20.0,21,520,262,177,12.0,26.0,196,86.0,72.0,132,183,40.0,73,151.0,133,830,438,349,348,205,612.0,14.0,122,79,124,69.0,78,35,23,1619.0,72.0,176.0,410,27.0,109,30,70.0,309.0,149,57.0,396,69,46,123.0,73.0,267,53,43,104.0,129,33.0,1148,8.0,10.0,171,22.0,186,69,559,190,1077,105
201,100.0,33,314.0,18.0,13.0,25,20072,282,2135,9.0,15.0,170,80.0,71.0,142,166,36.0,92,148.0,144,658,427,321,202,175,502.0,15.0,128,109,150,69.0,86,32,17,943.0,35.0,145.0,376,53.0,122,38,55.0,275.0,145,48.0,371,67,53,54.0,60.0,305,53,47,93.0,121,21.0,1036,11.0,10.0,152,16.0,169,72,613,154,978,89
202,75.0,24,358.0,24.0,11.0,10,11456,264,634,7.0,24.0,165,87.0,107.0,91,162,35.0,93,161.0,135,1235,438,356,171,191,524.0,16.0,122,98,140,63.0,82,39,13,582.0,24.0,227.0,407,45.0,151,26,54.0,213.0,333,51.0,331,51,41,52.0,53.0,301,48,60,81.0,76,26.0,942,4.0,22.0,175,12.0,146,68,507,124,849,162
203,62.0,17,361.0,28.0,17.0,10,6392,342,207,17.0,30.0,170,200.0,106.0,89,227,35.0,129,145.0,116,1068,387,293,164,179,450.0,15.0,123,92,120,57.0,110,34,13,458.0,49.0,144.0,447,44.0,157,44,69.0,175.0,335,55.0,286,48,49,73.0,53.0,373,59,47,69.0,106,25.0,937,13.0,9.0,186,19.0,173,69,519,165,1049,108
204,59.0,12,349.0,28.0,21.0,17,4149,311,370,9.0,32.0,177,217.0,59.0,105,184,34.0,112,183.0,132,730,352,314,149,159,471.0,13.0,104,92,125,57.0,90,42,14,412.0,41.0,113.0,483,32.0,140,48,80.0,182.0,228,51.0,267,54,41,71.0,80.0,329,35,43,88.0,82,18.0,1118,10.0,13.0,186,17.0,146,72,1310,151,781,97
205,46.0,22,306.0,27.0,25.0,18,3125,324,251,11.0,27.0,172,121.0,47.0,124,266,39.0,95,158.0,132,633,440,290,149,213,409.0,13.0,141,97,165,48.0,162,40,17,347.0,42.0,125.0,413,45.0,168,40,68.0,166.0,202,48.0,232,55,28,74.0,68.0,325,37,41,78.0,81,16.0,971,10.0,9.0,185,10.0,159,65,685,127,758,120
206,48.0,18,265.0,26.0,25.0,15,2685,372,186,14.0,16.0,166,64.0,52.0,99,223,39.0,88,143.0,123,752,397,334,192,184,443.0,17.0,145,89,170,71.0,129,40,17,269.0,56.0,118.0,403,34.0,139,42,66.0,192.0,182,54.0,273,46,37,454.0,74.0,321,32,59,63.0,83,28.0,1096,4.0,23.0,165,14.0,171,89,767,115,632,174
207,36.0,27,254.0,31.0,22.0,27,1663,305,156,6.0,23.0,166,81.0,54.0,126,160,27.0,101,122.0,110,766,427,338,130,164,389.0,26.0,110,103,210,59.0,269,24,24,298.0,40.0,141.0,371,34.0,148,41,54.0,161.0,167,175.0,227,44,37,507.0,74.0,325,35,50,62.0,83,24.0,951,6.0,20.0,158,21.0,175,63,681,123,772,129
208,31.0,20,274.0,22.0,20.0,17,1295,333,174,7.0,15.0,151,75.0,53.0,108,143,34.0,142,171.0,122,652,398,327,158,233,368.0,17.0,92,98,288,74.0,307,49,16,252.0,43.0,124.0,384,34.0,147,32,57.0,181.0,175,58.0,208,51,48,391.0,99.0,328,43,44,84.0,94,32.0,1017,4.0,16.0,147,24.0,142,71,552,135,935,113
209,47.0,35,278.0,20.0,35.0,26,1039,388,157,3.0,15.0,158,83.0,54.0,106,137,36.0,106,174.0,195,601,383,325,137,222,495.0,9.0,133,89,236,51.0,549,34,26,242.0,29.0,151.0,380,49.0,175,29,66.0,159.0,159,55.0,237,34,37,285.0,103.0,246,40,33,75.0,81,20.0,780,4.0,16.0,171,10.0,154,91,611,141,1143,122
210,34.0,27,273.0,14.0,32.0,28,789,363,180,11.0,15.0,153,54.0,35.0,99,157,40.0,102,190.0,139,7572,392,297,138,168,366.0,12.0,152,89,195,56.0,193,71,17,247.0,68.0,140.0,379,40.0,138,27,53.0,153.0,203,64.0,248,40,72,215.0,85.0,275,44,49,55.0,105,20.0,912,10.0,11.0,161,24.0,161,77,500,155,1386,122
211,39.0,30,252.0,17.0,18.0,24,834,314,183,9.0,11.0,157,62.0,44.0,99,113,30.0,90,173.0,120,2532,348,329,148,173,409.0,15.0,190,90,156,52.0,147,34,16,222.0,42.0,153.0,417,52.0,108,53,46.0,226.0,177,51.0,187,39,20,137.0,91.0,382,42,36,61.0,92,13.0,1117,15.0,10.0,189,21.0,119,88,454,124,1113,126
212,46.0,28,255.0,89.0,21.0,19,916,301,204,12.0,24.0,167,62.0,49.0,120,110,34.0,94,202.0,120,954,348,379,167,569,418.0,15.0,139,80,162,63.0,90,24,22,211.0,40.0,136.0,478,50.0,116,60,63.0,229.0,183,46.0,207,59,26,131.0,77.0,397,29,34,58.0,105,17.0,1347,8.0,9.0,168,13.0,118,78,494,107,2121,137
213,48.0,26,214.0,58.0,12.0,27,868,272,196,11.0,10.0,148,64.0,56.0,100,118,42.0,97,150.0,132,880,380,319,150,436,840.0,16.0,124,72,177,58.0,102,36,28,218.0,66.0,104.0,350,31.0,103,98,46.0,167.0,166,45.0,197,51,34,108.0,98.0,344,50,37,54.0,89,25.0,1230,10.0,15.0,236,18.0,136,75,514,118,2402,91
214,41.0,31,215.0,66.0,14.0,29,1018,229,195,5.0,16.0,183,72.0,53.0,115,129,30.0,84,134.0,180,800,443,340,166,342,418.0,14.0,96,73,137,66.0,84,35,11,222.0,53.0,118.0,390,37.0,80,49,58.0,186.0,160,38.0,209,32,30,119.0,108.0,365,96,40,64.0,82,21.0,1044,9.0,19.0,228,15.0,126,59,531,119,1417,94
215,37.0,37,278.0,46.0,13.0,21,767,259,158,11.0,18.0,181,65.0,68.0,128,129,37.0,90,148.0,159,777,489,349,199,317,380.0,9.0,115,95,150,71.0,89,42,25,221.0,76.0,143.0,346,42.0,86,35,46.0,153.0,145,36.0,198,44,28,95.0,76.0,303,43,48,66.0,74,16.0,1172,5.0,11.0,185,8.0,123,60,464,127,1224,83
216,45.0,33,278.0,21.0,21.0,12,607,1277,131,6.0,16.0,143,61.0,66.0,122,139,42.0,96,178.0,125,762,395,282,175,254,412.0,9.0,132,85,128,63.0,87,40,29,206.0,45.0,134.0,406,53.0,76,39,58.0,164.0,162,42.0,213,57,31,95.0,78.0,251,42,38,119.0,61,29.0,1062,8.0,13.0,213,9.0,87,67,499,125,945,89
217,44.0,19,268.0,48.0,15.0,10,572,1390,133,6.0,15.0,156,87.0,61.0,109,118,39.0,81,141.0,142,743,382,299,186,251,438.0,14.0,141,78,117,44.0,79,30,54,182.0,48.0,128.0,358,47.0,67,35,60.0,259.0,191,46.0,201,38,37,98.0,85.0,295,51,38,79.0,83,14.0,1013,4.0,11.0,209,14.0,150,77,490,115,818,102
218,39.0,35,300.0,24.0,9.0,18,684,1043,143,13.0,12.0,162,64.0,40.0,118,130,30.0,81,153.0,171,777,397,342,204,205,457.0,17.0,127,98,99,49.0,63,40,22,220.0,61.0,138.0,414,47.0,180,33,215.0,190.0,198,47.0,192,36,33,76.0,93.0,317,29,68,55.0,71,17.0,1305,7.0,6.0,173,14.0,122,64,465,114,823,174
219,40.0,23,224.0,26.0,10.0,24,697,743,180,14.0,21.0,166,51.0,51.0,107,155,38.0,70,156.0,143,592,371,443,215,233,426.0,18.0,121,68,107,70.0,61,27,24,249.0,62.0,104.0,347,32.0,146,31,173.0,160.0,210,44.0,179,46,36,73.0,79.0,370,33,57,57.0,94,26.0,1112,8.0,8.0,201,11.0,120,114,515,119,841,97
220,34.0,31,209.0,20.0,13.0,31,833,547,167,21.0,15.0,157,59.0,51.0,107,124,36.0,83,161.0,133,1194,403,364,192,237,427.0,8.0,109,83,107,98.0,65,20,24,252.0,63.0,122.0,390,31.0,177,31,218.0,161.0,179,45.0,188,30,28,77.0,1112.0,389,35,53,70.0,84,38.0,996,9.0,5.0,173,16.0,121,84,549,122,717,85
221,35.0,28,217.0,22.0,16.0,21,792,437,138,20.0,16.0,179,304.0,58.0,119,101,30.0,77,161.0,110,1061,437,302,177,217,446.0,12.0,118,91,129,71.0,112,20,23,241.0,42.0,99.0,342,36.0,113,30,143.0,139.0,189,47.0,169,26,36,105.0,69.0,380,32,42,73.0,86,19.0,1048,12.0,6.0,175,16.0,136,81,581,142,768,91
222,31.0,30,261.0,30.0,12.0,20,582,368,130,21.0,14.0,167,186.0,58.0,104,133,36.0,69,160.0,113,974,460,327,144,212,403.0,9.0,126,67,115,64.0,98,23,17,233.0,26.0,134.0,303,42.0,118,40,106.0,143.0,175,43.0,163,43,47,79.0,67.0,296,29,34,91.0,130,27.0,1313,15.0,7.0,154,11.0,132,65,722,192,750,69
223,37.0,27,285.0,34.0,13.0,26,511,360,140,14.0,3.0,188,158.0,51.0,117,132,43.0,84,185.0,109,881,402,353,185,231,424.0,16.0,123,70,110,58.0,75,40,14,195.0,34.0,142.0,380,47.0,130,37,76.0,161.0,142,39.0,226,26,31,87.0,71.0,316,36,36,89.0,85,24.0,1374,9.0,5.0,190,14.0,116,69,648,152,760,95
224,29.0,21,260.0,30.0,9.0,13,349,315,121,9.0,6.0,149,123.0,67.0,92,109,40.0,81,178.0,108,829,363,389,159,217,414.0,9.0,132,79,92,68.0,83,39,16,183.0,55.0,130.0,389,41.0,98,35,69.0,141.0,178,38.0,207,24,31,72.0,74.0,380,55,63,94.0,116,28.0,1111,5.0,7.0,173,14.0,117,80,624,161,760,83
225,34.0,21,304.0,20.0,19.0,16,641,275,150,16.0,17.0,148,109.0,67.0,98,116,36.0,98,223.0,81,738,368,354,163,192,455.0,16.0,133,78,116,53.0,76,32,16,211.0,44.0,162.0,357,45.0,82,191,70.0,144.0,194,43.0,205,32,21,61.0,90.0,391,37,70,93.0,91,30.0,1374,8.0,132.0,158,11.0,123,81,1267,151,768,136
226,29.0,24,215.0,18.0,7.0,16,824,287,161,4.0,14.0,177,86.0,49.0,143,132,24.0,102,170.0,97,843,388,363,183,199,493.0,13.0,97,63,114,59.0,63,38,18,290.0,53.0,127.0,353,34.0,106,185,83.0,803.0,185,45.0,192,38,25,63.0,69.0,353,20,63,88.0,106,24.0,1407,3.0,68.0,1152,10.0,127,68,763,118,699,94
227,35.0,21,197.0,25.0,7.0,27,905,293,132,8.0,8.0,296,88.0,47.0,116,142,36.0,81,148.0,114,819,343,322,198,203,400.0,24.0,131,73,124,61.0,51,31,15,260.0,38.0,129.0,341,34.0,106,136,60.0,478.0,143,28.0,200,38,18,45.0,78.0,385,40,63,62.0,112,25.0,1971,5.0,34.0,265,12.0,151,75,635,110,755,94
228,39.0,28,203.0,31.0,31.0,25,742,296,169,10.0,13.0,773,80.0,56.0,110,132,45.0,89,183.0,117,691,431,376,189,164,347.0,18.0,134,74,117,69.0,70,30,20,206.0,43.0,115.0,338,43.0,86,105,52.0,219.0,160,44.0,153,44,16,77.0,76.0,322,37,49,74.0,102,16.0,1357,7.0,26.0,186,15.0,143,79,617,118,3037,106
229,35.0,20,247.0,33.0,36.0,12,951,316,106,6.0,11.0,217,94.0,64.0,87,126,48.0,79,176.0,123,661,436,334,221,148,351.0,16.0,120,93,121,69.0,61,30,13,231.0,41.0,124.0,311,40.0,93,84,68.0,174.0,228,64.0,177,57,32,56.0,75.0,326,22,47,99.0,92,27.0,2207,10.0,9.0,162,20.0,148,62,530,163,2409,84
230,39.0,250,265.0,17.0,27.0,17,664,242,129,8.0,13.0,184,78.0,400.0,126,138,24.0,91,173.0,120,643,433,345,217,172,750.0,12.0,121,65,115,70.0,87,40,15,313.0,30.0,132.0,336,47.0,72,65,51.0,199.0,183,67.0,199,44,29,70.0,81.0,295,39,43,83.0,88,19.0,1559,10.0,12.0,167,15.0,122,70,477,145,1022,96
231,30.0,140,246.0,17.0,18.0,20,485,267,127,8.0,14.0,164,76.0,243.0,117,125,25.0,103,140.0,115,543,455,276,186,158,404.0,13.0,129,94,97,75.0,66,40,7,387.0,29.0,163.0,382,73.0,77,28,56.0,161.0,174,66.0,1174,44,21,56.0,77.0,370,31,33,78.0,106,25.0,1160,9.0,9.0,178,16.0,141,82,524,149,904,91
232,24.0,111,213.0,25.0,16.0,12,517,259,145,13.0,12.0,157,69.0,181.0,89,91,16.0,86,167.0,110,531,341,319,120,166,422.0,16.0,107,75,98,87.0,51,57,16,256.0,37.0,171.0,375,54.0,64,46,67.0,237.0,182,55.0,692,42,20,73.0,69.0,447,18,31,85.0,103,19.0,1416,12.0,11.0,151,17.0,130,75,1833,131,808,110
233,30.0,59,245.0,19.0,23.0,26,582,266,138,8.0,7.0,183,58.0,106.0,101,114,45.0,110,169.0,108,445,390,317,133,155,351.0,10.0,136,57,123,63.0,68,40,18,278.0,46.0,138.0,329,54.0,68,41,72.0,206.0,197,61.0,461,34,23,59.0,76.0,389,22,30,189.0,107,18.0,2861,16.0,10.0,154,11.0,146,76,1961,144,781,95
234,22.0,67,201.0,13.0,16.0,21,683,654,128,13.0,5.0,194,46.0,125.0,104,132,52.0,90,189.0,93,655,365,321,162,248,759.0,16.0,110,68,127,81.0,62,41,24,253.0,41.0,119.0,342,35.0,68,43,64.0,160.0,157,47.0,380,40,25,79.0,95.0,364,26,50,146.0,97,22.0,2515,5.0,10.0,164,3.0,153,70,1188,135,667,97
235,29.0,51,223.0,17.0,12.0,17,565,1122,161,7.0,13.0,164,67.0,76.0,108,228,31.0,78,137.0,94,608,412,264,162,271,566.0,7.0,123,85,160,71.0,65,29,22,296.0,34.0,115.0,315,45.0,82,37,69.0,218.0,149,55.0,348,36,15,75.0,79.0,375,22,45,117.0,69,20.0,1838,9.0,8.0,265,10.0,145,56,899,156,712,80
236,35.0,43,228.0,12.0,5.0,17,417,656,915,5.0,8.0,218,61.0,77.0,103,133,31.0,73,151.0,137,529,467,270,148,159,804.0,10.0,106,77,143,72.0,81,39,12,240.0,35.0,115.0,384,50.0,77,50,43.0,204.0,145,50.0,308,31,18,55.0,89.0,740,19,38,101.0,92,23.0,1318,8.0,10.0,257,10.0,146,53,734,169,693,84
237,48.0,35,249.0,21.0,15.0,12,385,591,206,10.0,12.0,181,70.0,84.0,94,122,24.0,105,169.0,132,494,398,270,360,174,765.0,16.0,139,72,150,70.0,89,34,22,213.0,29.0,125.0,335,44.0,75,18,41.0,171.0,144,54.0,279,41,19,64.0,71.0,502,14,56,83.0,102,20.0,1080,5.0,11.0,239,17.0,230,51,609,148,749,92
238,27.0,26,244.0,23.0,12.0,14,358,535,143,13.0,18.0,163,52.0,184.0,76,131,27.0,87,153.0,123,466,401,296,148,132,507.0,9.0,116,74,118,60.0,53,43,13,185.0,37.0,100.0,418,59.0,72,39,38.0,273.0,156,45.0,289,22,28,57.0,69.0,476,20,39,94.0,82,23.0,1125,7.0,6.0,184,13.0,183,61,675,141,784,78
239,29.0,30,247.0,9.0,22.0,32,407,499,151,13.0,6.0,156,57.0,234.0,106,89,23.0,569,178.0,159,730,452,320,141,137,539.0,16.0,117,74,104,85.0,121,51,9,219.0,24.0,129.0,356,46.0,59,26,47.0,137.0,172,50.0,231,37,26,62.0,66.0,399,22,55,142.0,89,32.0,1376,17.0,7.0,141,9.0,157,67,653,152,733,77
240,38.0,19,239.0,13.0,16.0,27,724,400,188,7.0,19.0,146,44.0,105.0,92,140,25.0,358,201.0,143,943,353,340,140,154,658.0,11.0,101,86,128,76.0,132,38,16,189.0,38.0,108.0,334,23.0,48,45,68.0,156.0,151,50.0,227,34,14,51.0,98.0,395,35,51,85.0,95,34.0,1144,2.0,8.0,149,37.0,174,64,598,144,740,75
241,33.0,30,176.0,15.0,7.0,19,581,379,149,8.0,12.0,148,45.0,70.0,108,176,25.0,243,153.0,99,878,412,349,138,149,728.0,14.0,85,68,142,90.0,88,40,12,227.0,34.0,103.0,354,37.0,67,31,54.0,161.0,155,51.0,275,46,27,58.0,70.0,363,29,50,58.0,71,19.0,1328,12.0,7.0,268,16.0,139,64,578,142,623,91
242,30.0,35,228.0,26.0,9.0,18,896,292,137,7.0,12.0,204,41.0,79.0,138,125,26.0,160,143.0,102,967,398,379,137,151,906.0,16.0,125,71,110,76.0,76,27,18,210.0,30.0,110.0,324,47.0,60,34,53.0,204.0,130,57.0,269,33,30,68.0,63.0,578,21,37,83.0,77,17.0,1300,7.0,6.0,181,10.0,150,72,454,137,985,116
243,35.0,27,201.0,24.0,11.0,12,717,292,117,9.0,11.0,141,86.0,91.0,97,142,24.0,182,132.0,146,934,1144,357,154,108,1185.0,11.0,127,107,111,77.0,46,33,14,196.0,23.0,130.0,350,43.0,61,38,61.0,153.0,151,52.0,277,25,23,63.0,72.0,418,19,41,72.0,103,15.0,1041,6.0,6.0,135,10.0,150,99,421,112,881,103
244,39.0,28,274.0,44.0,14.0,17,571,283,128,4.0,13.0,153,69.0,70.0,107,118,16.0,153,159.0,157,618,372,278,122,141,803.0,9.0,110,80,121,100.0,62,34,14,212.0,44.0,120.0,323,54.0,70,24,59.0,180.0,149,38.0,227,37,31,53.0,61.0,339,17,44,47.0,78,27.0,984,10.0,10.0,151,10.0,147,67,437,129,753,98
245,32.0,35,214.0,12.0,12.0,17,483,321,116,20.0,12.0,145,50.0,60.0,81,137,15.0,125,136.0,824,506,341,307,127,132,518.0,27.0,112,78,127,145.0,91,41,7,190.0,29.0,168.0,424,30.0,73,43,41.0,121.0,194,49.0,239,65,14,80.0,61.0,344,19,42,234.0,99,31.0,1000,9.0,10.0,198,9.0,183,71,432,145,754,79
246,38.0,27,197.0,9.0,7.0,20,536,476,163,13.0,13.0,148,53.0,65.0,88,104,29.0,131,130.0,527,438,390,391,140,139,516.0,16.0,132,72,163,94.0,54,23,15,226.0,39.0,163.0,420,30.0,56,17,60.0,149.0,189,58.0,372,107,14,69.0,62.0,339,23,37,122.0,89,21.0,1268,6.0,7.0,178,12.0,125,75,420,129,724,127
247,23.0,16,259.0,10.0,8.0,20,644,362,155,10.0,8.0,145,45.0,58.0,87,114,22.0,545,134.0,359,391,343,447,134,112,581.0,15.0,123,91,118,188.0,54,50,13,205.0,25.0,133.0,376,43.0,58,35,64.0,157.0,149,43.0,229,122,15,54.0,78.0,327,25,45,127.0,104,30.0,1421,19.0,2.0,172,17.0,153,59,489,129,791,107
248,21.0,25,202.0,25.0,13.0,31,678,318,133,8.0,11.0,140,34.0,62.0,87,143,27.0,563,131.0,214,428,336,375,145,161,663.0,17.0,132,113,140,377.0,49,33,18,201.0,29.0,116.0,399,42.0,84,37,101.0,168.0,135,48.0,243,89,23,52.0,65.0,912,16,49,101.0,98,23.0,1615,6.0,4.0,148,6.0,165,63,536,119,940,140
249,14.0,32,183.0,13.0,13.0,25,600,318,127,5.0,13.0,187,43.0,79.0,103,134,19.0,270,122.0,236,474,392,404,148,140,587.0,18.0,137,89,156,618.0,308,24,18,256.0,34.0,105.0,364,26.0,80,34,93.0,152.0,148,35.0,179,60,17,83.0,70.0,664,24,49,79.0,105,15.0,1431,9.0,8.0,161,11.0,164,72,459,114,813,96
250,28.0,27,203.0,10.0,8.0,14,556,368,152,8.0,14.0,167,37.0,73.0,92,135,23.0,167,116.0,210,403,355,326,135,118,464.0,13.0,124,97,185,238.0,260,26,19,186.0,36.0,129.0,341,29.0,46,26,64.0,139.0,159,41.0,214,52,14,66.0,56.0,581,22,40,72.0,77,15.0,1288,7.0,8.0,148,11.0,167,69,425,127,1037,165
251,28.0,32,249.0,13.0,9.0,16,429,511,154,5.0,12.0,172,40.0,52.0,92,333,25.0,188,148.0,166,413,379,311,127,125,920.0,6.0,118,77,135,120.0,144,32,16,207.0,23.0,136.0,378,22.0,71,27,106.0,335.0,129,40.0,216,51,18,68.0,83.0,451,17,41,48.0,85,9.0,1153,6.0,7.0,135,9.0,146,59,391,110,971,100
252,21.0,32,223.0,13.0,4.0,33,379,396,142,8.0,6.0,178,27.0,97.0,163,622,29.0,189,146.0,187,356,423,298,152,112,7183.0,20.0,128,90,108,131.0,87,44,16,192.0,45.0,128.0,379,48.0,62,25,73.0,289.0,159,37.0,205,37,21,57.0,64.0,443,17,28,67.0,82,20.0,973,9.0,9.0,209,7.0,160,46,362,101,875,70
253,25.0,26,203.0,17.0,8.0,33,417,316,143,4.0,13.0,183,41.0,64.0,84,245,28.0,140,164.0,459,353,423,368,111,123,10242.0,19.0,126,85,121,142.0,77,48,15,212.0,27.0,145.0,317,29.0,60,24,73.0,221.0,165,44.0,193,45,18,56.0,77.0,420,11,37,56.0,106,34.0,1152,9.0,7.0,203,14.0,180,54,401,120,858,87
254,24.0,31,1016.0,11.0,10.0,47,489,312,171,14.0,14.0,227,36.0,49.0,106,192,21.0,97,127.0,437,369,335,399,150,149,2549.0,20.0,111,67,120,137.0,64,47,18,220.0,30.0,138.0,376,39.0,86,35,89.0,222.0,170,43.0,167,47,26,43.0,52.0,445,20,30,41.0,99,14.0,1356,9.0,2.0,169,1.0,165,65,407,129,806,94
255,17.0,17,667.0,22.0,3.0,26,444,275,171,10.0,9.0,179,34.0,61.0,84,366,37.0,112,126.0,236,381,343,1901,99,174,1220.0,13.0,109,56,139,121.0,43,28,12,321.0,36.0,124.0,376,42.0,97,25,79.0,204.0,154,43.0,191,39,107,43.0,78.0,490,26,42,37.0,93,24.0,1661,3.0,7.0,147,13.0,148,56,457,102,786,79
256,33.0,17,535.0,13.0,4.0,30,514,226,155,16.0,12.0,189,33.0,213.0,90,259,23.0,97,145.0,189,422,352,1305,134,132,639.0,12.0,116,62,120,129.0,165,27,15,264.0,33.0,117.0,320,29.0,67,19,58.0,258.0,131,44.0,174,27,81,39.0,71.0,547,27,46,38.0,104,19.0,1311,7.0,10.0,156,7.0,188,51,379,129,737,72
257,38.0,19,442.0,12.0,7.0,23,519,271,156,5.0,17.0,187,37.0,194.0,95,187,21.0,110,144.0,219,360,368,812,114,138,608.0,18.0,97,78,145,107.0,113,20,14,282.0,23.0,121.0,376,28.0,77,29,69.0,270.0,121,34.0,133,27,51,61.0,65.0,342,22,40,45.0,82,12.0,1200,9.0,3.0,133,5.0,177,66,358,164,788,78
258,27.0,29,443.0,10.0,12.0,22,1129,340,155,4.0,12.0,181,46.0,150.0,87,179,33.0,127,172.0,205,332,366,636,121,125,614.0,21.0,125,65,128,88.0,66,28,24,178.0,22.0,117.0,536,42.0,59,22,61.0,198.0,161,54.0,148,38,42,46.0,57.0,331,16,40,47.0,73,23.0,984,3.0,83.0,180,9.0,175,52,449,116,828,60
259,32.0,26,337.0,12.0,11.0,21,675,704,138,9.0,8.0,160,32.0,123.0,95,124,17.0,129,110.0,189,346,374,530,104,147,472.0,11.0,118,58,139,95.0,60,33,12,166.0,32.0,130.0,471,29.0,64,26,61.0,138.0,208,45.0,176,25,42,41.0,57.0,312,22,47,48.0,87,18.0,1073,5.0,35.0,140,7.0,185,64,355,137,783,84
260,37.0,15,290.0,10.0,14.0,15,620,494,180,12.0,20.0,173,33.0,110.0,87,116,26.0,120,151.0,140,352,435,460,123,147,570.0,15.0,111,46,112,93.0,60,47,11,203.0,27.0,127.0,434,30.0,72,23,75.0,189.0,1173,42.0,194,25,30,53.0,100.0,306,19,37,58.0,117,21.0,1091,9.0,11.0,167,17.0,152,69,363,127,731,79
261,26.0,32,318.0,11.0,7.0,39,655,357,190,3.0,15.0,175,27.0,80.0,100,122,25.0,151,144.0,258,341,327,512,137,135,558.0,21.0,114,62,121,174.0,71,33,21,219.0,38.0,141.0,387,35.0,86,20,61.0,202.0,740,36.0,184,37,16,71.0,83.0,387,9,48,41.0,109,29.0,1011,7.0,8.0,164,7.0,154,55,454,109,829,97
262,27.0,20,649.0,15.0,10.0,26,502,364,173,2.0,10.0,153,23.0,113.0,102,145,17.0,103,143.0,181,332,340,453,113,138,391.0,20.0,94,61,175,145.0,37,43,15,186.0,39.0,138.0,311,38.0,91,19,58.0,142.0,446,35.0,164,38,21,113.0,62.0,317,13,44,34.0,125,23.0,1100,10.0,13.0,177,7.0,155,59,363,147,1165,80
263,24.0,34,327.0,19.0,2.0,25,452,276,160,7.0,13.0,179,41.0,88.0,77,143,14.0,91,107.0,141,368,313,863,122,128,418.0,13.0,116,70,117,107.0,40,36,12,178.0,26.0,144.0,343,35.0,88,20,64.0,157.0,351,40.0,158,35,18,132.0,62.0,322,21,66,47.0,76,22.0,989,9.0,11.0,188,11.0,141,48,393,152,829,88
264,32.0,19,258.0,20.0,5.0,15,519,254,184,10.0,17.0,184,50.0,94.0,93,145,24.0,108,133.0,185,433,338,828,108,103,376.0,13.0,111,90,139,89.0,47,36,14,181.0,43.0,127.0,326,39.0,95,32,94.0,154.0,295,40.0,122,32,22,94.0,62.0,317,13,43,95.0,99,27.0,840,2.0,11.0,163,12.0,151,50,374,137,830,64
265,31.0,20,307.0,17.0,9.0,13,512,283,210,11.0,9.0,180,38.0,79.0,77,153,16.0,334,192.0,157,359,337,543,115,109,423.0,14.0,127,58,162,89.0,52,43,16,218.0,38.0,174.0,393,35.0,65,18,51.0,168.0,262,46.0,153,22,26,81.0,54.0,246,15,68,44.0,82,18.0,717,8.0,16.0,176,17.0,140,58,375,126,850,67
266,23.0,18,243.0,13.0,9.0,16,612,389,156,8.0,8.0,176,34.0,84.0,79,128,21.0,253,141.0,125,321,325,422,128,122,389.0,14.0,82,75,104,93.0,37,35,13,177.0,23.0,135.0,375,21.0,56,21,81.0,186.0,241,34.0,188,26,15,67.0,72.0,307,23,41,53.0,96,25.0,862,5.0,15.0,148,5.0,497,70,377,126,797,76
267,27.0,19,290.0,11.0,5.0,21,475,292,1334,9.0,8.0,209,34.0,75.0,82,115,21.0,197,149.0,191,378,342,509,129,135,424.0,15.0,92,59,130,62.0,54,25,14,197.0,32.0,147.0,417,45.0,66,19,54.0,167.0,249,48.0,185,50,13,51.0,62.0,404,14,33,84.0,90,20.0,1018,8.0,3.0,155,8.0,192,55,351,101,778,89
268,18.0,13,232.0,9.0,11.0,23,486,250,448,7.0,16.0,184,32.0,58.0,86,116,25.0,167,142.0,330,344,307,498,120,143,999.0,13.0,107,56,134,105.0,54,37,11,197.0,37.0,119.0,389,24.0,68,25,47.0,172.0,214,34.0,192,36,17,38.0,68.0,306,18,37,32.0,90,34.0,980,11.0,15.0,157,14.0,161,71,374,126,993,94
269,23.0,32,263.0,13.0,8.0,21,498,327,182,13.0,14.0,192,34.0,56.0,112,142,30.0,150,140.0,1132,339,309,404,141,119,1854.0,11.0,108,67,122,86.0,43,38,18,202.0,27.0,110.0,377,30.0,89,25,47.0,177.0,229,37.0,185,32,16,61.0,55.0,263,16,44,33.0,92,16.0,1017,13.0,10.0,159,13.0,154,54,426,118,1034,86
270,45.0,29,208.0,12.0,7.0,14,482,345,202,7.0,13.0,182,38.0,74.0,93,135,32.0,146,154.0,463,383,362,414,127,170,1113.0,7.0,120,71,136,85.0,37,32,22,202.0,38.0,137.0,368,35.0,66,23,48.0,149.0,220,41.0,171,37,16,76.0,56.0,277,15,40,37.0,75,16.0,915,9.0,7.0,161,8.0,177,49,358,131,770,63
271,36.0,15,233.0,7.0,6.0,19,496,301,311,6.0,10.0,180,47.0,63.0,92,121,25.0,130,152.0,572,327,381,460,127,140,641.0,15.0,109,86,112,80.0,30,34,22,188.0,37.0,126.0,529,37.0,53,24,35.0,201.0,218,34.0,186,25,14,65.0,59.0,299,15,37,38.0,82,21.0,848,8.0,9.0,187,13.0,153,74,381,114,1105,101
272,23.0,20,256.0,13.0,9.0,20,437,304,212,10.0,6.0,167,41.0,67.0,100,125,18.0,141,152.0,500,325,357,399,132,130,460.0,18.0,124,84,131,91.0,47,24,21,172.0,32.0,129.0,468,34.0,81,17,48.0,207.0,220,35.0,163,34,21,63.0,51.0,298,15,43,43.0,89,19.0,718,13.0,19.0,181,7.0,159,72,373,124,1069,106
273,51.0,28,252.0,161.0,7.0,17,364,346,178,9.0,8.0,201,28.0,59.0,86,112,25.0,143,152.0,367,359,338,365,198,138,465.0,19.0,117,87,101,64.0,47,51,14,173.0,32.0,166.0,674,34.0,98,14,55.0,173.0,171,31.0,193,34,16,56.0,48.0,326,9,41,39.0,114,19.0,1044,6.0,4.0,152,11.0,145,62,382,108,909,113
274,40.0,15,304.0,72.0,9.0,17,471,440,272,6.0,15.0,192,36.0,63.0,88,114,19.0,142,211.0,299,325,311,425,125,104,548.0,15.0,126,90,101,63.0,51,45,23,168.0,40.0,181.0,513,38.0,163,14,94.0,183.0,195,57.0,200,28,17,48.0,49.0,248,8,60,44.0,98,26.0,1059,9.0,6.0,151,11.0,139,62,357,110,970,95
275,33.0,20,266.0,69.0,10.0,23,622,421,209,10.0,12.0,220,26.0,56.0,90,106,25.0,114,134.0,252,332,304,445,117,130,614.0,16.0,112,80,114,69.0,52,37,19,171.0,28.0,171.0,373,34.0,105,27,120.0,182.0,206,31.0,178,25,9,32.0,56.0,300,16,51,33.0,111,19.0,1314,7.0,20.0,188,10.0,109,55,679,87,779,71
276,23.0,19,290.0,29.0,6.0,12,507,308,215,13.0,8.0,194,22.0,66.0,102,114,25.0,124,140.0,230,405,281,358,121,112,506.0,15.0,119,59,128,67.0,37,38,21,206.0,24.0,218.0,452,27.0,70,28,66.0,181.0,167,67.0,158,25,13,42.0,82.0,319,15,36,51.0,75,22.0,1493,5.0,12.0,148,10.0,147,46,621,86,748,82
277,10.0,17,222.0,34.0,8.0,19,642,292,498,6.0,12.0,193,39.0,42.0,88,138,22.0,100,226.0,222,409,340,1075,125,127,797.0,12.0,130,76,121,94.0,45,18,29,200.0,29.0,163.0,397,47.0,94,25,58.0,181.0,158,79.0,166,22,16,42.0,80.0,260,28,33,31.0,93,14.0,1564,5.0,9.0,147,8.0,140,53,485,105,642,73
278,25.0,23,245.0,30.0,4.0,30,748,260,285,9.0,9.0,222,32.0,84.0,104,132,22.0,110,141.0,209,490,381,527,127,140,745.0,11.0,115,72,137,61.0,153,27,21,192.0,23.0,286.0,385,33.0,94,17,55.0,189.0,144,59.0,162,21,15,60.0,74.0,213,14,30,37.0,88,19.0,1251,6.0,5.0,137,10.0,164,58,454,120,748,92
279,22.0,25,225.0,20.0,8.0,12,597,399,192,7.0,11.0,231,45.0,80.0,87,149,29.0,102,141.0,194,417,350,350,118,135,548.0,10.0,110,529,103,66.0,116,35,21,259.0,27.0,650.0,415,28.0,76,20,52.0,235.0,169,38.0,158,23,14,49.0,67.0,196,18,41,27.0,77,19.0,881,7.0,14.0,133,10.0,141,64,430,116,736,129
280,20.0,19,206.0,23.0,5.0,19,341,372,288,7.0,4.0,178,33.0,47.0,96,363,21.0,101,114.0,199,369,328,341,123,101,454.0,16.0,118,355,110,75.0,70,30,27,205.0,41.0,1041.0,422,47.0,73,24,42.0,268.0,175,52.0,184,26,22,56.0,68.0,296,11,33,39.0,74,27.0,916,4.0,2.0,152,10.0,150,80,378,108,734,144
281,22.0,17,236.0,16.0,7.0,21,373,324,195,6.0,5.0,170,35.0,52.0,75,381,17.0,100,101.0,173,378,379,1128,115,115,376.0,26.0,134,267,93,54.0,54,34,23,185.0,29.0,537.0,428,35.0,82,55,57.0,211.0,152,67.0,167,28,15,31.0,57.0,298,17,25,30.0,106,18.0,2346,7.0,8.0,148,21.0,425,49,382,121,735,83
282,28.0,24,213.0,11.0,4.0,16,543,257,211,7.0,12.0,148,36.0,41.0,110,334,16.0,75,83.0,162,382,284,767,124,143,454.0,13.0,129,147,121,97.0,40,43,21,207.0,33.0,244.0,421,37.0,79,71,37.0,287.0,110,45.0,186,33,10,44.0,73.0,261,14,25,30.0,91,17.0,3558,10.0,25.0,168,14.0,341,48,399,101,705,59
283,15.0,28,200.0,16.0,6.0,17,383,210,237,7.0,11.0,169,33.0,39.0,100,203,20.0,103,90.0,156,454,326,741,144,145,485.0,17.0,105,165,120,65.0,56,53,24,250.0,29.0,213.0,379,36.0,91,43,34.0,229.0,141,54.0,166,24,9,64.0,83.0,228,16,44,20.0,77,18.0,1859,4.0,27.0,176,6.0,320,52,372,123,646,81
284,26.0,32,178.0,15.0,2.0,15,524,216,219,10.0,10.0,169,42.0,51.0,103,161,26.0,88,128.0,148,373,332,686,142,110,405.0,11.0,121,111,116,64.0,45,35,22,197.0,22.0,196.0,358,25.0,98,28,39.0,202.0,141,55.0,165,20,15,139.0,57.0,249,16,43,30.0,87,35.0,1362,6.0,24.0,193,10.0,237,33,465,97,628,65
285,18.0,19,212.0,13.0,8.0,16,402,229,180,11.0,4.0,180,41.0,37.0,114,171,31.0,88,123.0,147,404,316,538,127,156,397.0,15.0,127,127,133,78.0,47,31,20,191.0,32.0,178.0,360,39.0,74,26,46.0,431.0,145,47.0,139,32,24,53.0,63.0,210,21,47,35.0,85,14.0,1361,7.0,13.0,176,11.0,235,34,412,122,751,69
286,22.0,19,212.0,24.0,6.0,12,375,235,256,11.0,3.0,186,36.0,63.0,104,120,26.0,93,149.0,169,425,337,536,126,159,365.0,11.0,126,104,104,65.0,59,46,21,208.0,23.0,187.0,404,31.0,106,16,47.0,344.0,106,43.0,159,18,16,64.0,67.0,195,16,36,21.0,80,9.0,1232,9.0,6.0,222,20.0,193,43,383,138,854,98
287,18.0,25,214.0,10.0,11.0,21,365,257,189,4.0,8.0,194,32.0,38.0,88,130,18.0,115,133.0,147,367,347,481,111,130,435.0,16.0,100,273,109,55.0,54,92,17,203.0,32.0,223.0,418,30.0,81,22,49.0,235.0,146,149.0,192,23,16,45.0,63.0,241,19,45,27.0,66,23.0,1426,7.0,4.0,174,10.0,160,72,376,127,733,104
288,22.0,13,236.0,15.0,5.0,18,340,252,2783,4.0,5.0,172,37.0,38.0,88,129,17.0,115,156.0,118,341,325,494,117,122,411.0,23.0,138,270,116,51.0,32,176,27,200.0,35.0,162.0,399,25.0,73,31,33.0,566.0,145,104.0,164,25,11,48.0,72.0,303,14,30,27.0,76,20.0,4219,14.0,7.0,218,11.0,156,47,426,141,797,99
289,15.0,19,221.0,9.0,68.0,22,391,285,537,8.0,7.0,216,31.0,45.0,77,160,27.0,89,162.0,102,351,265,474,123,124,409.0,8.0,124,161,119,446.0,34,89,17,229.0,28.0,105.0,345,33.0,64,31,46.0,235.0,161,44.0,201,22,14,45.0,70.0,236,16,38,38.0,114,24.0,3004,2.0,13.0,199,12.0,140,45,513,129,804,188
290,12.0,20,164.0,12.0,24.0,11,431,233,327,7.0,8.0,223,24.0,34.0,91,125,25.0,84,120.0,122,388,305,626,187,164,523.0,17.0,123,105,168,347.0,28,35,15,229.0,29.0,143.0,318,28.0,85,29,39.0,193.0,167,55.0,174,37,10,53.0,62.0,408,9,46,30.0,108,14.0,2052,9.0,6.0,179,12.0,124,67,418,102,800,82
291,18.0,22,186.0,13.0,24.0,17,381,209,269,10.0,3.0,184,24.0,44.0,92,158,16.0,65,126.0,100,447,292,447,100,134,371.0,13.0,131,137,143,149.0,32,42,40,211.0,19.0,138.0,319,29.0,62,20,92.0,294.0,145,34.0,180,38,10,39.0,69.0,377,19,56,36.0,94,31.0,1681,5.0,6.0,148,16.0,126,58,415,109,798,90
292,15.0,25,154.0,18.0,11.0,15,356,229,313,9.0,6.0,201,43.0,54.0,90,158,20.0,68,163.0,130,367,317,464,126,114,347.0,17.0,139,111,141,85.0,42,46,27,306.0,26.0,249.0,321,33.0,79,25,112.0,209.0,125,39.0,232,21,14,44.0,89.0,263,16,36,22.0,75,18.0,1887,2.0,7.0,148,10.0,118,78,406,107,808,87
293,15.0,16,1655.0,17.0,22.0,13,386,231,339,15.0,5.0,168,41.0,52.0,89,150,18.0,69,155.0,191,396,344,404,130,135,382.0,20.0,129,106,112,64.0,35,36,29,221.0,25.0,214.0,409,32.0,562,20,100.0,190.0,128,35.0,202,18,17,37.0,167.0,251,25,61,24.0,91,20.0,1333,8.0,11.0,180,11.0,134,67,416,115,782,79
294,24.0,18,1081.0,12.0,13.0,15,341,258,242,7.0,12.0,260,40.0,53.0,87,154,20.0,64,148.0,177,394,280,344,110,150,377.0,16.0,125,83,118,61.0,36,30,13,214.0,28.0,138.0,471,32.0,2235,14,68.0,199.0,132,35.0,203,24,10,40.0,139.0,273,24,51,17.0,82,22.0,1246,5.0,6.0,202,11.0,162,69,418,99,734,85
295,20.0,23,549.0,4.0,11.0,19,378,267,249,7.0,9.0,216,27.0,40.0,80,245,27.0,81,148.0,112,406,268,383,101,116,428.0,13.0,108,89,159,46.0,34,40,19,216.0,40.0,110.0,546,34.0,3848,14,75.0,539.0,165,42.0,299,21,12,58.0,120.0,204,10,39,23.0,87,19.0,1336,5.0,12.0,144,12.0,165,75,434,111,953,120
296,19.0,29,416.0,9.0,10.0,25,424,258,223,9.0,7.0,199,42.0,34.0,94,442,14.0,53,121.0,104,361,284,426,109,126,521.0,10.0,125,84,156,214.0,33,37,17,246.0,31.0,117.0,548,30.0,9117,12,72.0,255.0,154,53.0,444,29,9,46.0,97.0,232,8,23,25.0,116,24.0,1250,5.0,10.0,183,9.0,140,68,368,114,744,88
297,16.0,32,363.0,12.0,8.0,27,419,226,162,8.0,10.0,190,21.0,30.0,123,341,20.0,75,115.0,81,342,258,398,132,146,547.0,13.0,113,81,142,129.0,26,25,20,261.0,32.0,128.0,478,28.0,3316,16,66.0,174.0,178,30.0,257,24,15,42.0,86.0,223,13,44,40.0,96,31.0,1182,7.0,374.0,164,15.0,128,84,391,119,681,89
298,19.0,23,275.0,10.0,8.0,23,404,196,259,6.0,10.0,187,28.0,44.0,115,176,20.0,62,100.0,106,378,298,343,139,153,484.0,14.0,143,103,139,90.0,24,24,23,314.0,24.0,105.0,397,29.0,2158,22,61.0,178.0,145,51.0,205,23,18,52.0,98.0,217,21,38,26.0,97,41.0,1626,6.0,2017.0,148,7.0,135,72,450,126,649,93
299,22.0,16,270.0,19.0,6.0,20,380,246,956,8.0,9.0,187,26.0,56.0,100,350,22.0,74,142.0,94,394,288,361,131,141,368.0,15.0,113,96,139,67.0,40,17,13,256.0,28.0,121.0,370,28.0,1541,21,45.0,158.0,142,50.0,212,25,15,56.0,143.0,289,16,47,25.0,103,20.0,1285,4.0,833.0,152,12.0,141,52,514,129,756,59
