,2015_Illapel_earthquake,2015_Tajikistan_earthquake,December_2015_Hindu_Kush_earthquake,2016_Old_Iliamna_earthquake,2016_Taiwan_earthquake,2016_Sumatra_earthquake,2016_Afghanistan_earthquake,2016_Kumamoto_earthquakes,2016_Ecuador_earthquake,August_2016_Myanmar_earthquake,2016_Te_Araroa_earthquake,2016_Tanzania_earthquake,2016_Kaikoura_earthquake,2016_Aceh_earthquake,2017_Tripura_earthquake,January_2017_Central_Italy_earthquakes,2017_Papua_New_Guinea_earthquake,2017_Surigao_earthquake,2017_Leyte_earthquake,2017_Aegean_Sea_earthquake,2017_Jiuzhaigou_earthquake,2017_Ischia_earthquake,2017_Chiapas_earthquake,2017_Central_Mexico_earthquake,2017_Iran%E2%80%93Iraq_earthquake,2017_Java_earthquake,2018_Swan_Islands_earthquake,2018_Peru_earthquake,2018_Gulf_of_Alaska_earthquake,2018_Hualien_earthquake,2018_Oaxaca_earthquake,2018_Papua_New_Guinea_earthquake,2018_Osaka_earthquake,19_August_2018_Lombok_earthquake,2018_Hokkaido_Eastern_Iburi_earthquake,2018_Sulawesi_earthquake_and_tsunami,2018_Haiti_earthquake,2018_Sarpol-e_Zahab_earthquake,2018_Anchorage_earthquake,2019_Hualien_earthquake,2019_Luzon_earthquake,2019_Peru_earthquake,2019_Sichuan_earthquake,2019_Sunda_Strait_earthquake,2019_Ambon_earthquake,2019_Istanbul_earthquake,2019_Albania_earthquake,2019_Davao_del_Sur_earthquake,2020_Elaz%C4%B1%C4%9F_earthquake,2020_Caribbean_earthquake,2020_Zagreb_earthquake,2020_Oaxaca_earthquake
0,,304,,10,702,1557,1175,2259,,1406,,,,,,2452,539,,,,1344,42,46263,,,,3291,330,,,,550,,,,,2535,,7626,617,3024,817,,,,,4061,291,187,,12512,2845
1,8301.0,330,893.0,913,3862,2191,1026,37600,32614.0,2617,5.0,,10244.0,13502.0,,6348,714,189.0,782.0,1721.0,4038,1345,34771,31257.0,11189.0,707.0,1018,805,,3788.0,2390.0,2270,10756.0,390.0,12530.0,,1543,,11029,263,5958,1873,521.0,,,,25288,1826,7769,14694.0,9235,3833
2,30630.0,143,702.0,472,593,777,372,25604,39581.0,1323,24.0,,31827.0,12015.0,98.0,3667,398,2711.0,934.0,1546.0,7242,977,21791,49325.0,27491.0,768.0,387,412,,19038.0,1947.0,1368,4565.0,761.0,15513.0,16455.0,1459,23.0,4505,163,12038,1462,454.0,,14.0,44.0,31954,1171,15103,5849.0,4114,1444
3,17082.0,90,362.0,207,2420,399,343,25125,29482.0,812,282.0,16.0,22555.0,7187.0,109.0,3684,198,3544.0,985.0,1314.0,17163,453,15682,32209.0,15159.0,391.0,257,256,,12609.0,1564.0,18821,2190.0,603.0,7964.0,23954.0,872,101.0,4270,186,12282,940,328.0,,256.0,353.0,25123,856,9567,2678.0,2659,761
4,14704.0,51,260.0,204,8950,357,341,20537,18708.0,781,191.0,207.0,18205.0,4953.0,108.0,3283,204,2366.0,1620.0,844.0,9320,251,11562,25620.0,9927.0,210.0,356,208,10.0,7014.0,901.0,12744,1704.0,382.0,8150.0,17273.0,820,80.0,2638,250,9513,704,190.0,,366.0,243.0,17874,509,6643,800.0,2087,509
5,14247.0,54,184.0,176,7674,446,230,12923,15782.0,612,115.0,140.0,14569.0,3851.0,96.0,3463,155,2236.0,1393.0,497.0,4860,180,10485,23983.0,7610.0,158.0,289,171,293.0,6109.0,516.0,10018,1259.0,380.0,8866.0,19129.0,519,112.0,1874,253,7558,479,171.0,49.0,279.0,156.0,15161,429,5462,668.0,2111,338
6,10414.0,78,145.0,162,7037,323,248,11556,14162.0,543,107.0,148.0,10992.0,852.0,93.0,3299,170,1944.0,1190.0,291.0,5004,136,7979,23192.0,6123.0,164.0,152,140,487.0,5606.0,384.0,6398,1115.0,274.0,6398.0,14073.0,447,89.0,1450,147,7008,304,200.0,39.0,11757.0,94.0,12415,962,4745,589.0,1321,251
7,5539.0,54,139.0,78,6330,236,410,9921,9809.0,297,80.0,122.0,10529.0,749.0,102.0,1187,78,1152.0,980.0,236.0,1892,163,6696,17657.0,6163.0,79.0,110,88,514.0,4267.0,300.0,4340,748.0,184.0,5550.0,6911.0,464,74.0,1332,101,7888,403,141.0,19.0,6727.0,96.0,10828,349,1738,433.0,1171,156
8,1757.0,50,121.0,87,5587,205,253,6765,10804.0,326,80.0,155.0,11457.0,575.0,58.0,883,66,779.0,722.0,187.0,592,160,3236,16484.0,5480.0,51.0,82,94,406.0,905.0,194.0,3938,789.0,180.0,5261.0,6018.0,369,41.0,881,82,4305,168,79.0,34.0,6193.0,87.0,7984,221,435,261.0,960,168
9,963.0,40,102.0,59,4857,153,249,5776,10099.0,307,94.0,250.0,11879.0,449.0,64.0,586,93,1177.0,510.0,116.0,461,120,1516,14999.0,1263.0,43.0,98,220,299.0,641.0,230.0,3950,719.0,124.0,4627.0,6837.0,263,37.0,782,63,3595,174,67.0,19.0,3273.0,61.0,7016,167,402,475.0,841,159
10,606.0,44,139.0,60,5326,117,246,5472,6869.0,456,103.0,178.0,8983.0,343.0,47.0,390,55,1343.0,789.0,125.0,316,77,1431,11929.0,587.0,38.0,72,182,244.0,565.0,243.0,3258,513.0,151.0,3835.0,7493.0,222,29.0,956,120,3304,110,53.0,24.0,1425.0,64.0,2520,106,330,340.0,889,174
11,643.0,32,102.0,51,2100,120,120,4036,5879.0,364,84.0,152.0,7391.0,270.0,60.0,499,52,1085.0,813.0,103.0,296,76,8113,8987.0,335.0,50.0,87,107,221.0,519.0,153.0,826,5704.0,116.0,3252.0,6982.0,205,54.0,742,94,3853,117,44.0,26.0,246.0,51.0,2148,145,359,213.0,715,116
12,769.0,40,81.0,88,1549,120,77,3002,5200.0,291,86.0,133.0,5973.0,239.0,58.0,621,39,880.0,651.0,89.0,253,51,15174,9513.0,249.0,48.0,64,74,262.0,358.0,201.0,699,1626.0,127.0,726.0,5415.0,197,32.0,800,50,2420,118,29.0,26.0,174.0,58.0,2116,152,298,238.0,679,98
13,798.0,32,70.0,269,1484,168,96,2864,3909.0,230,65.0,143.0,5521.0,218.0,52.0,465,46,1123.0,496.0,77.0,286,57,5717,7686.0,360.0,38.0,251,50,310.0,545.0,158.0,444,2237.0,90.0,495.0,5313.0,134,16.0,603,54,1720,98,35.0,11.0,178.0,60.0,1855,103,282,275.0,451,99
14,608.0,33,86.0,214,1137,102,98,2219,2297.0,191,62.0,100.0,6462.0,174.0,65.0,365,61,771.0,373.0,60.0,287,64,3334,6208.0,331.0,26.0,151,58,377.0,394.0,101.0,339,802.0,137.0,406.0,3864.0,182,12.0,525,57,611,134,40.0,12.0,134.0,55.0,1384,113,198,254.0,518,141
15,531.0,20,64.0,165,833,87,83,1511,2633.0,177,64.0,117.0,7541.0,193.0,65.0,356,65,493.0,296.0,60.0,237,88,2520,5486.0,360.0,117.0,77,39,430.0,520.0,90.0,436,725.0,104.0,367.0,2914.0,191,15.0,414,70,485,164,39.0,10.0,130.0,56.0,1088,107,295,217.0,542,92
16,507.0,29,64.0,122,1161,79,66,1769,3444.0,154,42.0,118.0,6072.0,142.0,90.0,335,71,539.0,201.0,57.0,166,67,2082,4744.0,293.0,47.0,63,66,475.0,423.0,103.0,672,463.0,90.0,285.0,3129.0,145,15.0,422,60,456,123,26.0,17.0,94.0,36.0,905,77,229,180.0,482,86
17,429.0,32,59.0,110,1715,66,76,2280,3330.0,130,50.0,117.0,2643.0,88.0,67.0,334,75,530.0,211.0,56.0,150,67,1591,3819.0,315.0,15.0,59,54,427.0,306.0,108.0,496,345.0,82.0,193.0,3269.0,136,16.0,543,49,369,133,100.0,11.0,104.0,36.0,815,79,286,138.0,411,89
18,475.0,73,86.0,83,1319,98,85,2114,2737.0,171,49.0,102.0,1985.0,102.0,48.0,279,51,401.0,260.0,76.0,147,196,1236,2204.0,234.0,39.0,62,58,349.0,209.0,96.0,421,335.0,131.0,234.0,3476.0,141,23.0,445,65,326,90,66.0,23.0,76.0,38.0,730,95,198,134.0,441,62
19,599.0,79,88.0,70,994,89,53,1779,2319.0,148,55.0,93.0,1424.0,122.0,91.0,300,40,401.0,241.0,123.0,157,112,969,2970.0,265.0,40.0,50,44,307.0,322.0,96.0,445,297.0,90.0,271.0,3165.0,132,12.0,427,46,235,70,143.0,12.0,93.0,42.0,1192,86,195,139.0,486,84
20,624.0,39,67.0,70,759,75,74,1804,1805.0,174,39.0,58.0,965.0,123.0,57.0,305,58,368.0,210.0,72.0,145,94,968,3801.0,188.0,30.0,64,31,328.0,323.0,84.0,327,534.0,87.0,270.0,2613.0,102,26.0,377,34,219,79,69.0,10.0,95.0,34.0,902,138,174,165.0,404,72
21,630.0,27,42.0,69,608,88,60,1331,1059.0,99,29.0,34.0,1592.0,97.0,57.0,216,48,231.0,111.0,73.0,117,99,925,4035.0,490.0,25.0,66,46,431.0,278.0,93.0,286,658.0,88.0,218.0,2241.0,131,18.0,241,37,264,88,52.0,17.0,145.0,44.0,925,135,148,148.0,446,61
22,521.0,39,40.0,71,547,79,51,913,1479.0,122,36.0,59.0,1816.0,98.0,56.0,235,49,209.0,91.0,69.0,134,81,751,3407.0,231.0,15.0,69,39,372.0,271.0,41.0,370,834.0,95.0,204.0,1692.0,110,21.0,227,33,261,105,43.0,43.0,101.0,44.0,929,217,123,148.0,514,61
23,374.0,42,76.0,50,573,55,35,1216,1736.0,120,28.0,65.0,1487.0,97.0,54.0,214,38,766.0,83.0,34.0,105,54,773,3279.0,163.0,32.0,41,64,219.0,284.0,55.0,373,562.0,69.0,258.0,2205.0,88,19.0,304,19,248,169,39.0,55.0,69.0,19.0,1348,222,129,153.0,565,88
24,303.0,17,48.0,49,747,36,59,1617,2061.0,54,52.0,53.0,1644.0,90.0,55.0,186,55,547.0,104.0,59.0,77,72,752,2657.0,120.0,29.0,36,91,209.0,203.0,91.0,310,431.0,69.0,344.0,2283.0,94,18.0,333,28,239,120,15.0,45.0,45.0,37.0,842,142,170,111.0,381,83
25,376.0,20,53.0,28,712,56,64,1952,1650.0,98,20.0,82.0,1536.0,79.0,31.0,231,57,394.0,115.0,79.0,104,58,653,1619.0,151.0,28.0,40,101,340.0,179.0,69.0,328,372.0,64.0,392.0,2251.0,115,11.0,242,53,201,90,21.0,35.0,93.0,21.0,700,172,133,130.0,481,68
26,507.0,20,43.0,33,858,67,61,1933,1590.0,65,34.0,79.0,1144.0,54.0,51.0,237,41,349.0,153.0,49.0,89,32,593,2011.0,136.0,22.0,42,56,190.0,209.0,59.0,265,250.0,62.0,396.0,2102.0,95,13.0,332,48,153,97,31.0,27.0,92.0,28.0,867,130,144,132.0,409,76
27,407.0,28,41.0,29,763,64,30,1713,1264.0,76,44.0,50.0,830.0,114.0,57.0,207,24,279.0,123.0,39.0,101,44,562,2818.0,145.0,25.0,54,44,186.0,211.0,50.0,316,218.0,42.0,389.0,2033.0,122,10.0,569,47,160,90,39.0,25.0,95.0,14.0,682,114,144,162.0,399,73
28,370.0,51,26.0,29,519,73,54,1508,1247.0,71,26.0,62.0,1006.0,72.0,53.0,250,42,240.0,107.0,43.0,110,42,433,2486.0,135.0,20.0,106,50,243.0,262.0,67.0,364,222.0,54.0,400.0,1533.0,126,33.0,361,26,193,127,37.0,26.0,81.0,31.0,539,153,94,220.0,368,123
29,423.0,32,31.0,43,458,93,67,1129,1370.0,60,24.0,46.0,1250.0,106.0,49.0,239,35,197.0,99.0,37.0,115,63,394,2527.0,153.0,19.0,128,41,310.0,196.0,43.0,480,235.0,73.0,310.0,1313.0,144,22.0,288,25,195,113,44.0,21.0,77.0,21.0,643,196,89,122.0,420,137
30,292.0,28,48.0,43,581,66,46,1411,1793.0,43,32.0,190.0,947.0,101.0,47.0,220,51,240.0,134.0,15.0,147,173,456,2539.0,214.0,23.0,94,40,338.0,168.0,59.0,484,210.0,48.0,374.0,1595.0,183,12.0,229,17,187,70,42.0,22.0,51.0,19.0,630,145,292,134.0,411,108
31,257.0,23,22.0,48,617,57,72,2065,1594.0,30,24.0,50.0,866.0,72.0,46.0,152,28,264.0,138.0,20.0,217,122,596,2116.0,192.0,32.0,51,35,194.0,150.0,80.0,261,255.0,64.0,204.0,2014.0,187,14.0,327,17,168,94,30.0,38.0,57.0,21.0,550,166,191,86.0,330,80
32,334.0,22,42.0,35,487,50,56,1648,2971.0,47,26.0,64.0,856.0,124.0,403.0,177,46,316.0,127.0,29.0,177,79,574,1091.0,142.0,23.0,49,32,251.0,137.0,63.0,383,175.0,58.0,234.0,1800.0,211,12.0,445,26,189,82,25.0,29.0,48.0,40.0,483,111,166,121.0,1382,49
33,394.0,28,32.0,41,508,89,53,1449,2254.0,47,29.0,38.0,656.0,123.0,119.0,259,32,225.0,153.0,67.0,128,62,534,1332.0,140.0,21.0,46,38,329.0,125.0,66.0,437,132.0,40.0,247.0,1533.0,187,7.0,344,22,152,79,25.0,28.0,54.0,32.0,466,102,136,159.0,487,59
34,369.0,18,50.0,32,426,98,34,1278,1206.0,54,32.0,28.0,569.0,129.0,204.0,324,32,205.0,129.0,30.0,175,75,528,2050.0,128.0,30.0,44,87,321.0,168.0,52.0,218,110.0,36.0,267.0,1652.0,117,10.0,294,36,185,59,31.0,28.0,127.0,30.0,473,79,119,188.0,379,57
35,384.0,17,23.0,53,335,73,39,891,784.0,38,26.0,24.0,616.0,128.0,93.0,237,24,93.0,126.0,22.0,124,53,414,1913.0,102.0,18.0,37,43,355.0,150.0,59.0,201,205.0,33.0,198.0,1352.0,143,12.0,283,36,175,94,55.0,17.0,68.0,32.0,408,105,91,118.0,348,41
36,365.0,39,18.0,54,294,102,47,777,961.0,44,23.0,35.0,722.0,114.0,63.0,229,28,109.0,169.0,26.0,103,44,315,1794.0,114.0,8.0,34,24,364.0,173.0,45.0,308,213.0,68.0,251.0,935.0,184,16.0,277,31,185,65,51.0,13.0,77.0,23.0,665,180,104,123.0,295,61
37,311.0,27,37.0,63,307,57,56,848,1176.0,29,36.0,35.0,664.0,71.0,57.0,213,41,126.0,112.0,24.0,87,35,346,1693.0,112.0,11.0,38,46,289.0,156.0,31.0,284,259.0,41.0,170.0,1196.0,211,14.0,226,27,171,56,84.0,32.0,85.0,20.0,510,138,168,134.0,1461,55
38,209.0,31,26.0,82,363,32,60,1106,1216.0,41,29.0,32.0,608.0,64.0,53.0,136,52,195.0,127.0,39.0,93,42,520,1352.0,131.0,19.0,99,37,257.0,137.0,71.0,277,260.0,57.0,141.0,1434.0,277,15.0,217,40,142,63,70.0,28.0,72.0,67.0,443,154,158,113.0,415,41
39,263.0,11,19.0,95,425,66,52,1119,1263.0,35,127.0,42.0,589.0,51.0,53.0,235,28,143.0,133.0,50.0,69,41,444,1051.0,152.0,100.0,58,15,220.0,73.0,64.0,278,292.0,53.0,162.0,1427.0,231,8.0,264,42,135,219,29.0,28.0,74.0,35.0,412,127,125,63.0,301,40
40,705.0,7,14.0,34,315,50,42,1135,1055.0,29,32.0,35.0,446.0,62.0,70.0,243,13,143.0,147.0,40.0,82,27,359,2138.0,136.0,55.0,32,44,204.0,154.0,54.0,265,212.0,170.0,212.0,1531.0,157,3.0,331,32,160,220,17.0,28.0,79.0,47.0,475,75,111,129.0,333,29
41,626.0,14,33.0,33,296,49,22,932,950.0,37,40.0,30.0,458.0,95.0,41.0,237,41,117.0,116.0,49.0,127,27,358,2014.0,86.0,29.0,35,38,245.0,116.0,65.0,331,173.0,340.0,197.0,1290.0,102,11.0,337,22,125,827,28.0,31.0,84.0,37.0,559,69,88,108.0,379,41
42,555.0,25,13.0,64,258,61,51,857,643.0,41,36.0,18.0,426.0,142.0,48.0,243,30,73.0,127.0,33.0,119,31,338,1847.0,101.0,31.0,36,32,231.0,177.0,72.0,281,258.0,260.0,196.0,912.0,145,20.0,306,26,200,315,32.0,20.0,52.0,31.0,654,121,72,79.0,356,55
43,380.0,28,18.0,57,173,172,45,752,580.0,37,20.0,23.0,545.0,68.0,36.0,197,87,55.0,45.0,44.0,560,32,208,1913.0,158.0,31.0,30,47,249.0,134.0,30.0,334,206.0,207.0,189.0,754.0,203,20.0,215,24,219,233,17.0,17.0,128.0,38.0,577,134,56,89.0,337,61
44,259.0,11,31.0,77,225,131,26,839,1033.0,25,27.0,32.0,523.0,50.0,53.0,146,55,80.0,53.0,40.0,226,50,195,1872.0,142.0,17.0,26,25,211.0,147.0,50.0,422,225.0,242.0,153.0,1047.0,160,10.0,501,16,339,168,27.0,18.0,73.0,28.0,589,133,90,61.0,335,51
45,230.0,15,22.0,41,329,231,40,999,953.0,19,19.0,33.0,563.0,63.0,37.0,149,62,97.0,52.0,33.0,160,27,341,1501.0,165.0,22.0,25,68,241.0,117.0,56.0,343,208.0,178.0,114.0,1176.0,156,6.0,337,27,275,120,15.0,12.0,48.0,37.0,532,103,79,83.0,324,53
46,286.0,12,18.0,48,305,417,49,1053,837.0,31,26.0,43.0,674.0,37.0,37.0,167,42,68.0,115.0,34.0,216,35,449,942.0,119.0,20.0,33,56,178.0,101.0,60.0,296,173.0,135.0,133.0,1192.0,181,6.0,288,26,192,77,29.0,12.0,75.0,33.0,426,84,70,63.0,252,37
47,338.0,5,24.0,45,908,448,41,982,805.0,343,18.0,47.0,420.0,66.0,49.0,229,38,76.0,103.0,38.0,106,25,355,1359.0,101.0,29.0,49,45,149.0,86.0,57.0,331,156.0,120.0,153.0,1177.0,157,15.0,277,53,126,114,25.0,15.0,48.0,45.0,489,143,72,74.0,236,60
48,338.0,11,22.0,42,315,293,53,1009,750.0,34,21.0,36.0,336.0,51.0,45.0,237,30,86.0,199.0,41.0,127,32,267,1980.0,225.0,29.0,34,27,219.0,142.0,71.0,196,130.0,105.0,175.0,1238.0,103,18.0,323,33,150,88,13.0,22.0,70.0,36.0,521,100,75,156.0,237,52
49,354.0,19,20.0,58,220,269,35,864,610.0,62,17.0,33.0,398.0,52.0,56.0,256,40,79.0,150.0,52.0,93,30,251,1798.0,157.0,17.0,72,32,205.0,139.0,72.0,166,228.0,119.0,134.0,982.0,139,4.0,261,32,192,85,25.0,22.0,61.0,49.0,517,100,68,84.0,179,49
50,335.0,19,15.0,62,121,221,70,661,695.0,53,14.0,68.0,508.0,65.0,28.0,251,43,50.0,77.0,146.0,82,44,202,1716.0,119.0,21.0,68,37,4879.0,117.0,45.0,213,280.0,152.0,142.0,736.0,168,9.0,151,35,133,98,17.0,24.0,128.0,35.0,525,109,39,105.0,266,59
51,298.0,9,25.0,74,175,152,68,777,823.0,38,15.0,47.0,599.0,50.0,37.0,145,48,78.0,57.0,60.0,88,31,324,1779.0,109.0,17.0,52,42,355.0,158.0,48.0,208,198.0,97.0,134.0,1032.0,203,10.0,206,27,187,118,22.0,29.0,144.0,26.0,395,115,92,134.0,255,56
52,391.0,9,18.0,33,204,149,66,1020,776.0,30,13.0,50.0,544.0,28.0,32.0,165,49,106.0,72.0,66.0,80,24,329,1279.0,125.0,7.0,32,26,248.0,112.0,55.0,200,201.0,105.0,106.0,1139.0,209,6.0,217,19,182,97,21.0,33.0,75.0,32.0,364,102,105,90.0,263,33
53,358.0,9,12.0,36,227,220,51,1043,772.0,30,28.0,30.0,598.0,26.0,31.0,213,28,268.0,101.0,60.0,72,20,339,841.0,148.0,35.0,39,45,227.0,77.0,75.0,159,171.0,125.0,135.0,1021.0,172,4.0,204,32,143,66,26.0,22.0,75.0,30.0,256,143,45,92.0,236,39
54,396.0,13,15.0,17,222,171,42,879,826.0,24,18.0,31.0,476.0,52.0,39.0,217,23,360.0,86.0,55.0,63,30,332,1571.0,142.0,19.0,41,21,206.0,83.0,85.0,189,129.0,67.0,173.0,1190.0,272,8.0,316,18,99,124,23.0,23.0,102.0,28.0,393,93,49,211.0,233,34
55,372.0,17,12.0,31,216,272,49,939,692.0,44,27.0,37.0,405.0,40.0,28.0,155,20,143.0,95.0,35.0,74,28,344,3279.0,151.0,27.0,33,19,299.0,112.0,60.0,144,131.0,43.0,163.0,917.0,200,3.0,282,24,147,90,21.0,53.0,59.0,24.0,413,77,87,182.0,186,40
56,452.0,17,13.0,27,201,133,62,882,452.0,28,32.0,24.0,435.0,47.0,39.0,181,33,87.0,82.0,46.0,59,38,309,2571.0,221.0,15.0,35,31,291.0,100.0,65.0,151,112.0,57.0,156.0,763.0,184,9.0,175,20,178,95,22.0,61.0,65.0,21.0,348,115,50,114.0,209,59
57,383.0,14,13.0,37,178,175,64,602,558.0,40,18.0,21.0,507.0,65.0,35.0,166,32,488.0,59.0,82.0,69,37,202,1857.0,192.0,13.0,26,24,331.0,109.0,36.0,238,146.0,58.0,138.0,613.0,222,10.0,132,23,222,93,28.0,44.0,51.0,23.0,436,112,51,192.0,261,38
58,308.0,11,11.0,42,211,82,53,731,823.0,21,15.0,31.0,507.0,65.0,36.0,119,36,298.0,104.0,24.0,47,24,302,1661.0,160.0,26.0,22,32,362.0,96.0,35.0,263,182.0,60.0,140.0,884.0,202,8.0,154,14,196,83,16.0,35.0,39.0,14.0,364,70,165,133.0,237,36
59,297.0,7,19.0,65,279,50,45,723,724.0,21,35.0,31.0,687.0,48.0,18.0,103,31,266.0,120.0,30.0,68,16,341,1308.0,189.0,11.0,18,38,242.0,89.0,61.0,251,155.0,44.0,89.0,973.0,171,11.0,200,24,178,113,15.0,36.0,40.0,49.0,689,110,109,79.0,279,34
60,343.0,12,17.0,47,266,84,56,829,696.0,23,39.0,27.0,550.0,40.0,36.0,135,27,170.0,155.0,34.0,53,23,322,799.0,285.0,32.0,16,24,269.0,84.0,65.0,249,151.0,45.0,131.0,1116.0,165,7.0,204,26,105,82,14.0,59.0,67.0,23.0,1011,85,91,64.0,266,26
61,329.0,17,11.0,29,356,123,49,796,631.0,32,22.0,36.0,441.0,52.0,31.0,140,20,177.0,178.0,47.0,66,16,282,1300.0,196.0,13.0,21,20,193.0,131.0,60.0,135,121.0,31.0,170.0,1212.0,109,6.0,218,49,138,71,10.0,57.0,48.0,147.0,592,35,82,67.0,221,35
62,338.0,18,14.0,22,380,120,71,850,523.0,30,35.0,21.0,325.0,65.0,33.0,170,16,95.0,128.0,170.0,74,21,286,1541.0,150.0,5.0,17,17,243.0,190.0,50.0,100,131.0,35.0,188.0,1079.0,73,5.0,198,25,149,58,23.0,40.0,182.0,150.0,870,50,71,99.0,164,44
63,353.0,11,15.0,31,290,99,69,636,473.0,47,29.0,20.0,468.0,59.0,52.0,175,18,91.0,137.0,64.0,87,25,262,1488.0,228.0,11.0,32,19,233.0,171.0,79.0,150,168.0,58.0,128.0,1077.0,97,6.0,180,24,179,72,17.0,48.0,165.0,107.0,1656,53,87,126.0,174,41
64,310.0,9,10.0,50,142,60,64,542,498.0,39,40.0,68.0,502.0,54.0,29.0,156,31,61.0,98.0,53.0,59,19,173,1310.0,224.0,15.0,25,21,272.0,156.0,28.0,136,168.0,43.0,150.0,886.0,158,11.0,136,13,157,75,25.0,30.0,149.0,77.0,846,85,48,139.0,317,32
65,185.0,13,15.0,32,200,49,63,617,618.0,23,30.0,73.0,504.0,64.0,43.0,153,28,53.0,95.0,37.0,62,21,297,1058.0,141.0,14.0,12,26,192.0,116.0,33.0,150,146.0,32.0,116.0,946.0,131,12.0,137,21,134,78,44.0,23.0,91.0,58.0,509,77,53,123.0,195,38
66,254.0,10,11.0,30,365,48,48,750,725.0,31,13.0,70.0,503.0,52.0,15.0,89,37,96.0,131.0,56.0,57,28,821,793.0,208.0,16.0,15,11,202.0,162.0,85.0,150,165.0,30.0,103.0,1186.0,161,7.0,185,24,102,56,52.0,20.0,38.0,66.0,528,68,66,74.0,188,35
67,221.0,4,17.0,24,236,56,40,830,653.0,40,26.0,89.0,564.0,46.0,16.0,123,40,82.0,152.0,51.0,32,10,663,703.0,167.0,14.0,11,18,182.0,91.0,92.0,148,183.0,29.0,114.0,1006.0,163,4.0,215,19,118,78,18.0,20.0,70.0,64.0,340,86,54,78.0,159,24
68,255.0,14,16.0,41,299,70,40,705,629.0,47,19.0,79.0,357.0,75.0,26.0,191,38,92.0,129.0,55.0,63,14,446,906.0,127.0,9.0,23,18,142.0,83.0,87.0,141,126.0,39.0,142.0,1211.0,174,6.0,236,14,88,109,9.0,23.0,71.0,73.0,376,59,92,95.0,157,25
69,280.0,12,20.0,37,470,69,53,768,504.0,39,14.0,45.0,242.0,71.0,26.0,147,37,60.0,115.0,39.0,67,12,331,1463.0,128.0,12.0,20,16,279.0,90.0,59.0,155,90.0,24.0,151.0,974.0,76,12.0,630,16,163,83,17.0,17.0,54.0,62.0,340,30,39,113.0,126,25
70,306.0,16,10.0,24,599,54,98,597,440.0,44,13.0,62.0,464.0,41.0,42.0,189,46,56.0,118.0,20.0,65,16,304,1563.0,146.0,12.0,7,15,218.0,107.0,57.0,152,139.0,20.0,161.0,802.0,88,4.0,681,26,117,84,12.0,12.0,52.0,38.0,388,39,59,138.0,134,32
71,252.0,12,6.0,38,640,72,75,470,462.0,46,16.0,83.0,439.0,57.0,30.0,159,73,55.0,57.0,36.0,65,15,231,1461.0,182.0,6.0,23,25,205.0,103.0,34.0,185,139.0,53.0,161.0,537.0,111,5.0,292,18,137,106,24.0,38.0,28.0,23.0,338,51,36,77.0,145,31
72,174.0,6,16.0,51,860,73,66,659,503.0,28,11.0,55.0,441.0,92.0,23.0,132,63,94.0,71.0,21.0,64,10,269,1449.0,204.0,14.0,13,21,244.0,125.0,30.0,223,219.0,56.0,99.0,684.0,126,7.0,254,15,135,73,30.0,55.0,25.0,23.0,328,55,53,90.0,169,31
73,186.0,7,5.0,47,760,47,47,771,498.0,35,538.0,84.0,413.0,60.0,17.0,133,101,57.0,111.0,29.0,44,13,357,1115.0,185.0,21.0,11,43,218.0,129.0,47.0,184,143.0,32.0,87.0,870.0,111,3.0,305,27,193,76,29.0,26.0,52.0,37.0,271,66,85,80.0,144,34
74,223.0,11,10.0,41,701,57,68,692,496.0,45,498.0,52.0,367.0,41.0,27.0,203,76,82.0,110.0,16.0,64,17,289,692.0,151.0,10.0,7,19,233.0,61.0,70.0,166,144.0,27.0,92.0,1073.0,76,4.0,291,22,161,67,12.0,23.0,33.0,33.0,225,61,101,75.0,155,49
75,335.0,11,8.0,43,508,77,50,673,477.0,46,380.0,64.0,320.0,45.0,23.0,315,31,78.0,132.0,31.0,61,10,279,810.0,146.0,16.0,22,15,209.0,79.0,56.0,123,110.0,25.0,112.0,1150.0,37,9.0,208,18,335,55,13.0,19.0,38.0,51.0,273,30,144,62.0,188,41
76,365.0,7,10.0,22,424,69,43,584,464.0,44,254.0,33.0,215.0,43.0,39.0,303,26,62.0,137.0,27.0,57,16,205,1373.0,101.0,17.0,21,15,239.0,118.0,42.0,69,106.0,23.0,111.0,798.0,32,4.0,187,7,239,59,12.0,15.0,38.0,43.0,293,40,109,63.0,124,53
77,324.0,13,17.0,29,285,66,50,510,353.0,27,191.0,45.0,299.0,59.0,33.0,364,42,145.0,115.0,27.0,37,14,182,1280.0,120.0,17.0,29,27,193.0,151.0,63.0,99,133.0,32.0,105.0,716.0,76,11.0,181,27,240,61,29.0,30.0,27.0,28.0,244,32,60,60.0,137,50
78,306.0,19,15.0,39,206,73,61,430,427.0,32,141.0,48.0,354.0,56.0,27.0,232,43,160.0,76.0,25.0,51,18,191,1243.0,155.0,13.0,15,44,279.0,106.0,52.0,145,127.0,42.0,94.0,532.0,51,6.0,144,31,233,84,24.0,11.0,41.0,21.0,212,67,56,70.0,149,61
79,228.0,10,30.0,31,223,42,56,577,472.0,36,94.0,60.0,361.0,45.0,23.0,123,43,73.0,90.0,25.0,57,17,163,1397.0,147.0,17.0,19,43,243.0,121.0,63.0,156,267.0,31.0,96.0,634.0,44,4.0,164,87,185,92,32.0,15.0,22.0,12.0,242,73,50,97.0,191,67
80,182.0,15,19.0,69,343,38,72,591,398.0,32,77.0,53.0,579.0,34.0,23.0,114,30,88.0,109.0,31.0,50,12,269,1096.0,150.0,28.0,19,42,239.0,61.0,61.0,173,508.0,37.0,79.0,775.0,52,9.0,230,34,181,73,39.0,9.0,26.0,24.0,250,68,47,81.0,352,36
81,195.0,5,13.0,92,347,46,54,548,464.0,37,99.0,83.0,460.0,24.0,17.0,123,32,89.0,127.0,14.0,55,7,299,668.0,122.0,29.0,24,31,193.0,67.0,94.0,134,1436.0,32.0,110.0,809.0,50,7.0,183,34,129,75,14.0,20.0,36.0,33.0,215,59,43,76.0,157,36
82,236.0,8,7.0,120,998,75,49,449,369.0,35,122.0,71.0,291.0,36.0,27.0,122,25,62.0,109.0,18.0,47,14,319,754.0,123.0,16.0,18,38,169.0,84.0,105.0,98,868.0,29.0,130.0,714.0,38,4.0,176,39,108,65,17.0,8.0,76.0,30.0,222,30,44,78.0,149,55
83,255.0,3,11.0,206,762,87,47,489,374.0,46,58.0,45.0,251.0,52.0,29.0,122,18,49.0,84.0,25.0,78,29,324,1236.0,110.0,13.0,31,33,271.0,71.0,51.0,91,548.0,21.0,162.0,626.0,48,6.0,192,18,148,73,71.0,19.0,52.0,29.0,478,45,60,87.0,115,61
84,224.0,7,7.0,419,322,56,46,357,243.0,45,58.0,39.0,313.0,30.0,12.0,129,19,46.0,69.0,28.0,58,81,295,1124.0,133.0,15.0,24,31,228.0,106.0,55.0,89,568.0,29.0,151.0,454.0,41,6.0,162,16,159,74,53.0,10.0,94.0,45.0,449,33,46,120.0,165,51
85,246.0,9,12.0,433,230,42,52,297,340.0,46,56.0,68.0,401.0,31.0,35.0,125,28,27.0,57.0,32.0,102,42,146,1088.0,113.0,9.0,24,44,176.0,137.0,43.0,147,519.0,35.0,124.0,457.0,43,8.0,128,40,246,101,47.0,26.0,104.0,23.0,231,60,42,96.0,137,48
86,218.0,7,13.0,277,175,59,32,403,1165.0,26,37.0,72.0,430.0,34.0,33.0,119,39,34.0,59.0,12.0,83,46,201,1042.0,134.0,2.0,23,32,189.0,85.0,35.0,135,353.0,37.0,144.0,15018.0,39,10.0,173,16,141,63,41.0,7.0,20.0,76.0,225,63,50,80.0,150,42
87,169.0,11,10.0,203,260,39,33,436,464.0,29,50.0,49.0,441.0,49.0,24.0,81,37,34.0,58.0,24.0,51,20,287,796.0,200.0,10.0,14,38,286.0,70.0,67.0,185,355.0,28.0,149.0,14113.0,42,4.0,190,36,135,50,28.0,21.0,21.0,26.0,209,53,47,69.0,583,40
88,187.0,12,12.0,125,305,37,40,460,445.0,51,37.0,94.0,394.0,25.0,30.0,101,51,52.0,54.0,21.0,82,25,252,470.0,168.0,11.0,16,28,144.0,76.0,48.0,156,363.0,29.0,146.0,8604.0,44,8.0,185,16,97,56,28.0,13.0,16.0,27.0,150,42,38,83.0,283,70
89,262.0,4,8.0,117,249,71,46,451,417.0,43,40.0,72.0,338.0,34.0,33.0,134,34,60.0,82.0,17.0,62,31,277,502.0,141.0,8.0,32,18,51.0,86.0,69.0,120,288.0,19.0,213.0,9174.0,32,8.0,177,27,119,64,20.0,21.0,31.0,21.0,205,42,54,106.0,248,69
90,277.0,8,12.0,93,247,80,19,434,364.0,50,27.0,71.0,278.0,42.0,35.0,150,25,60.0,55.0,19.0,66,26,390,805.0,95.0,13.0,28,17,112.0,76.0,67.0,98,223.0,20.0,164.0,6556.0,39,7.0,179,14,115,52,35.0,25.0,22.0,44.0,185,30,55,100.0,201,59
91,237.0,8,10.0,85,181,70,18,365,264.0,37,23.0,69.0,432.0,34.0,68.0,135,38,45.0,37.0,13.0,68,30,268,735.0,107.0,4.0,27,16,196.0,77.0,65.0,99,276.0,31.0,168.0,3907.0,39,4.0,160,22,148,60,31.0,27.0,41.0,24.0,185,38,51,128.0,200,59
92,315.0,4,10.0,74,125,271,36,393,320.0,64,28.0,41.0,493.0,35.0,51.0,144,43,36.0,41.0,18.0,29,13,199,681.0,111.0,3.0,27,23,153.0,102.0,19.0,133,271.0,21.0,132.0,2832.0,71,4.0,100,25,238,54,44.0,25.0,31.0,28.0,220,27,47,130.0,186,64
93,196.0,6,10.0,64,193,101,45,544,375.0,41,14.0,50.0,467.0,42.0,32.0,101,49,23.0,54.0,18.0,42,19,161,674.0,102.0,9.0,15,31,86.0,85.0,35.0,146,261.0,19.0,136.0,2295.0,66,7.0,129,27,279,82,27.0,28.0,31.0,25.0,234,48,41,72.0,280,41
94,98.0,8,9.0,54,231,49,33,458,380.0,39,38.0,65.0,452.0,40.0,28.0,92,50,42.0,47.0,13.0,40,22,260,445.0,100.0,16.0,55,23,78.0,72.0,93.0,131,149.0,29.0,107.0,1864.0,87,6.0,165,29,223,86,38.0,24.0,37.0,28.0,180,35,58,87.0,236,43
95,136.0,3,4.0,63,214,71,42,546,409.0,39,24.0,92.0,388.0,40.0,25.0,144,40,48.0,54.0,26.0,30,11,266,345.0,112.0,10.0,42,15,79.0,50.0,62.0,110,140.0,22.0,130.0,1538.0,81,6.0,152,27,153,101,24.0,19.0,13.0,30.0,184,26,71,123.0,191,42
96,113.0,5,18.0,41,202,94,27,540,334.0,67,27.0,76.0,332.0,38.0,21.0,144,39,52.0,67.0,29.0,55,14,263,359.0,97.0,13.0,60,16,86.0,57.0,63.0,109,97.0,21.0,156.0,1797.0,74,8.0,166,51,499,70,27.0,20.0,17.0,20.0,199,17,104,109.0,143,36
97,117.0,9,6.0,50,1525,79,22,474,284.0,110,43.0,28.0,252.0,61.0,34.0,154,20,42.0,77.0,21.0,117,16,222,609.0,155.0,16.0,40,16,102.0,65.0,61.0,103,89.0,10.0,145.0,1747.0,46,5.0,161,31,339,58,52.0,22.0,20.0,19.0,182,15,57,100.0,103,39
98,89.0,7,15.0,28,508,81,46,362,175.0,116,62.0,26.0,328.0,64.0,27.0,120,35,26.0,49.0,22.0,88,13,223,591.0,136.0,8.0,35,15,81.0,68.0,40.0,91,103.0,28.0,157.0,1379.0,53,5.0,158,52,262,80,43.0,22.0,20.0,28.0,200,31,79,96.0,133,45
99,83.0,3,8.0,44,261,104,28,250,225.0,114,48.0,31.0,407.0,41.0,16.0,120,31,27.0,38.0,18.0,74,12,153,719.0,113.0,7.0,14,33,97.0,84.0,29.0,140,139.0,24.0,167.0,1041.0,61,12.0,166,85,216,97,41.0,18.0,22.0,26.0,169,19,62,104.0,149,27
100,104.0,8,9.0,45,251,67,38,337,211.0,52,27.0,21.0,421.0,42.0,25.0,111,44,24.0,40.0,14.0,60,29,166,515.0,153.0,8.0,23,41,139.0,78.0,28.0,200,173.0,17.0,145.0,1422.0,46,8.0,123,75,205,86,32.0,29.0,30.0,24.0,167,21,68,109.0,144,32
101,129.0,7,12.0,48,302,46,29,403,300.0,29,30.0,19.0,489.0,45.0,16.0,91,37,26.0,43.0,24.0,66,12,178,540.0,128.0,15.0,14,44,110.0,48.0,41.0,282,138.0,21.0,107.0,1402.0,59,9.0,168,27,185,102,39.0,14.0,16.0,17.0,143,21,82,63.0,176,39
102,135.0,8,8.0,46,258,53,28,405,255.0,46,32.0,15.0,580.0,44.0,23.0,91,28,22.0,67.0,21.0,91,32,166,490.0,92.0,14.0,8,34,162.0,41.0,55.0,171,117.0,22.0,127.0,1216.0,66,16.0,160,14,163,94,44.0,24.0,41.0,37.0,136,80,59,60.0,161,28
103,111.0,3,5.0,44,267,68,37,397,246.0,33,40.0,15.0,271.0,47.0,10.0,152,30,25.0,42.0,16.0,66,15,158,483.0,89.0,10.0,21,23,126.0,57.0,38.0,76,131.0,32.0,136.0,1132.0,44,9.0,164,40,148,94,21.0,23.0,43.0,35.0,149,27,44,46.0,159,31
104,146.0,4,12.0,35,212,68,19,389,216.0,42,27.0,11.0,283.0,48.0,22.0,132,20,48.0,51.0,15.0,93,71,156,500.0,68.0,6.0,28,18,186.0,54.0,46.0,97,146.0,21.0,157.0,1097.0,35,6.0,159,60,183,83,28.0,43.0,35.0,27.0,177,13,110,72.0,130,40
105,263.0,6,6.0,45,173,71,19,381,196.0,37,26.0,15.0,351.0,43.0,29.0,104,35,54.0,48.0,19.0,71,141,111,686.0,106.0,8.0,34,16,154.0,56.0,43.0,86,191.0,25.0,124.0,880.0,43,15.0,124,40,180,147,21.0,40.0,32.0,25.0,183,12,56,86.0,144,46
106,158.0,5,9.0,50,152,57,19,322,185.0,58,20.0,17.0,439.0,63.0,30.0,137,33,27.0,37.0,21.0,65,63,109,701.0,114.0,10.0,13,25,151.0,78.0,36.0,119,215.0,26.0,124.0,658.0,53,1.0,109,63,171,126,37.0,24.0,33.0,23.0,148,26,43,81.0,154,46
107,117.0,5,59.0,46,261,44,25,302,275.0,40,21.0,20.0,480.0,57.0,26.0,90,40,24.0,32.0,12.0,42,54,114,1016.0,127.0,7.0,5,26,121.0,489.0,32.0,110,219.0,29.0,131.0,791.0,69,7.0,103,73,149,150,38.0,19.0,39.0,115.0,143,19,40,90.0,183,48
108,122.0,7,28.0,46,198,45,26,448,239.0,31,26.0,20.0,534.0,26.0,34.0,89,43,29.0,43.0,16.0,61,34,126,779.0,165.0,6.0,13,24,116.0,188.0,62.0,130,192.0,28.0,88.0,805.0,70,6.0,174,38,159,185,42.0,23.0,25.0,48.0,102,23,59,117.0,103,36
109,126.0,6,16.0,34,205,52,27,391,320.0,31,16.0,19.0,463.0,15.0,24.0,122,23,31.0,41.0,21.0,54,25,178,493.0,126.0,10.0,11,28,91.0,42.0,65.0,138,170.0,49.0,123.0,861.0,56,3.0,143,18,104,147,32.0,14.0,33.0,45.0,133,16,44,70.0,93,29
110,241.0,8,25.0,31,191,84,20,370,228.0,47,14.0,23.0,343.0,46.0,33.0,134,35,44.0,27.0,17.0,51,20,205,563.0,96.0,12.0,20,14,105.0,52.0,58.0,100,156.0,32.0,86.0,850.0,46,10.0,160,62,76,96,21.0,13.0,38.0,44.0,123,13,57,62.0,98,29
111,203.0,4,21.0,30,169,73,14,346,188.0,27,16.0,18.0,203.0,31.0,22.0,122,19,28.0,40.0,26.0,38,23,135,848.0,66.0,7.0,24,20,100.0,73.0,56.0,79,131.0,19.0,96.0,897.0,29,4.0,167,295,105,67,19.0,12.0,40.0,30.0,131,23,57,81.0,106,50
112,203.0,4,13.0,32,167,60,22,330,198.0,34,14.0,21.0,331.0,27.0,46.0,125,27,29.0,34.0,10.0,56,14,143,899.0,94.0,18.0,15,26,138.0,68.0,39.0,95,141.0,21.0,107.0,638.0,42,2.0,165,204,155,103,24.0,15.0,52.0,44.0,162,35,73,73.0,104,39
113,227.0,9,29.0,40,122,64,28,220,222.0,27,13.0,17.0,487.0,30.0,43.0,165,35,34.0,38.0,28.0,73,23,143,1471.0,143.0,4.0,9,35,99.0,78.0,49.0,154,137.0,19.0,121.0,549.0,59,8.0,150,43,196,158,30.0,7.0,36.0,25.0,181,20,46,74.0,114,19
114,173.0,11,19.0,37,135,54,16,267,227.0,26,4.0,26.0,503.0,41.0,34.0,130,41,33.0,20.0,18.0,45,19,137,938.0,107.0,5.0,12,35,130.0,146.0,43.0,136,160.0,19.0,113.0,686.0,42,5.0,98,23,192,113,30.0,18.0,23.0,37.0,189,14,46,71.0,92,38
115,121.0,9,26.0,48,182,37,27,292,486.0,16,14.0,24.0,494.0,20.0,31.0,91,49,31.0,20.0,22.0,44,31,118,779.0,127.0,8.0,25,28,98.0,165.0,60.0,109,172.0,18.0,122.0,702.0,48,4.0,177,29,198,110,20.0,16.0,22.0,30.0,137,20,32,66.0,87,100
116,147.0,11,14.0,39,1149,48,22,384,287.0,34,20.0,27.0,398.0,17.0,45.0,112,30,43.0,38.0,106.0,37,18,149,498.0,100.0,9.0,31,21,79.0,130.0,47.0,111,135.0,19.0,196.0,767.0,39,3.0,165,25,129,112,19.0,37.0,17.0,30.0,238,22,33,78.0,104,31
117,218.0,10,21.0,27,457,53,19,351,287.0,33,11.0,15.0,485.0,21.0,28.0,136,37,78.0,31.0,58.0,36,12,148,565.0,84.0,10.0,29,24,90.0,115.0,40.0,73,98.0,21.0,121.0,714.0,32,5.0,154,19,102,77,34.0,20.0,51.0,42.0,2218,37,43,56.0,148,52
118,233.0,1,20.0,35,238,50,13,273,235.0,27,19.0,23.0,267.0,29.0,38.0,105,26,61.0,29.0,58.0,28,21,269,816.0,49.0,12.0,25,10,85.0,149.0,49.0,73,88.0,16.0,122.0,694.0,36,6.0,217,35,209,76,27.0,37.0,27.0,136.0,829,34,50,75.0,104,70
119,214.0,4,12.0,28,215,46,15,263,238.0,36,13.0,14.0,347.0,46.0,48.0,145,33,33.0,24.0,33.0,45,24,199,930.0,64.0,5.0,29,16,137.0,132.0,35.0,88,147.0,16.0,127.0,624.0,39,6.0,157,16,259,122,30.0,33.0,23.0,77.0,627,16,40,96.0,109,75
120,187.0,5,9.0,35,104,82,30,232,367.0,45,7.0,13.0,373.0,28.0,33.0,124,24,25.0,21.0,46.0,55,19,128,902.0,109.0,5.0,37,24,126.0,124.0,23.0,88,156.0,15.0,135.0,451.0,70,8.0,124,22,177,125,31.0,21.0,17.0,382.0,373,25,39,79.0,118,43
121,177.0,4,20.0,34,125,30,12,261,332.0,38,7.0,19.0,448.0,18.0,39.0,84,24,23.0,25.0,26.0,42,9,139,913.0,85.0,9.0,14,22,117.0,79.0,66.0,96,131.0,11.0,101.0,562.0,70,8.0,87,14,220,182,29.0,21.0,23.0,765.0,345,13,51,60.0,96,43
122,101.0,2,12.0,39,158,29,21,307,304.0,35,20.0,24.0,418.0,20.0,25.0,127,27,52.0,30.0,36.0,28,15,207,761.0,113.0,14.0,13,30,129.0,75.0,85.0,79,103.0,14.0,86.0,641.0,48,12.0,114,29,236,152,17.0,31.0,19.0,388.0,302,19,43,84.0,132,24
123,119.0,1,17.0,21,139,38,24,329,272.0,16,21.0,15.0,353.0,20.0,27.0,112,21,48.0,77.0,33.0,29,9,231,457.0,108.0,5.0,17,134,94.0,59.0,55.0,96,175.0,18.0,195.0,570.0,51,2.0,170,12,105,198,29.0,29.0,32.0,396.0,275,20,62,43.0,95,40
124,183.0,3,20.0,41,124,53,20,313,261.0,46,14.0,21.0,266.0,17.0,22.0,109,29,63.0,76.0,23.0,34,11,342,595.0,53.0,11.0,13,62,99.0,73.0,49.0,77,90.0,14.0,142.0,622.0,41,2.0,164,21,114,165,19.0,24.0,41.0,345.0,284,17,46,50.0,116,21
125,207.0,25,7.0,30,127,34,16,288,241.0,39,19.0,10.0,256.0,37.0,27.0,124,32,61.0,56.0,22.0,52,11,298,840.0,40.0,19.0,21,23,135.0,98.0,53.0,76,100.0,9.0,137.0,593.0,40,7.0,137,20,120,84,29.0,12.0,38.0,293.0,252,12,39,79.0,126,44
126,247.0,9,18.0,19,143,49,15,299,179.0,54,14.0,7.0,297.0,30.0,26.0,91,10,30.0,38.0,15.0,41,4,217,1019.0,64.0,10.0,16,14,92.0,69.0,29.0,74,122.0,180.0,93.0,587.0,31,98.0,125,7,238,138,23.0,15.0,26.0,193.0,304,11,49,60.0,124,32
127,222.0,4,8.0,51,95,50,29,296,252.0,60,18.0,15.0,432.0,21.0,27.0,112,23,42.0,33.0,16.0,34,12,139,818.0,78.0,3.0,20,46,122.0,60.0,30.0,77,141.0,118.0,104.0,467.0,48,18.0,71,11,207,158,26.0,8.0,16.0,93.0,264,23,31,87.0,136,30
128,156.0,12,10.0,37,148,26,22,272,301.0,35,16.0,22.0,400.0,24.0,28.0,98,19,51.0,24.0,19.0,38,3,169,777.0,97.0,11.0,23,32,125.0,51.0,29.0,85,136.0,67.0,124.0,542.0,51,8.0,110,10,207,167,21.0,20.0,10.0,64.0,256,15,32,104.0,105,42
129,94.0,9,17.0,25,143,16,21,408,314.0,38,11.0,41.0,395.0,13.0,36.0,68,26,60.0,46.0,13.0,22,18,207,637.0,85.0,21.0,8,27,99.0,57.0,41.0,78,103.0,60.0,90.0,615.0,50,4.0,154,18,174,141,11.0,24.0,17.0,73.0,230,27,34,78.0,100,135
130,216.0,7,14.0,25,135,30,21,339,1307.0,48,18.0,24.0,517.0,20.0,30.0,145,21,76.0,87.0,12.0,34,12,221,351.0,87.0,9.0,25,32,132.0,63.0,48.0,79,113.0,63.0,76.0,572.0,33,10.0,187,16,113,102,21.0,15.0,15.0,68.0,165,22,38,53.0,125,138
131,232.0,14,9.0,33,125,30,39,1319,1026.0,48,5.0,81.0,527.0,35.0,36.0,184,23,61.0,88.0,18.0,50,15,187,506.0,70.0,6.0,17,22,97.0,53.0,41.0,68,87.0,25.0,129.0,616.0,31,3.0,123,17,108,106,17.0,16.0,27.0,60.0,185,27,49,76.0,96,159
132,248.0,20,21.0,24,84,45,51,1064,675.0,91,19.0,21.0,294.0,24.0,38.0,151,30,37.0,94.0,16.0,51,8,180,771.0,56.0,6.0,27,16,136.0,131.0,48.0,80,106.0,37.0,116.0,559.0,31,9.0,136,18,155,78,22.0,18.0,13.0,52.0,177,16,51,77.0,115,148
133,252.0,12,11.0,35,78,44,29,659,404.0,71,11.0,19.0,379.0,17.0,40.0,101,21,130.0,86.0,22.0,34,13,161,725.0,67.0,8.0,27,16,155.0,112.0,22.0,66,122.0,29.0,125.0,431.0,33,11.0,120,12,252,95,36.0,13.0,11.0,52.0,195,9,81,63.0,127,286
134,240.0,8,8.0,28,98,47,23,482,348.0,65,6.0,12.0,426.0,45.0,37.0,86,34,40.0,39.0,21.0,22,10,149,805.0,61.0,4.0,27,26,138.0,61.0,47.0,86,122.0,36.0,132.0,354.0,56,3.0,97,15,261,132,30.0,9.0,27.0,26.0,199,35,54,81.0,87,209
135,159.0,12,9.0,40,85,30,17,455,379.0,62,8.0,18.0,434.0,18.0,50.0,91,32,27.0,36.0,19.0,27,6,180,808.0,64.0,6.0,20,20,119.0,64.0,29.0,73,127.0,23.0,103.0,453.0,51,8.0,114,19,241,140,19.0,17.0,20.0,43.0,207,19,40,75.0,122,119
136,128.0,10,14.0,37,121,41,96,502,421.0,39,15.0,39.0,447.0,29.0,37.0,82,41,93.0,53.0,15.0,29,13,153,561.0,72.0,15.0,12,25,77.0,49.0,53.0,64,111.0,26.0,58.0,564.0,41,6.0,133,35,265,123,22.0,21.0,22.0,38.0,174,12,46,80.0,161,57
137,150.0,7,17.0,20,122,43,78,483,327.0,51,9.0,24.0,389.0,19.0,32.0,97,46,85.0,106.0,19.0,36,9,320,408.0,62.0,7.0,12,36,94.0,47.0,40.0,76,101.0,30.0,59.0,495.0,50,6.0,175,18,127,121,26.0,11.0,33.0,41.0,169,13,46,69.0,125,45
138,293.0,10,12.0,39,93,49,41,558,420.0,40,7.0,21.0,307.0,12.0,45.0,136,28,81.0,61.0,13.0,28,15,180,535.0,49.0,8.0,12,23,153.0,58.0,33.0,67,164.0,22.0,113.0,563.0,45,10.0,130,28,98,81,11.0,20.0,20.0,34.0,273,9,40,249.0,97,48
139,303.0,9,29.0,29,113,44,47,509,297.0,84,13.0,13.0,214.0,31.0,37.0,103,17,66.0,90.0,31.0,29,21,173,772.0,31.0,10.0,14,29,107.0,60.0,17.0,72,79.0,23.0,96.0,458.0,41,4.0,138,17,176,92,19.0,22.0,21.0,53.0,212,12,40,111.0,93,63
140,249.0,10,15.0,32,95,41,34,369,215.0,51,12.0,10.0,335.0,31.0,44.0,113,22,41.0,73.0,13.0,46,8,132,946.0,112.0,7.0,15,14,106.0,46.0,28.0,59,99.0,16.0,98.0,320.0,34,2.0,85,34,218,118,33.0,4.0,38.0,40.0,143,20,53,111.0,125,45
141,229.0,9,14.0,33,62,49,43,334,271.0,49,14.0,19.0,460.0,39.0,35.0,137,47,69.0,35.0,13.0,36,15,78,930.0,121.0,6.0,21,27,140.0,52.0,21.0,98,143.0,32.0,89.0,285.0,50,4.0,95,13,271,102,27.0,11.0,22.0,18.0,150,25,39,82.0,99,56
142,165.0,6,8.0,27,96,30,35,319,510.0,20,12.0,11.0,439.0,23.0,43.0,116,51,59.0,26.0,17.0,32,12,125,829.0,119.0,10.0,24,34,107.0,71.0,40.0,118,103.0,33.0,82.0,393.0,37,13.0,73,35,194,172,15.0,15.0,12.0,19.0,168,23,79,86.0,128,46
143,185.0,8,10.0,23,145,28,36,329,294.0,28,13.0,36.0,446.0,30.0,56.0,81,73,87.0,56.0,13.0,24,63,173,776.0,86.0,8.0,11,33,62.0,59.0,33.0,76,85.0,26.0,58.0,405.0,42,3.0,173,27,130,125,22.0,12.0,7.0,27.0,161,12,60,97.0,101,33
144,204.0,6,15.0,19,110,39,24,428,301.0,32,18.0,15.0,490.0,22.0,49.0,88,28,47.0,96.0,11.0,40,25,144,450.0,113.0,8.0,17,46,159.0,64.0,38.0,101,124.0,32.0,89.0,519.0,49,4.0,177,16,642,158,21.0,18.0,11.0,33.0,153,12,40,58.0,106,32
145,206.0,3,20.0,16,108,27,19,442,366.0,29,7.0,9.0,245.0,13.0,45.0,147,36,40.0,80.0,9.0,37,16,171,475.0,91.0,10.0,27,26,86.0,52.0,36.0,65,93.0,14.0,99.0,470.0,40,6.0,138,18,242,125,26.0,19.0,12.0,21.0,180,10,38,52.0,105,40
146,292.0,6,20.0,17,106,31,18,376,365.0,36,15.0,6.0,222.0,36.0,52.0,117,23,105.0,48.0,17.0,24,19,154,699.0,58.0,6.0,29,17,162.0,67.0,28.0,66,59.0,9.0,105.0,485.0,26,7.0,124,15,237,81,28.0,20.0,15.0,29.0,151,23,53,50.0,96,31
147,302.0,8,12.0,30,66,34,26,333,315.0,40,6.0,9.0,351.0,40.0,69.0,130,16,108.0,80.0,16.0,36,18,110,628.0,47.0,9.0,29,23,120.0,47.0,18.0,58,108.0,13.0,75.0,338.0,36,7.0,95,17,168,81,42.0,16.0,13.0,21.0,140,25,34,257.0,116,48
148,198.0,11,11.0,19,58,27,36,322,373.0,29,7.0,13.0,393.0,35.0,77.0,119,38,69.0,33.0,25.0,29,15,62,651.0,99.0,9.0,29,26,131.0,71.0,15.0,83,98.0,14.0,72.0,249.0,52,6.0,87,30,163,105,28.0,16.0,19.0,21.0,173,14,24,194.0,121,28
149,165.0,5,10.0,28,69,23,23,399,412.0,14,9.0,11.0,349.0,21.0,69.0,93,20,76.0,30.0,13.0,44,17,132,715.0,105.0,8.0,15,17,160.0,37.0,29.0,96,120.0,22.0,80.0,339.0,34,3.0,126,18,184,101,21.0,15.0,14.0,27.0,273,14,28,130.0,121,37
150,123.0,2,23.0,36,68,18,32,588,391.0,24,15.0,17.0,295.0,27.0,62.0,82,32,101.0,64.0,19.0,34,17,125,1229.0,72.0,9.0,15,16,107.0,56.0,27.0,113,84.0,17.0,53.0,447.0,30,6.0,141,37,190,132,23.0,16.0,7.0,59.0,212,11,30,86.0,80,50
151,158.0,3,14.0,46,66,27,25,492,484.0,23,6.0,22.0,244.0,29.0,49.0,104,29,83.0,93.0,26.0,29,20,158,5749.0,86.0,4.0,23,25,132.0,38.0,32.0,145,119.0,24.0,78.0,407.0,44,18.0,127,18,90,86,22.0,16.0,20.0,49.0,164,15,86,72.0,97,34
152,148.0,7,23.0,22,92,47,29,415,410.0,28,12.0,17.0,264.0,32.0,58.0,92,39,77.0,70.0,9.0,37,15,293,1367.0,66.0,8.0,15,26,122.0,43.0,52.0,97,102.0,21.0,79.0,460.0,38,5.0,136,41,123,172,23.0,15.0,33.0,21.0,173,18,79,64.0,93,23
153,163.0,3,25.0,25,110,25,29,388,389.0,21,7.0,13.0,2441.0,41.0,70.0,126,9,74.0,85.0,13.0,40,16,171,1467.0,60.0,13.0,24,26,101.0,61.0,97.0,66,74.0,11.0,71.0,437.0,31,10.0,166,24,171,69,17.0,31.0,18.0,22.0,244,12,71,76.0,96,56
154,182.0,7,13.0,19,82,30,49,404,185.0,27,7.0,12.0,2147.0,37.0,51.0,115,23,48.0,70.0,14.0,36,13,188,1184.0,61.0,7.0,17,23,98.0,52.0,52.0,114,99.0,32.0,90.0,341.0,13,7.0,87,10,204,45,17.0,22.0,28.0,26.0,209,6,55,58.0,87,34
155,141.0,8,14.0,18,50,26,20,308,314.0,20,9.0,16.0,356.0,24.0,70.0,104,24,59.0,29.0,10.0,23,14,90,986.0,106.0,6.0,17,50,108.0,67.0,28.0,118,100.0,19.0,87.0,186.0,46,7.0,113,16,198,80,21.0,16.0,11.0,21.0,215,18,51,66.0,94,36
156,146.0,4,12.0,28,76,25,22,336,364.0,13,4.0,20.0,333.0,29.0,56.0,106,27,96.0,41.0,12.0,34,21,133,896.0,90.0,3.0,13,28,281.0,42.0,20.0,124,129.0,18.0,90.0,304.0,34,8.0,98,27,179,113,19.0,18.0,17.0,21.0,134,16,50,62.0,145,31
157,115.0,7,15.0,20,98,27,27,483,928.0,24,12.0,14.0,277.0,24.0,60.0,55,20,78.0,69.0,5.0,28,8,138,724.0,74.0,8.0,11,19,211.0,40.0,48.0,108,101.0,20.0,89.0,437.0,39,4.0,134,16,195,102,18.0,18.0,6.0,23.0,181,14,42,66.0,111,32
158,154.0,4,21.0,34,91,17,20,405,635.0,36,6.0,18.0,284.0,52.0,61.0,85,14,88.0,53.0,11.0,18,13,123,489.0,153.0,7.0,15,23,150.0,36.0,47.0,85,89.0,18.0,79.0,450.0,41,7.0,177,36,177,123,20.0,14.0,20.0,19.0,216,15,34,64.0,92,23
159,231.0,5,23.0,24,91,30,29,451,527.0,21,10.0,14.0,265.0,34.0,55.0,107,29,79.0,58.0,19.0,53,13,149,706.0,75.0,10.0,27,20,92.0,45.0,46.0,95,95.0,24.0,93.0,392.0,31,4.0,139,19,125,80,17.0,12.0,16.0,23.0,165,14,39,49.0,82,35
160,257.0,8,20.0,16,75,27,18,362,368.0,20,12.0,16.0,178.0,48.0,60.0,114,18,78.0,45.0,16.0,63,10,129,931.0,88.0,10.0,30,23,116.0,41.0,39.0,91,73.0,16.0,90.0,351.0,21,18.0,108,18,195,58,25.0,18.0,11.0,20.0,164,16,32,69.0,86,30
161,204.0,7,17.0,19,61,30,31,469,342.0,23,17.0,9.0,225.0,63.0,80.0,124,42,67.0,36.0,15.0,39,12,148,806.0,63.0,8.0,19,14,186.0,36.0,26.0,132,152.0,13.0,128.0,303.0,24,9.0,112,46,142,108,25.0,9.0,21.0,22.0,162,13,43,69.0,81,38
162,159.0,8,22.0,24,78,36,25,270,371.0,14,12.0,16.0,329.0,70.0,50.0,84,26,64.0,25.0,12.0,54,16,923,822.0,85.0,7.0,28,19,128.0,35.0,15.0,263,137.0,33.0,96.0,277.0,50,1.0,91,63,173,139,34.0,9.0,16.0,15.0,177,11,39,73.0,84,37
163,155.0,10,23.0,27,90,29,21,307,374.0,18,8.0,29.0,279.0,68.0,49.0,71,19,82.0,13.0,23.0,29,9,264,901.0,135.0,7.0,7,24,81.0,38.0,51.0,189,169.0,17.0,100.0,334.0,42,6.0,92,20,172,125,25.0,12.0,16.0,11.0,126,12,33,60.0,75,30
164,107.0,7,13.0,28,90,23,26,423,401.0,14,10.0,17.0,266.0,46.0,44.0,66,39,109.0,32.0,18.0,27,17,301,771.0,119.0,8.0,19,13,88.0,34.0,36.0,195,107.0,19.0,95.0,409.0,31,13.0,129,36,157,147,39.0,17.0,15.0,22.0,138,13,49,51.0,69,28
165,133.0,4,14.0,20,83,27,33,353,418.0,17,8.0,13.0,246.0,30.0,63.0,81,26,69.0,29.0,8.0,22,14,252,356.0,87.0,2.0,22,24,85.0,36.0,35.0,174,79.0,17.0,77.0,438.0,25,3.0,135,34,95,114,33.0,17.0,11.0,25.0,129,19,38,47.0,93,35
166,197.0,4,19.0,13,89,29,24,345,387.0,26,9.0,9.0,295.0,13.0,100.0,92,30,63.0,22.0,17.0,27,8,157,487.0,78.0,12.0,25,11,82.0,20.0,48.0,94,154.0,12.0,75.0,412.0,23,5.0,130,53,144,112,22.0,19.0,18.0,17.0,112,9,42,58.0,59,33
167,217.0,5,17.0,23,71,42,10,361,326.0,20,20.0,36.0,156.0,24.0,103.0,93,26,38.0,11.0,15.0,22,14,164,681.0,59.0,8.0,25,18,182.0,29.0,44.0,81,96.0,6.0,89.0,362.0,16,6.0,160,31,198,90,32.0,11.0,25.0,12.0,105,10,32,225.0,62,31
168,273.0,4,24.0,23,77,23,22,300,296.0,25,17.0,29.0,230.0,50.0,77.0,81,19,26.0,21.0,17.0,56,12,131,723.0,54.0,5.0,19,18,173.0,47.0,20.0,86,115.0,9.0,78.0,339.0,26,12.0,147,30,140,110,38.0,6.0,16.0,20.0,98,11,22,86.0,68,47
169,236.0,3,22.0,15,55,23,18,274,319.0,17,12.0,11.0,369.0,22.0,84.0,84,21,40.0,12.0,10.0,29,21,91,675.0,71.0,5.0,25,20,115.0,53.0,43.0,82,143.0,15.0,740.0,241.0,31,8.0,79,17,130,137,28.0,14.0,22.0,10.0,108,17,27,74.0,63,56
170,185.0,6,26.0,23,70,26,22,333,353.0,18,13.0,15.0,324.0,33.0,60.0,85,32,74.0,22.0,17.0,28,39,130,576.0,74.0,4.0,22,11,89.0,67.0,72.0,95,109.0,12.0,402.0,318.0,33,5.0,195,15,152,142,27.0,14.0,9.0,14.0,106,15,31,75.0,91,85
171,112.0,21,25.0,28,104,25,16,346,312.0,24,7.0,38.0,355.0,38.0,73.0,93,21,70.0,9.0,14.0,25,21,175,540.0,94.0,5.0,28,21,79.0,36.0,80.0,84,126.0,14.0,148.0,476.0,37,9.0,135,9,115,105,29.0,26.0,17.0,14.0,138,12,34,59.0,91,55
172,140.0,7,22.0,14,90,27,18,346,311.0,18,11.0,11.0,364.0,8.0,78.0,83,52,101.0,11.0,20.0,18,12,149,311.0,51.0,7.0,23,14,90.0,32.0,41.0,99,129.0,17.0,135.0,393.0,37,3.0,161,9,92,118,19.0,15.0,13.0,8.0,114,25,32,70.0,93,39
173,266.0,12,26.0,14,65,40,15,413,328.0,24,10.0,19.0,305.0,22.0,102.0,88,25,75.0,21.0,16.0,32,6,177,380.0,69.0,7.0,27,10,183.0,57.0,45.0,70,74.0,8.0,124.0,451.0,37,4.0,123,28,106,89,15.0,18.0,13.0,8.0,115,21,33,37.0,91,30
174,165.0,2,25.0,25,89,26,22,373,301.0,23,19.0,14.0,203.0,31.0,118.0,136,29,59.0,23.0,14.0,50,16,212,586.0,56.0,8.0,18,13,132.0,37.0,37.0,70,91.0,16.0,122.0,436.0,15,10.0,116,13,143,71,16.0,26.0,14.0,12.0,110,12,33,71.0,112,37
175,174.0,12,10.0,29,92,216,18,365,210.0,28,14.0,11.0,263.0,26.0,93.0,86,26,40.0,18.0,10.0,31,9,175,572.0,75.0,12.0,30,22,157.0,68.0,31.0,119,120.0,16.0,113.0,350.0,24,10.0,110,14,208,111,37.0,6.0,28.0,15.0,134,20,26,81.0,318,71
176,202.0,3,14.0,27,71,145,28,305,233.0,27,9.0,14.0,360.0,35.0,86.0,88,45,44.0,25.0,7.0,26,9,134,518.0,82.0,26.0,19,17,126.0,52.0,24.0,96,111.0,23.0,98.0,230.0,31,8.0,73,9,170,141,24.0,11.0,24.0,6.0,124,15,40,138.0,158,72
177,174.0,13,15.0,19,64,94,31,400,274.0,18,4.0,13.0,382.0,20.0,93.0,55,100,77.0,29.0,20.0,46,6,122,531.0,95.0,3.0,14,15,122.0,48.0,34.0,101,109.0,16.0,100.0,397.0,37,9.0,136,27,619,119,20.0,10.0,10.0,12.0,136,24,43,123.0,188,48
178,118.0,8,17.0,22,97,74,14,351,344.0,22,17.0,8.0,399.0,27.0,113.0,73,59,92.0,10.0,9.0,33,16,165,448.0,71.0,1.0,22,16,80.0,34.0,28.0,115,228.0,18.0,106.0,350.0,27,7.0,193,18,537,134,38.0,12.0,9.0,47.0,110,9,40,88.0,125,31
179,143.0,3,19.0,20,96,70,16,370,405.0,17,8.0,10.0,451.0,18.0,107.0,98,42,57.0,17.0,46.0,17,10,166,277.0,95.0,5.0,25,7,132.0,35.0,34.0,107,132.0,11.0,83.0,407.0,22,2.0,175,18,253,110,17.0,21.0,19.0,19.0,79,20,39,52.0,101,25
180,181.0,3,31.0,27,106,53,24,393,320.0,18,17.0,9.0,303.0,13.0,116.0,105,83,64.0,29.0,20.0,24,17,180,295.0,70.0,11.0,31,13,128.0,61.0,28.0,96,155.0,17.0,133.0,460.0,22,4.0,124,20,164,81,15.0,21.0,9.0,16.0,92,10,58,63.0,97,36
181,164.0,7,16.0,21,95,50,12,397,228.0,11,15.0,7.0,164.0,24.0,85.0,128,41,68.0,35.0,15.0,25,23,150,504.0,55.0,12.0,19,9,81.0,70.0,30.0,89,128.0,7.0,107.0,461.0,18,7.0,103,19,241,60,20.0,10.0,14.0,14.0,140,14,55,66.0,106,23
182,175.0,4,20.0,22,70,50,18,323,218.0,26,10.0,12.0,362.0,13.0,109.0,97,30,84.0,59.0,20.0,35,14,129,585.0,58.0,8.0,10,10,122.0,52.0,32.0,81,133.0,12.0,126.0,368.0,28,3.0,117,49,182,76,24.0,7.0,10.0,16.0,115,13,32,40.0,334,50
183,186.0,6,20.0,17,53,79,33,265,236.0,18,10.0,17.0,455.0,22.0,102.0,71,34,62.0,31.0,21.0,57,13,84,582.0,78.0,1.0,12,20,119.0,45.0,28.0,92,117.0,14.0,106.0,278.0,27,4.0,94,26,160,113,22.0,9.0,17.0,10.0,115,13,30,47.0,169,32
184,146.0,7,23.0,25,64,99,20,296,295.0,12,12.0,15.0,311.0,19.0,79.0,247,37,67.0,18.0,10.0,50,20,90,686.0,70.0,8.0,18,12,135.0,66.0,68.0,89,129.0,10.0,79.0,277.0,27,8.0,86,24,169,260,57.0,11.0,12.0,14.0,94,17,24,53.0,301,21
185,95.0,5,17.0,26,88,39,25,357,365.0,21,11.0,11.0,342.0,18.0,73.0,154,11,81.0,53.0,16.0,31,13,139,491.0,63.0,19.0,9,13,93.0,51.0,29.0,107,113.0,19.0,74.0,376.0,26,6.0,116,10,115,240,27.0,17.0,13.0,17.0,72,15,36,53.0,134,29
186,126.0,7,22.0,21,82,51,19,376,329.0,30,14.0,14.0,390.0,12.0,57.0,90,19,75.0,54.0,11.0,26,9,93,282.0,60.0,5.0,9,9,95.0,35.0,63.0,78,114.0,6.0,87.0,413.0,18,6.0,128,18,111,198,18.0,6.0,14.0,17.0,101,11,33,40.0,114,30
187,163.0,7,23.0,14,80,45,38,349,259.0,24,17.0,16.0,307.0,30.0,80.0,97,12,57.0,60.0,23.0,45,9,112,301.0,68.0,10.0,18,13,110.0,28.0,68.0,75,74.0,7.0,98.0,349.0,17,4.0,103,13,95,188,7.0,8.0,15.0,12.0,102,7,26,36.0,187,35
188,169.0,3,23.0,18,57,74,22,365,303.0,25,12.0,10.0,188.0,30.0,67.0,88,15,73.0,64.0,20.0,30,16,151,450.0,43.0,10.0,14,11,126.0,46.0,53.0,64,76.0,17.0,89.0,407.0,25,3.0,127,21,72,167,17.0,10.0,14.0,13.0,107,10,20,79.0,124,64
189,163.0,1,20.0,19,61,97,20,809,152.0,15,8.0,15.0,300.0,39.0,71.0,60,15,39.0,60.0,15.0,32,15,120,439.0,50.0,5.0,23,10,139.0,42.0,52.0,70,119.0,13.0,115.0,322.0,25,4.0,111,21,94,176,19.0,11.0,15.0,16.0,87,10,34,47.0,110,131
190,121.0,3,10.0,31,40,83,40,335,182.0,24,14.0,11.0,435.0,12.0,67.0,80,27,38.0,29.0,22.0,21,9,72,468.0,64.0,8.0,7,6,161.0,44.0,31.0,83,129.0,18.0,96.0,248.0,32,3.0,75,12,870,187,22.0,7.0,24.0,17.0,62,9,50,74.0,85,130
191,89.0,3,23.0,24,53,45,27,472,313.0,18,11.0,12.0,391.0,37.0,65.0,59,20,48.0,20.0,9.0,44,16,94,405.0,73.0,7.0,24,9,113.0,33.0,26.0,120,110.0,19.0,65.0,365.0,36,2.0,83,19,353,165,19.0,26.0,12.0,15.0,104,14,34,61.0,61,148
192,68.0,3,18.0,28,100,53,16,380,333.0,14,10.0,23.0,370.0,18.0,66.0,69,17,67.0,47.0,17.0,17,15,139,398.0,91.0,8.0,11,16,154.0,25.0,40.0,107,135.0,19.0,53.0,432.0,40,5.0,98,9,713,162,25.0,13.0,11.0,11.0,76,17,24,54.0,74,70
193,66.0,1,16.0,20,91,75,15,389,693.0,15,6.0,14.0,400.0,17.0,51.0,94,14,85.0,65.0,13.0,37,12,139,236.0,70.0,8.0,19,15,145.0,61.0,31.0,122,129.0,14.0,93.0,376.0,24,4.0,129,24,345,180,24.0,13.0,11.0,14.0,89,8,57,68.0,58,50
194,122.0,3,12.0,23,70,54,22,386,337.0,21,6.0,15.0,257.0,20.0,69.0,84,19,76.0,50.0,16.0,31,12,147,203.0,56.0,3.0,16,17,161.0,65.0,38.0,101,116.0,18.0,84.0,375.0,22,3.0,138,23,316,126,8.0,6.0,11.0,11.0,100,9,70,104.0,185,70
195,118.0,5,12.0,28,62,52,15,354,268.0,13,16.0,15.0,169.0,40.0,111.0,76,16,64.0,64.0,7.0,26,6,145,405.0,44.0,5.0,20,6,206.0,29.0,41.0,55,91.0,10.0,84.0,409.0,14,6.0,131,27,421,86,17.0,14.0,20.0,16.0,355,14,48,83.0,82,56
196,131.0,3,14.0,25,55,75,22,383,162.0,14,8.0,10.0,295.0,24.0,110.0,87,28,43.0,62.0,14.0,31,10,115,396.0,49.0,5.0,22,18,182.0,48.0,34.0,79,104.0,8.0,84.0,979.0,15,3.0,94,17,480,76,7.0,12.0,10.0,13.0,146,11,47,80.0,78,40
197,125.0,2,10.0,22,36,62,16,198,319.0,16,7.0,17.0,334.0,22.0,89.0,60,31,39.0,25.0,11.0,36,27,82,418.0,75.0,7.0,17,24,143.0,49.0,23.0,101,84.0,14.0,70.0,382.0,31,5.0,98,17,441,121,15.0,12.0,8.0,13.0,109,12,31,44.0,71,35
198,106.0,6,14.0,19,54,58,21,336,343.0,15,9.0,6.0,355.0,28.0,55.0,73,24,64.0,34.0,2.0,28,10,84,525.0,52.0,9.0,18,22,164.0,69.0,32.0,82,99.0,13.0,60.0,294.0,36,3.0,81,11,531,123,14.0,13.0,15.0,17.0,99,24,53,60.0,67,43
199,76.0,3,14.0,15,61,23,22,387,321.0,7,9.0,16.0,297.0,12.0,86.0,53,51,64.0,51.0,16.0,15,9,123,407.0,72.0,5.0,21,31,101.0,38.0,43.0,100,119.0,17.0,44.0,374.0,30,6.0,108,34,539,112,11.0,6.0,22.0,13.0,93,10,53,45.0,98,36
200,87.0,3,13.0,13,65,50,17,353,317.0,15,9.0,26.0,246.0,6.0,49.0,71,46,64.0,117.0,18.0,33,8,133,254.0,63.0,9.0,20,29,85.0,29.0,44.0,124,132.0,28.0,67.0,391.0,43,9.0,111,13,341,92,8.0,11.0,11.0,12.0,75,12,53,50.0,93,27
201,134.0,1,12.0,15,398,55,22,398,304.0,41,8.0,22.0,198.0,23.0,75.0,53,51,39.0,56.0,20.0,39,11,127,273.0,65.0,8.0,23,17,148.0,24.0,43.0,83,138.0,11.0,82.0,364.0,41,4.0,113,26,221,73,11.0,12.0,10.0,36.0,103,6,31,36.0,93,54
202,147.0,3,10.0,16,301,42,24,340,271.0,43,10.0,15.0,133.0,15.0,77.0,87,39,53.0,68.0,18.0,52,18,84,456.0,53.0,7.0,32,18,225.0,32.0,65.0,85,99.0,6.0,73.0,303.0,20,3.0,95,22,285,60,24.0,11.0,14.0,19.0,87,4,46,58.0,56,42
203,161.0,5,13.0,22,196,65,22,300,202.0,27,12.0,9.0,170.0,11.0,79.0,100,42,42.0,43.0,12.0,58,10,62,429.0,54.0,8.0,26,39,129.0,40.0,68.0,78,114.0,10.0,92.0,246.0,23,3.0,98,17,364,101,18.0,12.0,5.0,16.0,77,9,35,59.0,97,49
204,143.0,4,5.0,17,99,48,23,206,216.0,13,11.0,14.0,269.0,15.0,75.0,103,38,113.0,15.0,10.0,49,11,45,467.0,63.0,3.0,21,42,79.0,34.0,30.0,75,114.0,14.0,75.0,200.0,47,3.0,81,25,317,121,23.0,5.0,12.0,13.0,139,17,28,63.0,69,69
205,115.0,11,18.0,27,108,28,20,282,286.0,31,6.0,23.0,266.0,15.0,71.0,97,28,98.0,21.0,18.0,52,15,62,445.0,40.0,8.0,19,32,99.0,44.0,51.0,80,142.0,13.0,66.0,298.0,31,8.0,96,13,358,77,32.0,12.0,9.0,20.0,99,7,36,59.0,78,49
206,88.0,7,12.0,26,126,40,26,331,275.0,15,14.0,24.0,277.0,20.0,79.0,68,24,143.0,21.0,19.0,37,9,100,375.0,62.0,3.0,20,25,77.0,34.0,51.0,65,133.0,20.0,59.0,439.0,24,5.0,100,20,304,106,27.0,15.0,8.0,7.0,74,32,39,53.0,98,59
207,104.0,6,6.0,20,112,59,21,370,299.0,18,12.0,12.0,275.0,15.0,67.0,92,17,155.0,40.0,12.0,33,6,99,197.0,80.0,5.0,25,34,78.0,37.0,51.0,74,106.0,12.0,83.0,475.0,30,5.0,90,24,231,69,23.0,12.0,5.0,9.0,80,24,63,29.0,98,30
208,202.0,7,4.0,27,184,55,16,296,293.0,22,4.0,26.0,165.0,12.0,113.0,83,14,82.0,46.0,14.0,42,3,101,345.0,64.0,4.0,47,17,163.0,33.0,55.0,71,117.0,8.0,143.0,408.0,34,5.0,92,11,159,92,15.0,15.0,14.0,11.0,73,32,37,28.0,87,20
209,207.0,8,9.0,17,116,51,13,302,199.0,26,8.0,18.0,172.0,12.0,84.0,81,26,112.0,44.0,14.0,55,25,117,520.0,65.0,4.0,27,11,64.0,48.0,69.0,38,93.0,14.0,73.0,355.0,23,3.0,76,18,203,60,18.0,8.0,11.0,11.0,72,19,35,54.0,87,26
210,207.0,8,3.0,21,103,49,12,244,164.0,15,8.0,11.0,202.0,11.0,94.0,89,38,94.0,43.0,11.0,41,6,105,534.0,77.0,7.0,26,23,73.0,35.0,72.0,60,95.0,51.0,54.0,321.0,27,5.0,84,9,417,39,29.0,8.0,25.0,7.0,125,11,30,45.0,73,63
211,261.0,5,3.0,36,75,51,20,289,389.0,17,7.0,15.0,299.0,29.0,116.0,91,37,82.0,23.0,10.0,33,8,72,498.0,52.0,5.0,30,23,134.0,33.0,33.0,91,124.0,56.0,80.0,289.0,38,5.0,70,16,312,40,31.0,6.0,20.0,11.0,156,19,33,212.0,110,29
212,276.0,3,7.0,24,78,52,12,442,537.0,13,10.0,8.0,306.0,51.0,120.0,68,36,129.0,28.0,28.0,31,13,75,463.0,53.0,4.0,19,30,120.0,77.0,44.0,96,144.0,24.0,56.0,371.0,21,1.0,83,13,277,52,28.0,10.0,15.0,9.0,138,5,40,91.0,144,32
213,205.0,4,9.0,256,100,47,21,472,419.0,12,9.0,13.0,251.0,33.0,74.0,59,34,178.0,69.0,23.0,25,13,104,493.0,70.0,7.0,15,19,62.0,69.0,45.0,82,137.0,34.0,55.0,514.0,28,4.0,82,9,278,55,33.0,6.0,10.0,18.0,111,11,21,167.0,89,24
214,594.0,2,7.0,155,100,62,17,419,476.0,12,11.0,7.0,250.0,49.0,83.0,64,32,109.0,68.0,13.0,47,10,104,269.0,51.0,8.0,20,17,59.0,46.0,63.0,76,169.0,15.0,65.0,506.0,28,4.0,80,15,222,63,17.0,16.0,12.0,15.0,80,44,32,118.0,95,20
215,555.0,0,11.0,111,121,61,14,396,428.0,24,12.0,12.0,221.0,57.0,114.0,168,26,82.0,46.0,17.0,28,13,164,301.0,46.0,7.0,15,12,51.0,56.0,71.0,137,129.0,15.0,73.0,474.0,18,5.0,102,24,137,57,18.0,10.0,5.0,9.0,68,16,25,64.0,74,35
216,370.0,3,4.0,60,102,49,11,412,339.0,6,9.0,15.0,154.0,30.0,82.0,493,16,87.0,44.0,14.0,37,16,97,475.0,55.0,8.0,16,15,47.0,64.0,66.0,113,95.0,1.0,86.0,392.0,15,2.0,337,16,223,59,26.0,11.0,6.0,10.0,118,23,35,81.0,58,22
217,329.0,11,4.0,66,105,48,35,323,280.0,9,10.0,8.0,212.0,21.0,90.0,221,62,72.0,42.0,24.0,34,8,95,545.0,79.0,5.0,18,43,62.0,62.0,31.0,146,128.0,14.0,85.0,361.0,17,1.0,303,18,178,73,27.0,4.0,24.0,7.0,83,19,30,69.0,72,22
218,294.0,11,5.0,49,109,53,39,266,346.0,13,7.0,5.0,281.0,12.0,103.0,179,58,58.0,32.0,5.0,36,16,64,393.0,89.0,3.0,10,23,62.0,72.0,29.0,147,111.0,15.0,72.0,231.0,26,5.0,1408,16,530,68,20.0,5.0,10.0,17.0,75,25,29,74.0,66,26
219,247.0,3,13.0,68,125,42,53,251,465.0,6,12.0,11.0,305.0,29.0,75.0,119,69,148.0,21.0,13.0,19,20,96,519.0,62.0,5.0,12,34,44.0,48.0,37.0,138,132.0,10.0,65.0,272.0,29,3.0,437,15,416,49,16.0,5.0,8.0,15.0,62,15,16,70.0,65,30
220,146.0,6,7.0,51,167,32,44,1428,519.0,10,6.0,14.0,239.0,19.0,73.0,91,28,163.0,42.0,14.0,20,7,84,535.0,62.0,3.0,7,41,54.0,50.0,46.0,107,111.0,19.0,48.0,304.0,20,4.0,330,20,326,67,26.0,7.0,7.0,13.0,72,45,45,74.0,66,28
221,152.0,2,4.0,37,134,40,43,2320,313.0,12,13.0,22.0,256.0,22.0,61.0,125,41,162.0,48.0,23.0,15,10,164,208.0,61.0,8.0,36,25,28.0,40.0,43.0,111,104.0,6.0,73.0,428.0,32,11.0,230,24,176,91,17.0,19.0,4.0,8.0,58,19,30,61.0,93,12
222,235.0,6,11.0,48,161,60,22,1013,361.0,14,14.0,13.0,169.0,41.0,129.0,97,44,157.0,41.0,17.0,29,11,194,212.0,59.0,12.0,26,384,34.0,47.0,50.0,70,69.0,23.0,77.0,392.0,29,8.0,160,23,183,55,20.0,12.0,6.0,4.0,54,27,37,58.0,557,37
223,190.0,3,4.0,69,145,47,22,654,322.0,8,11.0,6.0,150.0,38.0,94.0,107,28,133.0,37.0,14.0,19,3,144,400.0,63.0,12.0,19,118,45.0,64.0,50.0,67,81.0,12.0,79.0,414.0,12,23.0,138,30,240,64,30.0,7.0,12.0,10.0,87,8,38,62.0,224,29
224,167.0,5,5.0,68,108,61,27,457,234.0,14,4.0,8.0,171.0,40.0,112.0,129,36,67.0,29.0,19.0,23,9,147,466.0,62.0,6.0,55,28,50.0,43.0,65.0,76,114.0,9.0,73.0,308.0,35,3.0,598,26,226,59,29.0,7.0,8.0,12.0,72,23,45,66.0,772,29
225,166.0,3,4.0,47,66,35,33,409,298.0,13,13.0,7.0,190.0,52.0,71.0,140,25,74.0,18.0,9.0,25,7,68,358.0,52.0,9.0,22,28,47.0,53.0,82.0,107,121.0,13.0,72.0,226.0,34,4.0,190,30,201,110,29.0,15.0,5.0,14.0,79,37,37,64.0,228,20
226,97.0,2,10.0,31,90,49,52,446,396.0,14,7.0,20.0,252.0,47.0,81.0,97,46,112.0,47.0,10.0,24,13,63,436.0,68.0,16.0,21,48,99.0,51.0,89.0,107,116.0,11.0,50.0,238.0,26,3.0,117,17,274,174,30.0,7.0,19.0,11.0,63,25,32,59.0,119,25
227,71.0,5,10.0,35,95,38,25,483,396.0,8,6.0,16.0,247.0,51.0,52.0,90,52,156.0,32.0,19.0,28,13,105,453.0,45.0,19.0,8,37,77.0,41.0,97.0,430,110.0,13.0,67.0,341.0,44,2.0,103,26,276,190,26.0,13.0,2.0,10.0,65,27,52,49.0,94,16
228,90.0,4,6.0,42,97,49,22,459,412.0,18,6.0,18.0,186.0,35.0,59.0,114,64,88.0,35.0,16.0,16,14,144,291.0,62.0,30.0,5,28,51.0,32.0,102.0,609,129.0,8.0,60.0,349.0,34,7.0,83,15,152,147,16.0,10.0,3.0,35.0,57,19,50,49.0,112,18
229,171.0,2,7.0,28,134,63,15,382,325.0,6,6.0,15.0,165.0,46.0,116.0,113,151,68.0,30.0,17.0,23,16,91,274.0,65.0,35.0,18,21,53.0,40.0,76.0,371,100.0,10.0,99.0,419.0,23,9.0,105,27,154,143,11.0,15.0,15.0,13.0,68,16,79,63.0,59,16
230,190.0,5,8.0,32,103,68,24,334,322.0,7,8.0,22.0,141.0,39.0,84.0,148,105,110.0,40.0,20.0,28,15,125,455.0,57.0,13.0,15,32,47.0,33.0,54.0,273,131.0,8.0,96.0,425.0,21,2.0,84,23,201,124,75.0,11.0,6.0,17.0,47,14,85,87.0,70,23
231,155.0,4,4.0,33,85,75,18,267,177.0,20,9.0,23.0,169.0,42.0,95.0,161,65,68.0,48.0,9.0,27,18,76,580.0,57.0,10.0,10,20,51.0,32.0,46.0,273,97.0,12.0,81.0,298.0,18,7.0,102,19,248,109,42.0,7.0,21.0,13.0,69,17,46,70.0,70,28
232,162.0,3,1.0,40,74,71,37,219,225.0,12,6.0,36.0,211.0,43.0,115.0,207,93,69.0,23.0,18.0,31,21,52,511.0,64.0,16.0,11,31,92.0,41.0,37.0,331,119.0,19.0,82.0,226.0,17,7.0,88,10,198,133,17.0,8.0,2.0,8.0,73,14,34,64.0,89,29
233,186.0,7,12.0,34,69,59,25,281,364.0,13,2.0,17.0,206.0,18.0,94.0,390,64,61.0,20.0,14.0,22,13,62,444.0,60.0,82.0,8,20,84.0,31.0,53.0,247,156.0,12.0,80.0,267.0,19,3.0,93,12,187,188,25.0,6.0,8.0,10.0,74,16,56,68.0,69,29
234,68.0,3,10.0,32,92,15,32,316,439.0,7,4.0,40.0,214.0,29.0,101.0,225,66,58.0,31.0,16.0,16,12,105,418.0,57.0,98.0,10,42,46.0,47.0,65.0,126,217.0,9.0,80.0,389.0,31,3.0,89,22,300,173,34.0,5.0,11.0,17.0,56,30,29,39.0,166,17
235,96.0,2,15.0,28,103,33,32,341,468.0,10,10.0,20.0,285.0,12.0,76.0,222,35,58.0,37.0,27.0,27,10,107,201.0,50.0,99.0,6,34,39.0,62.0,68.0,117,139.0,17.0,104.0,355.0,30,4.0,75,24,102,147,26.0,8.0,7.0,7.0,70,30,49,48.0,63,31
236,167.0,2,10.0,32,106,58,26,377,493.0,12,15.0,16.0,154.0,25.0,130.0,182,27,70.0,37.0,13.0,24,10,108,289.0,40.0,58.0,4,42,44.0,59.0,53.0,72,120.0,15.0,115.0,400.0,15,7.0,80,21,90,88,21.0,9.0,6.0,6.0,68,16,55,66.0,85,34
237,202.0,4,10.0,13,98,52,19,378,357.0,17,6.0,27.0,123.0,38.0,128.0,169,16,43.0,48.0,18.0,26,17,83,476.0,45.0,73.0,9,21,57.0,89.0,64.0,60,70.0,8.0,68.0,345.0,17,3.0,86,21,351,61,21.0,4.0,17.0,15.0,93,9,42,63.0,80,20
238,158.0,9,6.0,42,81,53,23,239,202.0,14,11.0,9.0,173.0,18.0,129.0,119,63,43.0,28.0,19.0,23,14,71,442.0,55.0,47.0,20,33,44.0,69.0,43.0,74,126.0,10.0,85.0,338.0,24,5.0,73,23,307,129,16.0,11.0,7.0,11.0,104,23,42,74.0,121,16
239,189.0,6,15.0,24,86,72,16,223,292.0,10,13.0,26.0,221.0,34.0,119.0,124,59,49.0,16.0,4.0,17,10,93,667.0,44.0,32.0,25,35,33.0,78.0,39.0,93,123.0,16.0,91.0,221.0,27,6.0,64,12,166,146,13.0,3.0,13.0,8.0,116,50,51,59.0,130,27
240,145.0,5,20.0,34,108,39,25,249,373.0,11,10.0,30.0,321.0,23.0,114.0,106,51,70.0,32.0,12.0,19,17,93,466.0,45.0,33.0,26,41,50.0,56.0,46.0,101,157.0,18.0,69.0,301.0,22,13.0,76,6,123,134,29.0,7.0,5.0,8.0,100,48,47,57.0,99,15
241,89.0,2,12.0,39,104,37,45,289,328.0,11,7.0,19.0,268.0,12.0,70.0,96,216,71.0,48.0,17.0,18,10,100,401.0,52.0,25.0,22,50,25.0,57.0,65.0,87,135.0,15.0,71.0,328.0,28,4.0,89,10,152,159,16.0,12.0,9.0,14.0,104,30,66,45.0,88,13
242,134.0,6,7.0,35,110,65,98,264,338.0,10,8.0,9.0,192.0,14.0,104.0,120,152,51.0,44.0,17.0,11,8,135,214.0,51.0,20.0,18,31,23.0,27.0,67.0,78,121.0,13.0,68.0,318.0,25,7.0,72,109,104,138,9.0,5.0,7.0,14.0,74,17,39,48.0,91,12
243,165.0,3,16.0,27,100,56,68,323,298.0,7,10.0,6.0,188.0,31.0,141.0,100,96,72.0,36.0,8.0,14,7,111,293.0,41.0,15.0,20,75,36.0,59.0,54.0,62,111.0,11.0,79.0,307.0,18,8.0,86,39,60,127,6.0,18.0,11.0,14.0,137,19,48,48.0,77,23
244,166.0,0,14.0,22,396,70,26,329,223.0,13,12.0,5.0,129.0,23.0,103.0,205,65,73.0,37.0,7.0,37,19,99,685.0,38.0,25.0,23,36,34.0,50.0,54.0,49,86.0,12.0,69.0,347.0,16,3.0,81,32,72,116,17.0,10.0,3.0,7.0,85,16,58,64.0,85,15
245,154.0,4,8.0,28,248,67,21,253,179.0,18,9.0,6.0,146.0,17.0,155.0,394,65,43.0,44.0,16.0,28,10,89,560.0,107.0,12.0,33,33,27.0,42.0,33.0,72,118.0,18.0,84.0,299.0,15,6.0,86,21,74,142,19.0,6.0,6.0,11.0,81,30,49,65.0,110,21
246,234.0,5,13.0,31,88,88,25,183,152.0,9,9.0,13.0,212.0,26.0,113.0,279,80,33.0,17.0,10.0,29,23,41,460.0,52.0,17.0,18,22,56.0,56.0,36.0,108,108.0,17.0,65.0,253.0,32,4.0,77,14,53,180,15.0,6.0,5.0,7.0,79,18,48,50.0,81,20
247,135.0,4,16.0,28,73,75,15,244,370.0,19,6.0,13.0,322.0,23.0,108.0,219,92,32.0,22.0,17.0,25,23,53,492.0,45.0,48.0,14,29,51.0,40.0,33.0,103,97.0,13.0,79.0,213.0,28,1.0,73,10,25,264,14.0,9.0,14.0,2.0,77,81,40,35.0,71,28
248,94.0,2,17.0,35,92,62,24,233,349.0,8,12.0,12.0,222.0,18.0,149.0,166,38,57.0,28.0,14.0,48,17,99,357.0,45.0,29.0,10,19,66.0,38.0,56.0,73,108.0,20.0,65.0,275.0,21,5.0,134,12,88,355,20.0,7.0,4.0,2.0,59,36,49,46.0,82,23
249,129.0,7,8.0,27,111,64,24,285,301.0,12,7.0,15.0,169.0,15.0,139.0,138,37,33.0,23.0,11.0,24,8,104,251.0,32.0,25.0,12,19,143.0,36.0,52.0,97,166.0,25.0,40.0,272.0,24,4.0,114,14,98,111,15.0,8.0,7.0,10.0,45,34,48,44.0,68,16
250,194.0,2,14.0,40,107,62,6,180,162.0,8,11.0,9.0,221.0,53.0,170.0,136,47,43.0,26.0,16.0,23,12,137,274.0,28.0,13.0,12,17,107.0,28.0,86.0,71,96.0,18.0,81.0,270.0,13,0.0,84,9,62,115,5.0,2.0,13.0,10.0,54,20,35,61.0,36,11
251,166.0,1,5.0,33,104,72,14,148,150.0,21,9.0,3.0,116.0,26.0,135.0,143,16,53.0,15.0,12.0,19,12,97,432.0,38.0,14.0,24,12,125.0,30.0,56.0,72,99.0,7.0,83.0,226.0,19,3.0,83,22,90,58,9.0,10.0,7.0,9.0,63,25,45,58.0,72,13
252,183.0,1,11.0,28,73,59,23,169,123.0,9,7.0,6.0,169.0,17.0,120.0,72,36,34.0,78.0,17.0,21,13,95,459.0,173.0,15.0,29,36,100.0,30.0,41.0,84,105.0,15.0,68.0,264.0,14,2.0,68,18,75,79,22.0,6.0,21.0,6.0,100,23,41,48.0,50,19
253,182.0,6,7.0,45,63,63,16,122,180.0,16,13.0,13.0,188.0,14.0,119.0,116,30,37.0,64.0,15.0,32,17,68,422.0,69.0,3.0,16,18,82.0,48.0,66.0,86,114.0,11.0,59.0,221.0,20,0.0,64,14,65,94,15.0,37.0,16.0,13.0,134,32,32,61.0,81,24
254,137.0,3,7.0,50,89,30,13,146,233.0,13,5.0,16.0,248.0,32.0,106.0,84,35,32.0,49.0,15.0,30,13,65,429.0,65.0,5.0,8,15,77.0,47.0,47.0,91,106.0,11.0,61.0,217.0,33,5.0,60,10,68,89,20.0,16.0,5.0,16.0,100,58,30,67.0,82,24
255,81.0,2,4.0,37,99,22,12,214,182.0,11,12.0,20.0,296.0,21.0,105.0,59,30,50.0,40.0,22.0,22,20,154,319.0,58.0,11.0,1,23,41.0,29.0,56.0,73,103.0,13.0,44.0,285.0,21,5.0,62,11,71,129,15.0,10.0,7.0,8.0,74,59,44,70.0,77,38
256,94.0,9,9.0,35,94,135,18,222,224.0,13,8.0,15.0,188.0,14.0,64.0,77,30,43.0,34.0,19.0,26,10,109,208.0,41.0,16.0,11,29,58.0,28.0,68.0,91,116.0,8.0,59.0,491.0,29,4.0,81,12,58,119,16.0,13.0,14.0,10.0,60,69,33,48.0,62,22
257,116.0,4,11.0,32,89,129,8,250,165.0,23,11.0,28.0,168.0,28.0,122.0,98,23,44.0,22.0,10.0,23,14,98,258.0,46.0,11.0,8,31,67.0,48.0,50.0,66,70.0,22.0,59.0,303.0,27,2.0,69,23,73,52,13.0,11.0,14.0,3.0,71,49,30,41.0,47,34
258,172.0,3,7.0,20,63,130,11,214,184.0,16,8.0,17.0,124.0,39.0,127.0,78,23,28.0,27.0,32.0,14,14,110,414.0,43.0,6.0,18,50,68.0,71.0,52.0,56,74.0,11.0,70.0,259.0,13,0.0,78,35,98,72,8.0,7.0,7.0,8.0,74,28,39,52.0,33,44
259,178.0,7,1.0,19,73,139,16,197,174.0,16,7.0,9.0,158.0,64.0,118.0,81,34,24.0,17.0,19.0,10,24,94,457.0,67.0,12.0,11,54,62.0,386.0,39.0,95,98.0,10.0,57.0,229.0,16,4.0,70,9,192,79,13.0,15.0,6.0,6.0,78,38,41,77.0,70,26
260,149.0,5,8.0,29,36,119,14,271,150.0,11,9.0,11.0,184.0,30.0,212.0,81,25,13.0,18.0,18.0,31,28,61,430.0,47.0,9.0,15,44,49.0,151.0,33.0,80,94.0,14.0,59.0,231.0,19,7.0,45,7,333,79,11.0,8.0,6.0,16.0,59,37,31,40.0,89,21
261,124.0,13,8.0,43,52,102,14,231,215.0,7,9.0,8.0,255.0,22.0,140.0,79,28,16.0,18.0,11.0,21,27,63,364.0,40.0,3.0,22,32,65.0,61.0,34.0,93,107.0,8.0,87.0,225.0,26,8.0,76,13,259,95,15.0,5.0,16.0,6.0,74,50,42,50.0,97,36
262,73.0,13,5.0,44,53,109,20,166,301.0,10,9.0,10.0,233.0,13.0,106.0,53,29,33.0,18.0,15.0,14,7,131,374.0,51.0,8.0,51,39,41.0,59.0,42.0,77,97.0,13.0,75.0,311.0,24,6.0,76,7,225,75,14.0,4.0,7.0,12.0,55,42,39,39.0,74,19
263,93.0,7,12.0,24,73,84,23,297,344.0,8,5.0,13.0,227.0,19.0,95.0,70,24,19.0,13.0,12.0,20,24,104,202.0,44.0,11.0,41,30,36.0,48.0,48.0,83,114.0,9.0,58.0,396.0,20,2.0,74,22,107,93,11.0,13.0,3.0,20.0,63,44,39,31.0,66,16
264,148.0,6,14.0,31,97,161,14,295,289.0,16,3.0,6.0,193.0,20.0,106.0,87,20,34.0,16.0,22.0,15,16,107,280.0,52.0,7.0,45,34,46.0,44.0,38.0,66,78.0,9.0,66.0,348.0,14,4.0,122,15,106,75,19.0,10.0,7.0,12.0,64,41,29,44.0,57,15
265,151.0,6,4.0,29,82,191,20,307,220.0,18,9.0,19.0,111.0,33.0,114.0,87,8,33.0,12.0,19.0,13,13,91,431.0,39.0,10.0,24,16,89.0,46.0,45.0,50,95.0,7.0,52.0,287.0,14,7.0,117,12,308,47,10.0,19.0,7.0,19.0,61,35,42,62.0,50,26
266,151.0,4,10.0,33,69,118,7,228,173.0,15,12.0,7.0,160.0,12.0,142.0,74,21,35.0,8.0,20.0,21,29,100,374.0,51.0,6.0,31,38,52.0,100.0,34.0,88,102.0,8.0,62.0,231.0,20,2.0,84,5,359,52,15.0,9.0,6.0,10.0,64,146,26,93.0,52,18
267,188.0,7,7.0,422,50,124,17,169,215.0,16,4.0,1.0,239.0,13.0,126.0,61,23,30.0,10.0,12.0,18,22,67,386.0,77.0,7.0,22,46,46.0,97.0,34.0,82,112.0,10.0,80.0,225.0,17,3.0,60,10,323,61,18.0,3.0,10.0,9.0,71,85,42,64.0,65,26
268,144.0,9,3.0,108,88,77,15,313,280.0,7,9.0,14.0,273.0,17.0,104.0,56,22,37.0,16.0,9.0,18,15,74,421.0,69.0,11.0,19,31,48.0,59.0,29.0,71,87.0,8.0,53.0,248.0,27,6.0,72,9,288,79,7.0,10.0,6.0,12.0,32,72,39,90.0,83,19
269,71.0,1,12.0,96,98,77,17,293,278.0,11,11.0,15.0,252.0,13.0,112.0,40,19,43.0,11.0,8.0,14,8,102,310.0,65.0,13.0,15,24,35.0,43.0,57.0,116,165.0,9.0,47.0,490.0,29,1.0,92,10,259,83,12.0,7.0,2.0,14.0,63,71,68,26.0,55,8
270,83.0,2,11.0,60,89,81,16,276,290.0,10,4.0,19.0,283.0,22.0,71.0,55,22,35.0,15.0,16.0,22,17,112,218.0,60.0,6.0,18,33,26.0,33.0,48.0,100,115.0,16.0,54.0,379.0,33,5.0,89,15,184,65,7.0,10.0,7.0,8.0,71,69,64,51.0,70,60
271,122.0,4,14.0,57,98,77,10,248,276.0,19,14.0,10.0,230.0,26.0,144.0,71,23,50.0,12.0,29.0,28,13,130,307.0,33.0,8.0,22,15,36.0,57.0,44.0,74,64.0,6.0,67.0,316.0,39,5.0,200,10,176,68,11.0,6.0,3.0,15.0,59,43,85,47.0,66,33
272,129.0,4,10.0,37,105,87,21,216,212.0,20,12.0,5.0,154.0,24.0,155.0,66,10,47.0,11.0,7.0,15,36,112,507.0,52.0,10.0,21,19,53.0,197.0,45.0,57,67.0,9.0,53.0,278.0,122,2.0,129,8,310,38,10.0,6.0,7.0,17.0,58,44,65,51.0,58,28
273,119.0,4,9.0,57,53,70,19,204,142.0,22,12.0,7.0,200.0,17.0,186.0,57,13,28.0,14.0,18.0,31,18,77,376.0,45.0,10.0,12,17,52.0,149.0,41.0,64,69.0,16.0,57.0,272.0,38,8.0,64,7,291,50,10.0,5.0,6.0,11.0,79,44,53,59.0,48,12
274,122.0,1,7.0,122,41,95,18,159,189.0,19,11.0,8.0,229.0,23.0,115.0,67,15,30.0,8.0,12.0,37,21,52,278.0,80.0,11.0,15,33,32.0,51.0,24.0,89,118.0,10.0,69.0,277.0,34,5.0,78,4,215,78,9.0,3.0,10.0,16.0,55,51,32,85.0,69,27
275,84.0,4,3.0,57,89,75,14,172,178.0,22,2.0,11.0,210.0,22.0,136.0,61,14,71.0,5.0,14.0,28,23,96,287.0,48.0,5.0,6,31,37.0,49.0,35.0,89,94.0,17.0,70.0,270.0,34,9.0,123,7,199,92,16.0,6.0,5.0,16.0,59,59,46,65.0,63,20
276,65.0,4,3.0,43,91,55,20,252,248.0,13,1.0,12.0,264.0,65.0,102.0,32,20,109.0,10.0,18.0,28,28,88,297.0,56.0,7.0,8,18,36.0,52.0,61.0,87,108.0,11.0,50.0,267.0,27,3.0,90,6,201,79,26.0,4.0,8.0,34.0,48,69,58,145.0,57,26
277,105.0,1,11.0,68,99,53,17,270,233.0,22,11.0,15.0,209.0,36.0,102.0,61,14,87.0,17.0,28.0,27,13,77,212.0,48.0,10.0,14,34,27.0,33.0,51.0,80,98.0,10.0,67.0,215.0,23,1.0,94,20,129,82,30.0,5.0,7.0,25.0,49,48,35,148.0,43,12
278,113.0,2,9.0,65,84,101,10,285,269.0,20,4.0,15.0,166.0,38.0,118.0,61,17,73.0,29.0,27.0,15,13,102,257.0,48.0,4.0,10,17,30.0,26.0,29.0,180,73.0,8.0,51.0,220.0,15,3.0,97,4,107,65,21.0,10.0,1.0,20.0,67,49,31,141.0,68,8
279,113.0,6,8.0,39,101,153,12,244,152.0,58,7.0,4.0,137.0,29.0,82.0,54,22,63.0,10.0,8.0,19,13,83,322.0,81.0,2.0,24,8,51.0,50.0,32.0,71,53.0,9.0,66.0,281.0,29,2.0,94,6,152,37,24.0,10.0,7.0,13.0,64,45,28,206.0,72,28
280,123.0,7,7.0,83,83,1116,8,229,113.0,30,7.0,7.0,170.0,34.0,97.0,59,25,38.0,12.0,10.0,15,18,62,279.0,72.0,12.0,17,25,40.0,51.0,32.0,67,58.0,13.0,85.0,266.0,19,2.0,76,11,211,59,37.0,8.0,14.0,10.0,64,51,1348,233.0,85,19
281,128.0,2,8.0,69,58,650,18,136,188.0,17,6.0,4.0,206.0,26.0,116.0,59,25,40.0,16.0,9.0,20,16,75,310.0,59.0,1.0,22,12,42.0,43.0,24.0,90,90.0,10.0,66.0,487.0,19,4.0,73,6,212,90,20.0,11.0,8.0,10.0,63,63,1280,176.0,7065,13
282,83.0,6,8.0,51,148,358,11,186,221.0,32,8.0,6.0,244.0,20.0,91.0,38,29,62.0,5.0,11.0,13,16,98,325.0,72.0,10.0,11,18,61.0,49.0,30.0,66,76.0,13.0,55.0,643.0,20,2.0,70,13,172,73,16.0,2.0,2.0,9.0,71,74,742,93.0,18614,16
283,72.0,11,3.0,66,149,283,10,170,235.0,18,9.0,8.0,211.0,19.0,79.0,45,19,87.0,9.0,11.0,17,12,133,246.0,49.0,11.0,7,16,49.0,39.0,58.0,110,85.0,9.0,45.0,481.0,24,5.0,180,6,132,63,26.0,10.0,2.0,5.0,61,57,905,74.0,8007,10
284,84.0,7,9.0,59,124,285,14,276,177.0,6,3.0,9.0,225.0,30.0,85.0,34,36,92.0,10.0,15.0,18,14,121,250.0,52.0,5.0,13,18,24.0,38.0,56.0,88,90.0,10.0,53.0,369.0,11,7.0,357,10,127,59,16.0,2.0,7.0,2.0,68,56,769,62.0,3341,19
285,130.0,1,14.0,59,126,337,14,181,188.0,24,8.0,10.0,98.0,23.0,89.0,63,20,64.0,13.0,21.0,16,14,77,269.0,56.0,6.0,13,20,33.0,41.0,61.0,81,50.0,14.0,76.0,278.0,9,0.0,89,12,116,59,24.0,11.0,5.0,9.0,71,72,337,74.0,1531,11
286,108.0,6,10.0,25,94,221,10,203,151.0,14,9.0,10.0,97.0,20.0,80.0,58,15,62.0,14.0,21.0,19,21,74,293.0,125.0,9.0,13,16,38.0,80.0,39.0,39,71.0,3.0,262.0,242.0,16,2.0,82,7,127,36,12.0,3.0,12.0,13.0,69,36,221,86.0,1132,16
287,89.0,7,2.0,60,87,231,14,177,123.0,36,6.0,2.0,165.0,59.0,79.0,62,18,41.0,8.0,18.0,31,19,75,282.0,208.0,18.0,17,12,39.0,49.0,76.0,74,73.0,3.0,189.0,258.0,17,5.0,94,13,225,44,27.0,3.0,8.0,15.0,83,40,143,79.0,1187,14
288,105.0,3,10.0,64,86,153,14,132,159.0,22,7.0,1.0,239.0,56.0,62.0,75,18,37.0,9.0,12.0,13,19,69,267.0,114.0,122.0,18,18,41.0,48.0,68.0,76,85.0,9.0,102.0,222.0,6,9.0,65,4,188,72,12.0,3.0,4.0,10.0,69,51,91,63.0,1235,15
289,96.0,6,14.0,44,102,73,11,168,241.0,27,7.0,12.0,248.0,52.0,59.0,38,57,48.0,11.0,23.0,13,13,71,291.0,98.0,180.0,14,16,54.0,41.0,44.0,78,81.0,7.0,66.0,406.0,19,1.0,65,7,164,66,32.0,6.0,8.0,4.0,80,59,137,60.0,690,23
290,80.0,5,10.0,27,136,140,4,207,246.0,20,9.0,8.0,232.0,20.0,100.0,39,102,67.0,6.0,20.0,18,10,70,230.0,79.0,145.0,8,15,45.0,38.0,60.0,78,77.0,4.0,43.0,315.0,29,7.0,73,5,185,82,19.0,7.0,2.0,13.0,61,86,128,79.0,1504,23
291,82.0,4,12.0,40,230,143,13,226,244.0,10,2.0,6.0,210.0,29.0,130.0,40,30,69.0,14.0,21.0,18,22,103,207.0,64.0,120.0,10,21,32.0,29.0,35.0,73,96.0,7.0,46.0,656.0,17,7.0,272,7,128,92,17.0,6.0,5.0,4.0,81,76,121,56.0,897,20
292,81.0,2,6.0,37,141,117,16,191,234.0,24,9.0,18.0,227.0,30.0,131.0,61,32,35.0,18.0,25.0,20,16,61,223.0,53.0,127.0,8,21,31.0,47.0,62.0,59,85.0,8.0,77.0,262.0,18,5.0,79,6,94,31,14.0,6.0,7.0,4.0,77,87,83,66.0,551,20
293,69.0,2,6.0,25,159,104,14,213,163.0,18,6.0,4.0,149.0,30.0,143.0,46,23,46.0,6.0,16.0,21,21,64,294.0,53.0,60.0,16,12,1373.0,147.0,52.0,54,53.0,8.0,65.0,256.0,14,1.0,68,6,130,24,23.0,10.0,8.0,15.0,84,75,68,62.0,504,30
294,81.0,1,8.0,75,229,81,14,175,142.0,13,9.0,4.0,204.0,36.0,126.0,39,41,39.0,7.0,29.0,21,10,52,305.0,51.0,26.0,7,18,37.0,90.0,46.0,96,56.0,8.0,58.0,254.0,17,3.0,75,4,122,44,7.0,2.0,1.0,6.0,91,93,70,59.0,409,16
295,85.0,7,6.0,119,98,69,8,179,204.0,30,7.0,5.0,378.0,26.0,124.0,45,114,30.0,7.0,20.0,15,17,57,324.0,44.0,11.0,14,18,35.0,38.0,21.0,91,88.0,17.0,50.0,184.0,17,2.0,52,6,148,26,15.0,5.0,4.0,4.0,74,171,62,45.0,380,14
296,82.0,5,6.0,92,87,42,16,206,231.0,26,3.0,4.0,327.0,32.0,126.0,46,63,48.0,5.0,12.0,21,12,85,264.0,59.0,21.0,16,39,43.0,42.0,31.0,77,72.0,10.0,60.0,258.0,20,2.0,83,3,118,51,7.0,6.0,4.0,8.0,64,170,54,73.0,307,17
297,53.0,3,8.0,86,132,44,10,254,228.0,12,3.0,12.0,352.0,18.0,113.0,37,60,69.0,3.0,8.0,14,20,83,283.0,69.0,13.0,9,38,24.0,76.0,43.0,65,82.0,6.0,51.0,340.0,14,2.0,67,12,106,110,8.0,1.0,2.0,8.0,77,174,43,66.0,261,23
298,89.0,3,16.0,70,125,65,2,224,279.0,17,5.0,5.0,292.0,16.0,103.0,67,28,50.0,15.0,15.0,23,16,83,192.0,105.0,14.0,10,26,25.0,59.0,45.0,86,87.0,7.0,39.0,260.0,18,1.0,99,4,83,65,6.0,7.0,4.0,19.0,102,154,37,51.0,181,12
299,85.0,2,16.0,64,114,101,6,169,227.0,13,19.0,8.0,506.0,15.0,174.0,220,36,56.0,7.0,19.0,22,14,78,210.0,66.0,26.0,9,19,20.0,58.0,43.0,73,78.0,7.0,49.0,280.0,18,3.0,60,6,52,40,13.0,9.0,9.0,3.0,79,136,39,57.0,206,23
