,2015_Attock_bombing,2015_Bangkok_bombing,2015_Chattanooga_shootings,Metrojet_Flight_9268,November_2015_Kidal_attack,2015_Spanish_Embassy_attack_in_Kabul,Umpqua_Community_College_shooting,June_2016_Tel_Aviv_shooting,July_2016_Qamishli_bombings,2016_shooting_of_Almaty_police_officers,American_University_of_Afghanistan_attack,Botroseya_Church_bombing,August_2016_Gaziantep_bombing,July_2016_Kabul_bombing,September_2016_Kabul_attacks,Kunduz-Takhar_highway_hostage_crisis,2016_Nampala_attack,Orlando_nightclub_shooting,Sagamihara_stabbings,2016_Thane_stabbing,%C5%BDiti%C5%A1te_shooting,Al-Faqma_ice_cream_parlor_bombing,2017_Amarnath_Yatra_attack,2017_Jerusalem_truck_attack,2017_Las_Vegas_shooting,Manchester_Arena_bombing,2017_Nasiriyah_attacks,2017_Peshawar_Agriculture_Directorate_attack,2017_Plano_shooting,Quebec_City_mosque_shooting,2017_Quetta_church_attack,2017_Sinai_mosque_attack,Sutherland_Springs_church_shooting,2017_Tehran_attacks,Ahvaz_military_parade_attack,Campinas_Cathedral_shooting,Carcassonne_and_Tr%C3%A8bes_attack,"2018_attack_on_the_High_National_Elections_Commission_in_Tripoli,_Libya",September_2018_Kabul_attacks,Kerch_Polytechnic_College_massacre,2018_Minya_bus_attack,2018_M%C3%BCnster_attack,Osmington_shooting,2018_Ouagadougou_attacks,2018_Strasbourg_attack,2018_Sunjuwan_attack,Thousand_Oaks_shooting,Toronto_van_attack,2019_Altamira_prison_riot,"Aurora,_Illinois_shooting",2019_Cairo_bombing,Coatzacoalcos_nightclub_fire,2019_Dayton_shooting,2019_Jolo_Cathedral_bombings,17_August_2019_Kabul_bombing,28_July_2019_Kabul_suicide_bombing,December_2019_Mogadishu_bombing,Paris_police_headquarters_stabbing,2019_Qalat_bombing,2019_Sri_Lanka_Easter_bombings,Suzano_school_shooting,2019_Tripoli_shooting,Zaoyang_car_attack,2020_Afgooye_bombing,Hanau_shootings,Kabul_gurdwara_attack,Pakistan_Stock_Exchange_attack
0,,174,6712,1074,33,,45548,1209,75,665,,,588,2522,,,,338,48710,890,29,637,,,,143,697,1637,,,997,,90886,18326,,526,696,139,,655,842,,,,,,,,,,,,96988,1056,,,2036,3285,,77726,,,705,,,44,28
1,562.0,22,19600,122,55,,95791,5563,773,1056,,,5191,19067,,,34.0,2457,26441,911,104,1227,,,6939.0,1053,940,1189,1103.0,77873.0,1562,,154471,50008,,2258,12115,177,94.0,945,1142,3389.0,560.0,,5195.0,,33217.0,60776.0,1075.0,14471.0,775.0,,99738,17836,13180.0,,2124,3876,427.0,181118,74.0,,912,668.0,,1179,28
2,867.0,19215,16850,88,12,,41708,2695,579,352,,1825.0,19900,18548,95.0,102.0,842.0,319,16610,419,73,450,,,299.0,13138,4827,612,2375.0,56655.0,569,6544.0,70353,22077,11.0,667,21548,135,11.0,98,1098,2424.0,850.0,5156.0,36004.0,,28544.0,46141.0,961.0,4409.0,923.0,,81411,20775,27711.0,86.0,1389,2699,177.0,102911,334.0,,400,257.0,,3619,31
3,306.0,19580,10282,90,10,,29937,1218,359,336,,11877.0,14008,6997,81.0,97.0,320.0,373,12659,255,126,312,246.0,640.0,409.0,387,7107,481,1399.0,23493.0,317,28331.0,48818,8713,19123.0,250,22001,82,14.0,57,1000,968.0,807.0,10576.0,36104.0,,12102.0,26875.0,21660.0,3547.0,582.0,130.0,58215,19461,17210.0,192.0,1400,2079,140.0,67470,2118.0,,242,200.0,,3786,2608
4,240.0,20143,10225,158,9,61.0,28625,1387,335,319,91.0,9523.0,9893,4835,52.0,71.0,237.0,152,9744,178,78,204,1156.0,476.0,229.0,145,6993,255,778.0,15101.0,197,12650.0,31327,7148,15509.0,159,5994,71,20.0,56,363,534.0,580.0,6404.0,19221.0,164.0,7619.0,18144.0,21815.0,3013.0,379.0,129.0,53423,13400,13698.0,114.0,679,1475,110.0,56574,11365.0,,127,164.0,163.0,2556,4735
5,136.0,15361,17554,85,7,71.0,22483,1264,344,202,81.0,5262.0,6315,4137,57.0,68.0,140.0,202,7836,140,56,291,1982.0,217.0,233.0,154,4130,227,568.0,12552.0,169,8664.0,19576,7654,11474.0,121,3236,54,21.0,26,223,252.0,425.0,4789.0,14621.0,433.0,12520.0,13768.0,14749.0,1887.0,296.0,173.0,40760,11698,15875.0,72.0,17759,1281,77.0,41678,11628.0,185.0,104,144.0,21259.0,1763,3244
6,126.0,11365,15009,2052,15,50.0,17651,999,323,249,67.0,4816.0,4926,3527,54.0,62.0,153.0,129,8697,144,96,235,1457.0,161.0,233.0,110,609,181,238.0,9949.0,156,7601.0,16671,7755,10339.0,149,1958,53,10.0,12,209,146.0,350.0,3630.0,16876.0,225.0,8995.0,12349.0,9446.0,1684.0,232.0,106.0,30317,6481,6411.0,87.0,8630,1118,97.0,36368,8553.0,112.0,85,112.0,17202.0,1233,2897
7,127.0,13127,7369,9592,8,31.0,14017,622,256,112,64.0,4551.0,4165,2943,63.0,64.0,140.0,101,7686,93,25,105,1102.0,166.0,38.0,88,264,126,94.0,9300.0,81,6067.0,17600,5685,6817.0,59,1266,47,39.0,4,136,98.0,710.0,747.0,12090.0,177.0,5208.0,10897.0,8996.0,1042.0,126.0,125.0,24966,5473,4948.0,60.0,5830,767,60.0,32807,1088.0,79.0,26,68.0,10017.0,1831,600
8,34.0,9699,6142,19471,11,36.0,14202,382,268,200,44.0,5160.0,4904,2902,62.0,84.0,60.0,99,2720,77,20,149,711.0,168.0,19.0,51,96,92,98.0,5246.0,95,4918.0,19669,931,6335.0,38,937,40,14.0,416,134,143.0,1058.0,164.0,9489.0,130.0,3985.0,5304.0,8520.0,845.0,90.0,41.0,22384,3326,5503.0,22.0,5405,601,57.0,31085,663.0,54.0,24,45.0,8160.0,604,217
9,85.0,7852,5531,20060,15,47.0,10090,271,224,69,51.0,4849.0,365,3502,65.0,275.0,31.0,98,923,65,13,114,458.0,148.0,2673.0,49,87,56,69.0,3928.0,76,5138.0,13672,635,6069.0,40,725,38,9.0,818,63,146.0,585.0,109.0,8349.0,112.0,2773.0,4250.0,6768.0,859.0,90.0,18.0,19925,2456,6894.0,12.0,5421,428,40.0,27365,542.0,37.0,15,56.0,6241.0,387,204
10,71.0,7391,5681,18726,15,82.0,7781,224,271,46,29.0,810.0,268,965,69.0,98.0,34.0,112,884,30,12,80,315.0,124.0,34281.0,23,78,93,71.0,3529.0,73,6195.0,14476,464,1301.0,42,587,47,8.0,571,62,132.0,388.0,136.0,6710.0,79.0,2244.0,3828.0,8519.0,878.0,85.0,5.0,12374,3981,6118.0,19.0,5670,246,33.0,13502,544.0,42.0,17,55.0,5453.0,418,174
11,56.0,6301,4988,15943,9,89.0,7175,187,236,28,20.0,266.0,177,210,41.0,98.0,34.0,79,528,30,8,55,258.0,108.0,29894.0,23,73,79,56.0,2311.0,78,4747.0,6461,742,654.0,32,470,47,4.0,637,60,89.0,409.0,111.0,5611.0,92.0,2391.0,3375.0,7539.0,1093.0,59.0,8.0,11678,1420,5171.0,21.0,1801,381,49.0,9892,309.0,40.0,8,35.0,4948.0,392,147
12,42.0,6396,3664,14561,14,69.0,7686,148,206,25,61.0,172.0,148,238,59.0,158.0,38.0,63,543,27,11,33,203.0,102.0,20201.0,69,73,66,85.0,2059.0,67,466.0,3113,1494,496.0,26,395,70,15.0,625,53,134.0,239.0,87.0,2999.0,92.0,2349.0,4646.0,4125.0,652.0,55.0,13.0,7172,827,5977.0,26.0,196,238,31.0,7627,322.0,27.0,17,29.0,526.0,312,107
13,154.0,6116,3659,13769,3,45.0,6675,150,208,35,102.0,150.0,140,126,83.0,113.0,30.0,66,549,23,29,59,243.0,128.0,16641.0,133,77,73,68.0,1650.0,49,792.0,2443,662,372.0,27,338,44,6.0,474,47,86.0,219.0,72.0,1013.0,213.0,3853.0,3146.0,1637.0,474.0,44.0,12.0,5904,702,5732.0,17.0,133,148,33.0,6867,269.0,21.0,14,32.0,350.0,268,100
14,33.0,5576,3297,27809,11,30.0,5892,108,169,35,27.0,123.0,116,99,86.0,106.0,29.0,45,450,30,16,54,251.0,84.0,19394.0,106,78,79,86.0,1299.0,32,325.0,2287,477,289.0,17,282,33,12.0,545,50,50.0,176.0,76.0,628.0,118.0,1726.0,2716.0,159.0,320.0,66.0,14.0,5477,736,4815.0,37.0,111,163,27.0,10038,227.0,30.0,19,31.0,403.0,244,90
15,29.0,4557,2521,21056,5,37.0,5348,157,189,14,50.0,92.0,121,99,67.0,96.0,24.0,42,442,59,7,43,213.0,102.0,23154.0,63,46,146,106.0,1297.0,45,202.0,2441,481,237.0,14,371,40,12.0,418,59,53.0,154.0,48.0,592.0,69.0,1289.0,2062.0,86.0,328.0,52.0,7.0,4845,747,4050.0,30.0,92,132,21.0,8285,217.0,21.0,6,40.0,429.0,248,86
16,43.0,6135,2703,23357,11,46.0,4161,89,192,25,61.0,97.0,111,133,61.0,96.0,19.0,55,357,43,9,36,111.0,103.0,22558.0,36,36,101,137.0,1251.0,57,230.0,1950,384,272.0,13,303,34,76.0,455,47,230.0,256.0,50.0,489.0,72.0,1140.0,1878.0,89.0,243.0,34.0,10.0,4097,574,4143.0,25.0,127,146,23.0,5822,159.0,18.0,11,27.0,275.0,236,125
17,34.0,2362,2967,51891,12,46.0,3652,63,257,20,41.0,80.0,127,105,46.0,76.0,10.0,68,367,20,16,44,122.0,63.0,22254.0,26,41,101,215.0,1174.0,33,290.0,1607,314,256.0,18,285,40,53.0,445,49,597.0,181.0,86.0,393.0,58.0,1097.0,2565.0,58.0,274.0,26.0,19.0,3843,455,4564.0,26.0,122,103,28.0,5639,148.0,15.0,21,28.0,281.0,310,102
18,36.0,1598,2355,54082,7,50.0,3532,76,302,20,24.0,82.0,98,100,44.0,57.0,22.0,63,299,16,13,44,123.0,57.0,20211.0,20,77,64,185.0,1053.0,26,213.0,1327,268,218.0,15,222,38,41.0,480,70,282.0,170.0,53.0,484.0,54.0,1399.0,2078.0,55.0,357.0,42.0,16.0,3626,347,383.0,25.0,71,107,28.0,4870,160.0,23.0,18,27.0,204.0,200,88
19,27.0,1114,2064,34710,4,46.0,3384,74,252,10,28.0,80.0,114,89,42.0,55.0,13.0,41,281,50,7,39,114.0,67.0,16664.0,18,72,52,163.0,936.0,31,214.0,1238,230,279.0,14,239,26,45.0,375,37,191.0,246.0,79.0,391.0,49.0,1540.0,2118.0,43.0,409.0,26.0,23.0,2786,293,223.0,18.0,52,174,23.0,4248,189.0,15.0,19,24.0,221.0,189,71
20,24.0,1284,1741,22120,5,28.0,2882,95,221,15,20.0,74.0,103,90,44.0,69.0,17.0,49,388,24,15,42,124.0,48.0,13397.0,16,69,40,203.0,736.0,23,220.0,1138,282,267.0,24,219,27,31.0,438,41,186.0,156.0,78.0,399.0,38.0,2057.0,1874.0,46.0,694.0,28.0,11.0,2187,254,179.0,14.0,67,138,26.0,3945,179.0,12.0,2,22.0,164.0,128,74
21,38.0,1522,1113,10369,3,66.0,2564,174,176,18,19.0,110.0,64,98,35.0,40.0,28.0,57,330,9,63,46,127.0,54.0,13791.0,17,74,53,136.0,737.0,25,187.0,1403,202,203.0,17,198,28,41.0,375,79,91.0,198.0,171.0,399.0,36.0,1805.0,1761.0,52.0,496.0,28.0,18.0,2870,377,121.0,67.0,89,90,14.0,4039,306.0,15.0,6,29.0,232.0,112,68
22,43.0,1651,793,9246,7,30.0,4019,133,323,13,18.0,72.0,88,96,37.0,40.0,28.0,62,395,15,28,34,128.0,143.0,15778.0,15,56,38,3724.0,804.0,29,138.0,1443,252,235.0,12,179,29,31.0,413,42,88.0,263.0,118.0,417.0,51.0,1115.0,1320.0,84.0,319.0,30.0,14.0,4767,379,268.0,58.0,85,89,17.0,4593,171.0,20.0,11,32.0,228.0,103,66
23,42.0,1389,699,10269,9,32.0,1441,82,272,28,21.0,79.0,80,88,36.0,70.0,14.0,56,254,20,24,36,184.0,125.0,17423.0,26,59,27,3227.0,847.0,24,234.0,1392,243,242.0,16,198,33,28.0,481,38,71.0,234.0,78.0,357.0,206.0,940.0,1279.0,43.0,276.0,17.0,10.0,2752,412,187.0,40.0,89,97,18.0,4907,139.0,22.0,6,13.0,199.0,104,65
24,27.0,1077,718,6835,5,56.0,1659,75,233,16,25.0,75.0,71,106,63.0,50.0,10.0,41,268,14,21,30,124.0,63.0,17618.0,13,47,42,1598.0,797.0,33,204.0,1519,204,233.0,15,220,27,28.0,473,39,39.0,205.0,67.0,285.0,138.0,752.0,1297.0,30.0,289.0,27.0,14.0,2110,314,136.0,37.0,85,102,24.0,4322,140.0,12.0,6,29.0,158.0,117,64
25,22.0,913,716,2860,12,63.0,2026,110,218,17,11.0,95.0,84,79,42.0,52.0,9.0,32,260,24,23,29,90.0,49.0,15094.0,22,49,30,1054.0,594.0,28,165.0,2272,216,269.0,8,177,38,43.0,352,32,42.0,197.0,71.0,318.0,51.0,860.0,1763.0,26.0,241.0,27.0,13.0,1767,430,140.0,42.0,60,139,25.0,4174,158.0,19.0,7,20.0,154.0,104,77
26,29.0,889,886,2373,9,45.0,1743,632,239,15,19.0,83.0,64,71,29.0,53.0,24.0,77,380,18,16,31,125.0,55.0,9702.0,11,64,32,640.0,559.0,28,267.0,1427,143,231.0,11,183,27,18.0,439,40,39.0,192.0,44.0,387.0,51.0,870.0,1535.0,31.0,238.0,27.0,7.0,1536,268,115.0,21.0,89,111,16.0,3518,233.0,14.0,5,20.0,134.0,110,44
27,24.0,871,865,1812,4,32.0,1563,235,211,12,15.0,70.0,83,66,30.0,60.0,11.0,23,375,18,11,30,1060.0,52.0,8206.0,9,46,45,396.0,574.0,17,209.0,1012,154,186.0,14,167,35,22.0,319,44,49.0,230.0,64.0,401.0,37.0,827.0,1469.0,31.0,225.0,26.0,9.0,2021,197,77.0,23.0,94,109,20.0,2636,187.0,17.0,14,17.0,132.0,82,54
28,28.0,1210,694,1697,6,37.0,1580,184,208,16,24.0,64.0,47,55,45.0,65.0,14.0,38,332,14,8,33,250.0,49.0,8584.0,11,58,44,378.0,519.0,27,235.0,1056,185,175.0,9,141,41,40.0,323,36,38.0,170.0,50.0,405.0,39.0,987.0,1519.0,24.0,694.0,27.0,11.0,4167,182,73.0,22.0,49,108,16.0,2580,127.0,15.0,11,11.0,142.0,126,45
29,17.0,897,648,1923,6,42.0,1275,137,146,23,19.0,86.0,84,70,51.0,64.0,27.0,37,317,19,7,20,150.0,44.0,10024.0,13,53,34,275.0,616.0,26,181.0,1270,167,148.0,8,141,22,24.0,326,38,48.0,138.0,38.0,302.0,44.0,1090.0,1480.0,31.0,522.0,26.0,7.0,2679,233,65.0,20.0,70,184,21.0,2876,146.0,61.0,11,29.0,167.0,87,47
30,33.0,764,728,2057,11,40.0,906,113,111,16,19.0,80.0,91,75,36.0,63.0,14.0,37,335,19,10,29,107.0,61.0,13238.0,11,56,44,279.0,566.0,31,134.0,1598,195,199.0,13,182,42,17.0,733,33,40.0,168.0,36.0,322.0,51.0,1518.0,1408.0,29.0,483.0,42.0,12.0,2243,235,72.0,19.0,66,124,23.0,3284,130.0,25.0,15,17.0,192.0,51,40
31,21.0,743,1105,2740,6,47.0,1166,76,125,13,9.0,630.0,63,73,38.0,96.0,7.0,35,459,13,22,29,128.0,38.0,20591.0,9,53,36,222.0,667.0,24,152.0,1427,151,219.0,10,247,23,26.0,412,33,38.0,149.0,48.0,299.0,29.0,1491.0,1209.0,30.0,484.0,22.0,9.0,2004,165,204.0,21.0,74,99,14.0,3003,113.0,70.0,24,17.0,142.0,89,42
32,19.0,1054,1090,2077,7,39.0,1763,75,121,2,22.0,54.0,82,86,37.0,116.0,7.0,51,243,18,8,22,137.0,24.0,15480.0,13,97,52,193.0,538.0,21,237.0,1540,198,145.0,11,240,27,24.0,445,40,36.0,138.0,36.0,285.0,28.0,968.0,2696.0,26.0,315.0,25.0,10.0,1676,149,129.0,19.0,76,116,17.0,2828,102.0,85.0,11,31.0,114.0,95,30
33,29.0,694,816,1789,6,34.0,1746,54,110,11,8.0,51.0,80,75,29.0,130.0,5.0,127,272,12,12,22,104.0,29.0,9921.0,6,78,26,164.0,431.0,25,201.0,1378,202,222.0,12,158,39,16.0,361,40,36.0,124.0,56.0,277.0,92.0,1109.0,1285.0,30.0,289.0,15.0,6.0,1309,128,116.0,20.0,58,82,17.0,2754,119.0,56.0,13,32.0,132.0,66,31
34,48.0,741,720,1533,7,33.0,1719,64,94,14,7.0,64.0,59,56,28.0,182.0,12.0,57,251,17,17,18,120.0,28.0,7242.0,12,65,39,130.0,380.0,17,201.0,988,240,128.0,7,175,30,22.0,314,41,73.0,113.0,50.0,302.0,34.0,1091.0,1122.0,45.0,298.0,24.0,9.0,1166,103,84.0,32.0,54,135,13.0,2270,119.0,25.0,11,111.0,141.0,78,39
35,24.0,776,638,1357,7,37.0,5607,59,92,13,14.0,46.0,42,76,23.0,137.0,15.0,48,275,21,8,28,145.0,36.0,16585.0,7,47,32,147.0,356.0,6,263.0,984,224,96.0,8,146,32,25.0,263,31,211.0,131.0,43.0,407.0,24.0,1108.0,1089.0,17.0,332.0,34.0,17.0,1245,122,64.0,21.0,35,107,12.0,2812,147.0,37.0,12,109.0,116.0,97,37
36,22.0,689,565,1323,3,37.0,1800,130,84,11,16.0,49.0,52,81,39.0,105.0,15.0,37,298,18,13,28,131.0,29.0,31647.0,3,62,48,151.0,438.0,11,340.0,1313,208,132.0,8,122,29,21.0,291,49,150.0,91.0,45.0,329.0,15.0,942.0,1150.0,22.0,267.0,17.0,12.0,2106,172,75.0,14.0,40,75,14.0,2710,97.0,11.0,6,109.0,141.0,58,68
37,186.0,698,831,1534,4,45.0,1113,205,49,11,16.0,61.0,83,69,37.0,77.0,17.0,55,307,21,10,27,99.0,47.0,19895.0,7,44,34,121.0,436.0,16,260.0,1145,214,163.0,10,111,40,20.0,376,39,52.0,360.0,41.0,272.0,27.0,983.0,1032.0,19.0,220.0,22.0,8.0,1711,188,98.0,26.0,43,66,18.0,2758,93.0,18.0,15,88.0,147.0,77,77
38,13.0,688,515,1592,6,27.0,1240,133,54,12,17.0,52.0,45,67,31.0,61.0,11.0,34,344,19,4,31,100.0,45.0,12926.0,10,39,38,102.0,352.0,15,225.0,1062,174,276.0,9,137,22,30.0,220,39,31.0,167.0,41.0,246.0,25.0,1138.0,946.0,26.0,265.0,23.0,8.0,1528,166,85.0,34.0,49,66,12.0,2283,100.0,20.0,5,24.0,134.0,58,27
39,17.0,565,508,1293,6,21.0,1372,73,67,6,17.0,29.0,58,83,30.0,70.0,9.0,43,287,26,7,41,105.0,35.0,19961.0,2,51,49,118.0,301.0,20,199.0,1479,145,330.0,6,131,26,16.0,324,39,39.0,96.0,23.0,264.0,37.0,1016.0,904.0,23.0,249.0,12.0,7.0,1535,157,72.0,26.0,56,103,12.0,2186,194.0,22.0,27,16.0,167.0,72,49
40,16.0,1109,426,1330,3,20.0,1235,121,64,10,19.0,45.0,39,82,21.0,46.0,18.0,53,275,15,4,50,90.0,52.0,10299.0,11,44,31,119.0,336.0,23,174.0,1112,205,177.0,4,123,32,19.0,464,40,27.0,95.0,32.0,159.0,56.0,1191.0,873.0,22.0,172.0,19.0,11.0,2051,145,71.0,17.0,49,90,13.0,2145,97.0,24.0,15,16.0,171.0,76,71
41,15.0,1056,728,1191,19,20.0,1511,86,58,30,20.0,32.0,36,61,17.0,46.0,14.0,56,291,20,7,52,86.0,30.0,8476.0,8,46,29,112.0,248.0,14,164.0,839,168,145.0,11,158,32,24.0,380,37,31.0,80.0,44.0,190.0,49.0,958.0,1085.0,28.0,193.0,21.0,7.0,1260,95,48.0,16.0,49,93,16.0,2195,89.0,14.0,5,11.0,173.0,58,49
42,18.0,900,682,1009,2,30.0,1498,66,46,15,14.0,51.0,41,48,26.0,51.0,15.0,51,279,17,16,47,98.0,40.0,8761.0,6,39,21,79.0,333.0,21,162.0,813,175,113.0,16,107,31,34.0,316,33,25.0,61.0,18.0,197.0,24.0,921.0,1038.0,26.0,157.0,19.0,7.0,1320,135,39.0,23.0,22,80,18.0,1865,75.0,24.0,6,9.0,144.0,53,55
43,17.0,662,588,1107,6,24.0,1513,89,63,10,20.0,48.0,30,52,34.0,63.0,28.0,41,251,15,6,31,68.0,34.0,10300.0,4,39,21,122.0,330.0,35,130.0,886,455,120.0,9,99,18,18.0,319,52,35.0,67.0,26.0,143.0,21.0,1038.0,1175.0,44.0,136.0,12.0,9.0,1440,176,44.0,22.0,40,65,16.0,2065,87.0,26.0,10,13.0,196.0,56,38
44,14.0,597,612,2748,8,25.0,2433,79,52,8,19.0,57.0,56,98,22.0,70.0,15.0,54,287,13,8,34,80.0,43.0,10014.0,3,31,17,137.0,367.0,19,118.0,877,164,128.0,10,124,28,16.0,311,33,30.0,73.0,25.0,156.0,47.0,1080.0,855.0,30.0,235.0,24.0,9.0,1193,155,61.0,16.0,51,64,22.0,2027,88.0,13.0,5,9.0,180.0,56,59
45,21.0,570,446,1855,4,33.0,1891,92,42,5,11.0,40.0,46,150,26.0,68.0,12.0,29,247,25,7,38,71.0,56.0,24917.0,6,35,29,89.0,327.0,23,155.0,885,141,120.0,3,159,29,19.0,280,39,28.0,65.0,32.0,176.0,58.0,1488.0,918.0,21.0,191.0,19.0,6.0,1242,134,51.0,15.0,45,45,14.0,2008,75.0,34.0,6,17.0,137.0,51,47
46,28.0,560,541,1345,3,39.0,1543,65,50,3,13.0,43.0,35,70,18.0,44.0,12.0,35,239,24,8,51,73.0,51.0,8617.0,4,25,32,77.0,312.0,10,174.0,777,126,134.0,9,129,30,17.0,251,42,39.0,76.0,40.0,131.0,42.0,1432.0,761.0,20.0,178.0,23.0,2.0,1249,126,47.0,19.0,45,77,15.0,2032,99.0,13.0,11,19.0,167.0,37,37
47,12.0,652,495,1182,6,15.0,1545,119,45,11,18.0,30.0,41,71,17.0,43.0,17.0,24,271,14,1,28,93.0,33.0,7148.0,3,36,26,55.0,258.0,15,161.0,686,165,108.0,10,102,27,12.0,257,53,30.0,76.0,20.0,189.0,53.0,1365.0,626.0,14.0,181.0,19.0,14.0,1230,1145,47.0,14.0,39,79,16.0,1875,92.0,11.0,10,15.0,177.0,70,50
48,17.0,574,404,1045,5,28.0,1515,91,37,10,15.0,34.0,40,38,19.0,50.0,9.0,38,280,16,4,20,98.0,34.0,5706.0,3,38,38,64.0,289.0,19,172.0,595,371,93.0,16,98,27,13.0,387,40,49.0,58.0,30.0,195.0,27.0,1238.0,649.0,23.0,205.0,16.0,7.0,962,1993,42.0,16.0,37,54,11.0,1778,116.0,13.0,3,15.0,128.0,135,43
49,20.0,549,380,894,33,21.0,1576,61,35,10,16.0,48.0,28,54,19.0,53.0,13.0,38,236,10,7,22,78.0,54.0,6032.0,6,71,21,67.0,259.0,35,138.0,610,165,98.0,6,100,21,20.0,246,32,25.0,132.0,31.0,307.0,36.0,1260.0,698.0,20.0,139.0,20.0,12.0,1054,2604,34.0,16.0,44,55,14.0,2101,337.0,15.0,9,14.0,132.0,399,57
50,29.0,546,383,1374,18,12.0,1409,62,39,9,11.0,74.0,58,57,21.0,45.0,14.0,36,234,18,30,18,73.0,33.0,7261.0,7,50,20,82.0,394.0,17,106.0,507,118,106.0,3,296,32,11.0,252,38,35.0,101.0,24.0,223.0,22.0,1517.0,610.0,36.0,102.0,21.0,11.0,1063,3162,41.0,16.0,35,57,12.0,2324,159.0,14.0,9,8.0,132.0,263,41
51,19.0,524,364,1282,23,23.0,961,34,36,6,16.0,62.0,42,69,23.0,46.0,16.0,33,232,20,14,19,78.0,45.0,7480.0,3,31,23,90.0,324.0,19,131.0,713,134,106.0,4,404,19,14.0,295,30,15.0,65.0,37.0,189.0,47.0,1662.0,729.0,14.0,123.0,14.0,11.0,976,1592,42.0,27.0,32,54,10.0,2271,86.0,36.0,6,13.0,167.0,246,46
52,21.0,433,357,1165,13,22.0,1110,55,35,5,10.0,38.0,71,44,21.0,54.0,13.0,28,192,20,11,14,79.0,42.0,6671.0,7,49,24,150.0,769.0,15,142.0,856,163,105.0,7,220,26,24.0,230,28,32.0,72.0,43.0,236.0,63.0,1611.0,630.0,38.0,164.0,15.0,38.0,1039,972,55.0,17.0,50,63,11.0,2114,111.0,12.0,7,10.0,210.0,133,48
53,16.0,396,351,922,12,29.0,1274,56,44,4,15.0,41.0,31,59,22.0,71.0,15.0,30,125,10,4,24,64.0,29.0,5469.0,16,39,20,219.0,1025.0,25,120.0,725,131,82.0,16,161,16,14.0,210,33,26.0,83.0,43.0,241.0,37.0,1596.0,593.0,22.0,132.0,16.0,33.0,1014,772,52.0,18.0,45,69,11.0,2786,86.0,22.0,4,12.0,158.0,119,56
54,21.0,682,357,795,9,30.0,1228,62,40,9,11.0,46.0,37,46,21.0,67.0,15.0,33,159,21,5,18,64.0,29.0,6242.0,8,22,20,112.0,695.0,19,108.0,680,152,103.0,6,130,25,14.0,255,24,27.0,77.0,62.0,206.0,40.0,1458.0,594.0,21.0,162.0,21.0,17.0,909,620,48.0,16.0,22,81,18.0,2452,189.0,58.0,2,9.0,146.0,136,37
55,19.0,705,304,819,7,24.0,1118,42,37,5,13.0,42.0,44,25,16.0,184.0,9.0,29,132,13,5,23,74.0,29.0,6272.0,8,32,18,111.0,553.0,19,122.0,729,129,84.0,4,108,18,17.0,252,38,23.0,75.0,46.0,225.0,43.0,1227.0,736.0,19.0,151.0,11.0,17.0,690,371,51.0,13.0,29,39,13.0,1941,84.0,98.0,8,15.0,171.0,113,36
56,20.0,601,368,1010,2,24.0,763,53,40,8,14.0,47.0,42,44,27.0,94.0,16.0,28,128,16,8,25,62.0,24.0,8520.0,1,32,27,1689.0,452.0,18,97.0,650,112,94.0,6,129,25,12.0,295,142,26.0,84.0,28.0,173.0,23.0,1500.0,671.0,14.0,120.0,14.0,9.0,796,294,29.0,16.0,33,62,12.0,1823,127.0,69.0,5,15.0,144.0,81,38
57,25.0,564,455,917,1,21.0,771,56,28,9,11.0,44.0,63,45,27.0,80.0,11.0,27,117,16,5,11,88.0,35.0,8265.0,5,24,22,6400.0,412.0,21,98.0,725,122,81.0,11,90,27,14.0,286,202,16.0,72.0,23.0,173.0,25.0,1140.0,697.0,17.0,92.0,13.0,17.0,978,231,42.0,17.0,35,151,21.0,1920,99.0,47.0,9,11.0,155.0,53,49
58,30.0,473,298,1056,1,32.0,1205,56,31,10,14.0,55.0,74,55,15.0,64.0,18.0,35,102,19,11,25,93.0,42.0,8641.0,7,24,20,2847.0,376.0,18,123.0,770,122,92.0,5,92,30,14.0,191,84,22.0,72.0,25.0,157.0,44.0,1005.0,548.0,29.0,107.0,18.0,10.0,946,179,45.0,14.0,28,138,15.0,1763,89.0,21.0,8,11.0,139.0,50,57
59,44.0,448,3794,994,3,18.0,1063,56,23,5,10.0,50.0,54,56,27.0,65.0,16.0,19,138,24,7,12,75.0,25.0,8100.0,19,29,33,1144.0,479.0,15,127.0,654,110,100.0,7,114,24,15.0,192,56,24.0,53.0,36.0,140.0,76.0,1271.0,518.0,28.0,155.0,11.0,7.0,992,143,49.0,12.0,57,92,28.0,1644,61.0,15.0,7,15.0,170.0,30,50
60,21.0,395,1761,950,5,27.0,1291,43,19,10,10.0,27.0,31,62,24.0,69.0,19.0,30,116,22,5,12,62.0,32.0,7791.0,16,37,18,762.0,421.0,24,112.0,652,131,82.0,6,131,23,13.0,230,95,43.0,113.0,30.0,180.0,43.0,1119.0,470.0,26.0,138.0,11.0,10.0,911,174,47.0,17.0,50,102,12.0,1565,64.0,19.0,9,11.0,176.0,33,47
61,15.0,333,482,871,3,31.0,1240,44,25,10,6.0,25.0,44,30,26.0,55.0,11.0,23,132,13,7,15,64.0,23.0,6875.0,7,32,22,534.0,279.0,19,112.0,683,141,91.0,7,100,24,21.0,210,45,27.0,93.0,25.0,164.0,41.0,1052.0,471.0,16.0,254.0,26.0,12.0,917,98,51.0,13.0,43,76,19.0,1452,69.0,23.0,3,10.0,338.0,104,29
62,17.0,454,605,937,7,24.0,2621,46,14,15,8.0,38.0,41,41,14.0,72.0,21.0,23,160,15,4,20,84.0,31.0,6383.0,5,26,17,347.0,204.0,13,77.0,590,136,80.0,9,123,15,17.0,217,49,15.0,87.0,29.0,167.0,27.0,904.0,545.0,23.0,486.0,14.0,18.0,757,92,97.0,11.0,39,69,12.0,1546,93.0,46.0,12,5.0,174.0,67,43
63,30.0,411,686,1043,2,36.0,7562,102,29,6,20.0,32.0,42,40,24.0,60.0,18.0,33,124,9,10,29,47.0,27.0,6901.0,5,27,12,358.0,254.0,22,86.0,660,130,68.0,4,98,16,13.0,179,48,15.0,73.0,26.0,211.0,26.0,990.0,556.0,14.0,230.0,18.0,7.0,903,105,100.0,16.0,38,61,16.0,1793,60.0,30.0,4,5.0,145.0,33,44
64,19.0,397,927,1148,5,25.0,3965,66,32,8,16.0,46.0,29,33,22.0,33.0,13.0,34,122,12,11,21,73.0,48.0,8096.0,4,28,20,397.0,349.0,21,94.0,673,127,81.0,7,76,18,18.0,233,33,20.0,49.0,20.0,125.0,27.0,939.0,562.0,26.0,193.0,12.0,9.0,1009,111,62.0,18.0,52,49,17.0,1692,69.0,45.0,8,7.0,163.0,49,38
65,17.0,366,907,1173,3,31.0,2630,40,34,8,13.0,29.0,39,48,15.0,48.0,12.0,38,115,11,4,24,60.0,31.0,7607.0,5,30,19,409.0,331.0,25,108.0,719,102,88.0,8,94,15,22.0,201,48,27.0,118.0,13.0,100.0,47.0,922.0,608.0,19.0,176.0,10.0,11.0,878,142,63.0,13.0,51,64,9.0,1556,45.0,42.0,7,13.0,149.0,149,37
66,15.0,396,521,1246,6,18.0,3375,42,24,14,10.0,54.0,45,46,8.0,53.0,33.0,32,172,14,6,18,448.0,25.0,7366.0,3,21,13,524.0,348.0,11,118.0,693,106,75.0,9,106,21,16.0,216,36,15.0,76.0,31.0,121.0,31.0,1081.0,703.0,27.0,141.0,20.0,9.0,870,128,55.0,11.0,49,58,17.0,1516,43.0,37.0,4,13.0,153.0,88,35
67,29.0,373,438,1129,1,22.0,2957,55,25,13,6.0,37.0,37,37,31.0,39.0,28.0,33,136,15,2,14,330.0,37.0,7336.0,4,26,32,288.0,258.0,15,107.0,1115,123,98.0,9,158,19,17.0,208,39,15.0,81.0,30.0,142.0,27.0,927.0,612.0,24.0,161.0,15.0,11.0,1091,98,49.0,15.0,36,43,13.0,1688,177.0,26.0,10,15.0,184.0,107,29
68,184.0,326,370,1116,4,23.0,2348,51,32,9,20.0,20.0,36,48,19.0,39.0,17.0,25,151,14,3,12,108.0,30.0,6314.0,4,36,26,219.0,364.0,19,103.0,1677,123,69.0,5,127,20,20.0,208,39,24.0,80.0,32.0,145.0,28.0,939.0,452.0,20.0,143.0,12.0,7.0,998,109,39.0,14.0,41,67,17.0,1562,163.0,28.0,12,12.0,182.0,87,35
69,49.0,363,320,1223,11,24.0,1758,52,24,8,11.0,29.0,24,33,26.0,53.0,8.0,21,138,15,1,21,99.0,22.0,5164.0,3,31,24,146.0,259.0,16,83.0,798,133,72.0,5,113,21,16.0,176,36,26.0,63.0,31.0,136.0,33.0,815.0,601.0,13.0,152.0,12.0,7.0,744,96,51.0,13.0,37,69,25.0,1373,73.0,25.0,10,15.0,166.0,61,35
70,29.0,433,346,1024,17,16.0,1634,54,22,20,3.0,49.0,26,26,15.0,55.0,22.0,40,107,13,6,28,122.0,28.0,5356.0,5,26,23,122.0,320.0,14,75.0,786,99,60.0,3,103,20,17.0,169,40,15.0,61.0,37.0,120.0,17.0,797.0,703.0,21.0,125.0,23.0,24.0,767,93,23.0,14.0,30,49,17.0,1543,85.0,19.0,4,31.0,263.0,74,25
71,33.0,402,259,980,9,28.0,1436,39,21,12,14.0,70.0,23,37,13.0,52.0,18.0,43,75,10,5,20,92.0,25.0,8223.0,6,58,27,166.0,305.0,18,99.0,642,232,67.0,2,92,21,28.0,177,44,18.0,53.0,26.0,132.0,27.0,877.0,640.0,20.0,112.0,21.0,53.0,881,158,59.0,13.0,40,79,23.0,1421,79.0,53.0,9,7.0,164.0,49,42
72,20.0,354,211,956,6,21.0,987,37,19,10,8.0,42.0,35,43,27.0,37.0,9.0,25,103,19,2,28,87.0,45.0,7653.0,8,31,18,122.0,310.0,18,116.0,646,288,92.0,4,108,19,12.0,208,32,11.0,81.0,38.0,124.0,30.0,813.0,523.0,19.0,154.0,11.0,49.0,827,132,69.0,16.0,42,52,19.0,1459,68.0,13.0,10,7.0,159.0,47,53
73,20.0,347,216,950,5,17.0,1140,26,29,4,15.0,54.0,28,33,16.0,33.0,11.0,24,85,24,5,11,69.0,134.0,7124.0,4,23,24,121.0,249.0,23,141.0,738,197,105.0,8,101,25,14.0,162,30,11.0,108.0,25.0,115.0,23.0,844.0,581.0,18.0,325.0,12.0,47.0,1358,130,54.0,14.0,45,56,18.0,1470,48.0,31.0,7,10.0,151.0,38,48
74,12.0,339,280,840,2,31.0,1367,39,26,3,18.0,34.0,28,34,21.0,34.0,9.0,31,99,17,1,18,69.0,163.0,7089.0,5,36,19,70.0,711.0,22,109.0,707,202,84.0,4,85,23,22.0,197,23,26.0,85.0,30.0,108.0,19.0,847.0,532.0,19.0,840.0,8.0,41.0,703,116,48.0,12.0,40,40,13.0,1475,68.0,30.0,2,7.0,158.0,36,48
75,24.0,314,254,894,7,28.0,1218,48,17,7,10.0,52.0,29,50,20.0,41.0,18.0,23,136,14,5,16,63.0,70.0,6053.0,2,29,21,79.0,189.0,25,86.0,648,182,127.0,6,93,16,30.0,201,27,18.0,80.0,33.0,103.0,26.0,869.0,528.0,12.0,439.0,16.0,14.0,685,94,53.0,8.0,23,60,18.0,1179,68.0,14.0,11,13.0,143.0,31,30
76,17.0,444,294,934,19,25.0,1099,47,28,6,9.0,49.0,54,30,22.0,40.0,16.0,23,87,12,3,19,67.0,40.0,4930.0,5,20,30,90.0,218.0,19,101.0,646,190,118.0,6,95,14,22.0,238,36,17.0,64.0,34.0,84.0,21.0,854.0,648.0,25.0,292.0,14.0,18.0,669,80,48.0,14.0,27,73,9.0,1291,85.0,17.0,4,17.0,158.0,41,34
77,17.0,454,695,771,9,14.0,938,54,25,5,9.0,30.0,49,32,41.0,39.0,21.0,31,69,17,2,21,70.0,54.0,5028.0,3,29,27,92.0,271.0,15,120.0,667,130,74.0,7,93,18,28.0,218,23,11.0,59.0,31.0,101.0,28.0,769.0,760.0,15.0,184.0,9.0,14.0,593,89,39.0,16.0,27,125,10.0,1269,90.0,24.0,6,16.0,181.0,29,34
78,1309.0,406,1190,786,9,19.0,794,90,28,7,5.0,65.0,45,35,43.0,36.0,13.0,20,106,17,3,16,89.0,51.0,6387.0,4,30,19,102.0,237.0,12,106.0,714,158,74.0,7,90,32,18.0,192,21,18.0,75.0,28.0,120.0,30.0,884.0,593.0,16.0,162.0,17.0,25.0,769,170,52.0,13.0,18,94,10.0,1162,43.0,19.0,9,18.0,188.0,26,30
79,27.0,408,642,818,4,31.0,657,42,26,5,29.0,44.0,42,29,31.0,37.0,12.0,22,87,19,6,26,59.0,42.0,6211.0,4,24,18,106.0,240.0,13,158.0,865,104,57.0,5,89,21,20.0,176,24,18.0,110.0,32.0,117.0,27.0,765.0,491.0,12.0,151.0,26.0,9.0,857,220,51.0,13.0,26,48,22.0,1293,70.0,11.0,6,17.0,205.0,42,30
80,21.0,424,536,845,3,35.0,617,40,30,7,11.0,62.0,27,54,28.0,33.0,13.0,31,97,18,6,28,72.0,35.0,6088.0,3,26,21,113.0,290.0,11,124.0,989,116,66.0,3,90,10,17.0,164,22,16.0,92.0,40.0,91.0,22.0,949.0,1547.0,12.0,181.0,14.0,8.0,835,137,70.0,10.0,32,37,13.0,1319,99.0,9.0,15,13.0,232.0,34,34
81,18.0,363,1041,798,4,24.0,671,51,34,5,13.0,36.0,25,56,23.0,40.0,13.0,20,73,16,3,28,64.0,38.0,5926.0,5,26,19,106.0,359.0,19,137.0,875,108,76.0,6,117,22,24.0,184,29,15.0,144.0,48.0,86.0,36.0,1118.0,1238.0,16.0,192.0,12.0,9.0,831,113,55.0,8.0,31,45,12.0,1423,106.0,18.0,20,27.0,158.0,24,32
82,13.0,330,756,808,5,31.0,594,55,35,2,7.0,49.0,28,48,30.0,36.0,12.0,22,77,13,3,31,58.0,38.0,6643.0,8,18,22,96.0,383.0,13,113.0,711,132,93.0,8,105,18,19.0,161,29,26.0,160.0,37.0,84.0,41.0,941.0,564.0,8.0,402.0,13.0,14.0,702,76,66.0,16.0,25,42,15.0,1233,76.0,15.0,3,17.0,164.0,23,24
83,13.0,371,597,769,8,18.0,671,59,31,11,5.0,43.0,31,39,43.0,49.0,23.0,21,81,7,1,21,68.0,42.0,5372.0,5,23,20,62.0,231.0,18,171.0,614,128,72.0,3,87,16,24.0,155,25,22.0,158.0,24.0,114.0,33.0,804.0,464.0,26.0,311.0,13.0,16.0,584,83,46.0,18.0,14,52,5.0,1330,79.0,19.0,12,16.0,140.0,29,24
84,12.0,428,476,702,5,22.0,479,41,26,8,11.0,26.0,23,35,33.0,62.0,22.0,16,97,13,3,34,114.0,33.0,4416.0,3,25,20,66.0,168.0,19,196.0,798,122,56.0,4,92,19,18.0,194,25,25.0,104.0,37.0,143.0,23.0,931.0,554.0,98.0,197.0,14.0,8.0,744,702,31.0,13.0,22,36,5.0,1426,60.0,23.0,8,9.0,133.0,20,26
85,12.0,435,480,789,5,23.0,415,51,27,9,8.0,40.0,35,29,27.0,42.0,10.0,32,92,16,8,18,102.0,63.0,4445.0,5,19,22,97.0,226.0,15,143.0,1006,110,80.0,9,102,27,17.0,216,24,13.0,55.0,19.0,247.0,27.0,728.0,563.0,53.0,143.0,14.0,13.0,1110,659,48.0,21.0,25,61,7.0,1199,67.0,18.0,2,17.0,120.0,19,36
86,14.0,331,337,999,8,17.0,448,24,20,8,5.0,39.0,37,29,30.0,36.0,18.0,37,70,33,2,23,66.0,71.0,5119.0,5,28,25,82.0,201.0,16,143.0,805,97,67.0,8,83,17,17.0,215,29,9.0,85.0,20.0,111.0,24.0,748.0,539.0,36.0,161.0,23.0,9.0,881,435,70.0,9.0,30,46,17.0,1420,63.0,25.0,6,7.0,105.0,29,29
87,12.0,389,292,909,5,32.0,460,35,22,12,5.0,29.0,36,77,22.0,40.0,15.0,38,68,12,4,15,72.0,32.0,6488.0,4,34,24,101.0,210.0,13,143.0,763,126,72.0,6,88,21,15.0,210,24,5.0,93.0,23.0,109.0,42.0,872.0,561.0,23.0,143.0,11.0,6.0,742,289,67.0,7.0,28,50,10.0,1487,68.0,27.0,7,9.0,146.0,15,23
88,18.0,612,344,769,4,29.0,502,50,34,7,6.0,41.0,46,46,20.0,39.0,13.0,27,63,17,4,19,82.0,67.0,7126.0,5,63,22,73.0,235.0,13,146.0,867,160,96.0,5,94,25,17.0,226,25,34.0,78.0,22.0,94.0,24.0,808.0,583.0,17.0,198.0,17.0,4.0,721,194,77.0,11.0,22,40,11.0,1496,69.0,11.0,9,9.0,155.0,29,33
89,19.0,2945,320,825,10,16.0,667,45,19,4,18.0,27.0,34,40,24.0,49.0,13.0,46,142,14,5,25,64.0,418.0,7578.0,7,32,23,63.0,199.0,11,125.0,691,147,92.0,9,66,17,18.0,239,36,29.0,80.0,28.0,80.0,48.0,661.0,498.0,23.0,176.0,17.0,7.0,718,154,73.0,8.0,20,37,13.0,1391,177.0,27.0,4,9.0,137.0,23,32
90,86.0,1996,361,1255,2,28.0,532,51,25,6,21.0,20.0,31,47,32.0,36.0,15.0,79,91,20,1,18,80.0,514.0,9328.0,4,30,18,70.0,136.0,14,117.0,579,181,81.0,5,75,19,15.0,209,29,13.0,86.0,30.0,103.0,33.0,614.0,552.0,34.0,155.0,15.0,12.0,685,158,57.0,13.0,35,89,8.0,1302,81.0,20.0,10,9.0,231.0,31,19
91,92.0,1625,283,1340,3,31.0,541,26,26,5,15.0,32.0,39,36,29.0,53.0,17.0,107,67,15,10,18,106.0,300.0,9348.0,10,30,24,64.0,148.0,8,95.0,615,139,62.0,8,74,16,12.0,244,21,18.0,122.0,24.0,107.0,32.0,658.0,9616.0,19.0,131.0,16.0,11.0,705,167,44.0,12.0,58,66,14.0,1477,71.0,12.0,11,8.0,244.0,17,30
92,43.0,1519,290,972,7,43.0,740,31,28,8,19.0,44.0,36,39,34.0,37.0,15.0,62,115,15,3,12,73.0,236.0,8020.0,3,26,15,90.0,184.0,13,125.0,744,143,57.0,67,55,15,11.0,222,35,17.0,70.0,24.0,94.0,60.0,723.0,5916.0,17.0,109.0,28.0,8.0,797,156,72.0,27.0,25,327,14.0,1495,62.0,18.0,10,15.0,193.0,20,32
93,31.0,1499,232,897,9,19.0,724,29,21,4,14.0,38.0,34,27,36.0,36.0,16.0,29,96,16,2,25,62.0,138.0,7188.0,5,29,24,72.0,247.0,15,114.0,730,124,74.0,78,75,22,22.0,287,31,15.0,64.0,20.0,102.0,28.0,734.0,3161.0,20.0,101.0,16.0,7.0,891,157,47.0,14.0,18,202,6.0,1475,82.0,54.0,7,23.0,168.0,23,22
94,28.0,1116,229,879,7,24.0,751,40,14,8,22.0,35.0,49,51,13.0,41.0,8.0,22,95,14,6,19,65.0,82.0,6534.0,2,29,24,64.0,204.0,13,100.0,812,114,47.0,68,85,19,19.0,441,31,19.0,68.0,38.0,255.0,24.0,814.0,1824.0,18.0,128.0,19.0,13.0,769,153,61.0,11.0,22,101,5.0,1403,60.0,33.0,2,13.0,158.0,16,19
95,14.0,834,305,1078,6,18.0,1192,38,23,7,16.0,28.0,30,39,21.0,30.0,11.0,34,92,28,7,18,55.0,93.0,6059.0,3,23,17,81.0,167.0,21,112.0,731,129,64.0,48,83,16,18.0,234,29,28.0,85.0,27.0,330.0,38.0,663.0,1327.0,22.0,152.0,34.0,2.0,1164,122,44.0,13.0,36,84,4.0,1585,59.0,1821.0,4,15.0,142.0,27,20
96,31.0,609,277,990,5,30.0,1297,35,22,10,22.0,25.0,34,54,24.0,34.0,13.0,34,84,21,2,18,36.0,137.0,5977.0,2,69,10,74.0,200.0,14,115.0,540,156,53.0,39,104,17,20.0,211,31,22.0,81.0,25.0,278.0,37.0,768.0,965.0,23.0,140.0,12.0,13.0,1484,108,40.0,13.0,26,61,3.0,1294,49.0,56.0,4,9.0,162.0,24,21
97,19.0,742,287,980,4,16.0,1130,43,22,7,19.0,21.0,41,45,32.0,90.0,18.0,46,69,15,4,20,57.0,107.0,5020.0,4,28,26,52.0,136.0,18,105.0,696,113,77.0,42,95,25,18.0,353,25,21.0,69.0,15.0,562.0,29.0,822.0,1722.0,30.0,217.0,13.0,29.0,842,79,39.0,15.0,27,53,14.0,1127,83.0,27.0,5,10.0,156.0,27,21
98,37.0,643,241,881,5,32.0,876,31,21,7,17.0,23.0,28,33,33.0,47.0,12.0,60,82,14,4,20,49.0,91.0,5372.0,7,17,21,61.0,152.0,15,99.0,747,133,69.0,22,84,30,9.0,275,28,17.0,87.0,23.0,238.0,20.0,772.0,1118.0,18.0,116.0,17.0,33.0,825,98,39.0,9.0,21,56,7.0,1325,58.0,24.0,4,18.0,179.0,30,27
99,22.0,1362,321,887,3,16.0,910,33,19,2,17.0,27.0,31,37,22.0,25.0,9.0,75,68,16,2,20,44.0,73.0,5394.0,3,44,15,55.0,216.0,15,121.0,1157,157,92.0,23,89,17,18.0,227,28,18.0,75.0,15.0,207.0,22.0,880.0,979.0,17.0,153.0,23.0,15.0,794,97,51.0,12.0,35,44,12.0,1408,74.0,18.0,7,8.0,197.0,32,21
100,29.0,842,189,958,7,22.0,586,30,20,6,17.0,35.0,37,37,21.0,24.0,14.0,85,87,18,5,12,62.0,72.0,5174.0,3,23,20,46.0,215.0,16,130.0,811,261,73.0,22,63,16,14.0,173,23,21.0,82.0,16.0,157.0,27.0,902.0,747.0,17.0,101.0,24.0,10.0,710,121,61.0,13.0,20,43,24.0,1444,53.0,16.0,3,13.0,201.0,27,20
101,16.0,592,199,1177,11,32.0,581,39,19,11,18.0,28.0,36,35,33.0,24.0,17.0,47,77,21,4,16,46.0,57.0,5531.0,1,15,18,54.0,182.0,13,109.0,1862,191,73.0,12,94,17,13.0,187,26,15.0,92.0,23.0,163.0,42.0,1346.0,822.0,41.0,104.0,12.0,12.0,802,129,50.0,25.0,21,41,7.0,1368,46.0,23.0,8,14.0,207.0,23,14
102,28.0,578,251,1195,5,66.0,679,39,16,8,21.0,48.0,36,31,25.0,26.0,10.0,61,70,16,3,12,70.0,49.0,5625.0,7,17,18,56.0,158.0,15,92.0,17857,213,68.0,7,76,18,18.0,229,26,14.0,98.0,21.0,149.0,24.0,960.0,817.0,34.0,94.0,14.0,7.0,1151,80,57.0,9.0,37,35,14.0,1525,50.0,13.0,4,28.0,267.0,15,40
103,21.0,543,284,1460,7,57.0,708,41,22,7,21.0,37.0,28,38,24.0,30.0,15.0,50,96,11,5,22,36.0,43.0,5491.0,5,22,19,39.0,149.0,24,102.0,73650,172,60.0,13,60,17,14.0,226,23,11.0,116.0,28.0,135.0,46.0,942.0,808.0,18.0,140.0,15.0,7.0,1159,106,50.0,14.0,26,28,11.0,2431,55.0,9.0,6,15.0,228.0,28,22
104,11.0,574,225,1063,5,37.0,691,37,25,7,24.0,28.0,37,24,25.0,27.0,20.0,46,77,15,2,17,72.0,31.0,7251.0,2,8,21,40.0,157.0,20,85.0,11625,156,60.0,9,74,20,14.0,186,24,80.0,77.0,25.0,122.0,23.0,862.0,780.0,21.0,107.0,17.0,9.0,756,70,67.0,9.0,19,45,9.0,1505,69.0,18.0,8,10.0,493.0,20,16
105,16.0,527,342,998,10,26.0,620,48,23,3,26.0,38.0,16,36,28.0,27.0,10.0,49,93,138,2,25,64.0,37.0,6642.0,4,21,14,49.0,173.0,23,111.0,8882,132,57.0,15,73,25,19.0,236,28,39.0,67.0,12.0,94.0,26.0,712.0,976.0,20.0,211.0,20.0,16.0,747,81,42.0,15.0,42,30,8.0,2455,53.0,9.0,6,13.0,350.0,13,34
106,20.0,496,282,933,14,33.0,608,38,18,5,14.0,27.0,23,36,27.0,26.0,12.0,67,57,204,5,24,107.0,38.0,6308.0,2,34,16,75.0,165.0,18,121.0,7725,151,67.0,10,80,20,11.0,204,27,28.0,88.0,14.0,129.0,11.0,692.0,956.0,14.0,1447.0,16.0,8.0,939,107,48.0,14.0,25,35,8.0,1946,57.0,8.0,13,11.0,322.0,32,29
107,18.0,457,161,1087,15,36.0,4314,31,17,22,17.0,32.0,33,35,21.0,22.0,15.0,45,61,221,4,43,52.0,37.0,6556.0,5,18,13,124.0,158.0,25,96.0,6691,114,51.0,11,72,17,18.0,201,28,45.0,352.0,26.0,73.0,26.0,689.0,798.0,9.0,373.0,7.0,6.0,903,103,51.0,18.0,31,23,4.0,1591,41.0,13.0,6,14.0,203.0,20,20
108,13.0,512,196,1054,9,42.0,1742,33,18,9,19.0,18.0,37,48,30.0,19.0,9.0,2,77,149,9,59,56.0,42.0,6485.0,6,23,16,63.0,146.0,22,136.0,6822,117,87.0,8,78,15,20.0,274,29,40.0,456.0,13.0,113.0,35.0,668.0,643.0,12.0,313.0,19.0,9.0,745,105,50.0,13.0,21,32,8.0,1376,49.0,19.0,8,19.0,272.0,24,19
109,22.0,872,221,824,4,21.0,642,52,18,12,22.0,26.0,36,33,26.0,24.0,17.0,12,82,140,3,200,58.0,49.0,6782.0,3,18,13,68.0,197.0,17,101.0,9082,124,71.0,10,76,23,22.0,466,29,22.0,132.0,22.0,106.0,27.0,638.0,948.0,18.0,254.0,17.0,16.0,784,88,66.0,16.0,27,20,22.0,1405,44.0,10.0,6,5.0,233.0,28,44
110,24.0,650,226,792,9,29.0,517,30,30,3,20.0,48.0,28,38,19.0,30.0,10.0,56,79,85,7,251,49.0,47.0,8569.0,9,19,13,89.0,150.0,16,90.0,9406,131,69.0,9,84,21,24.0,250,39,18.0,103.0,20.0,114.0,30.0,603.0,763.0,16.0,211.0,7.0,6.0,635,80,55.0,13.0,23,44,7.0,1181,48.0,18.0,12,6.0,231.0,22,37
111,27.0,557,380,725,6,35.0,599,17,21,7,17.0,36.0,33,37,20.0,25.0,12.0,61,84,51,5,244,82.0,42.0,8069.0,7,30,19,82.0,149.0,21,100.0,8748,146,67.0,7,72,19,20.0,273,31,30.0,77.0,23.0,95.0,50.0,614.0,650.0,27.0,170.0,6.0,13.0,530,65,55.0,11.0,21,39,8.0,1113,40.0,14.0,7,5.0,177.0,19,20
112,17.0,623,310,764,6,24.0,526,43,21,4,17.0,33.0,71,47,15.0,24.0,14.0,61,64,33,1,136,77.0,56.0,6367.0,7,29,14,70.0,143.0,11,70.0,8058,131,61.0,9,75,15,21.0,297,30,12.0,73.0,12.0,85.0,29.0,570.0,685.0,15.0,151.0,14.0,13.0,613,81,50.0,17.0,29,33,3.0,1415,46.0,15.0,6,8.0,185.0,23,26
113,34.0,476,263,755,6,18.0,530,51,16,3,19.0,45.0,960,39,18.0,27.0,14.0,65,82,51,5,30,63.0,40.0,6629.0,10,31,19,70.0,167.0,19,149.0,6582,113,74.0,9,110,19,14.0,258,21,98.0,60.0,18.0,107.0,39.0,609.0,726.0,12.0,133.0,22.0,7.0,616,89,51.0,16.0,19,30,8.0,1475,56.0,13.0,7,9.0,209.0,29,31
114,32.0,444,131,858,5,25.0,574,30,31,1,23.0,33.0,322,46,22.0,31.0,13.0,52,92,50,1,24,61.0,39.0,7130.0,8,19,20,86.0,863.0,14,179.0,5599,116,58.0,4,98,18,14.0,257,23,66.0,77.0,32.0,87.0,45.0,506.0,540.0,22.0,137.0,12.0,7.0,662,95,39.0,12.0,21,22,5.0,1309,48.0,13.0,9,15.0,168.0,30,42
115,12.0,387,196,832,7,21.0,476,22,17,5,14.0,37.0,166,25,21.0,16.0,8.0,47,78,43,4,20,61.0,29.0,7159.0,1,20,16,66.0,583.0,8,137.0,15378,101,55.0,6,104,18,18.0,263,32,31.0,73.0,11.0,102.0,63.0,466.0,504.0,17.0,140.0,7.0,5.0,606,93,46.0,11.0,32,33,10.0,1247,55.0,10.0,7,14.0,159.0,27,22
116,18.0,438,220,1091,6,26.0,547,22,15,0,18.0,36.0,119,31,20.0,15.0,10.0,58,53,44,2,12,61.0,43.0,7117.0,5,25,19,56.0,397.0,13,133.0,8451,109,61.0,5,90,19,18.0,201,33,24.0,82.0,15.0,90.0,30.0,530.0,535.0,40.0,121.0,16.0,4.0,548,112,50.0,16.0,26,42,9.0,1217,47.0,15.0,5,13.0,147.0,24,14
117,16.0,319,5492,1377,5,35.0,498,34,28,9,22.0,49.0,83,36,14.0,14.0,20.0,43,96,39,8,22,59.0,26.0,6348.0,4,18,20,44.0,357.0,10,119.0,5354,206,50.0,8,94,17,15.0,182,31,31.0,86.0,16.0,104.0,21.0,612.0,512.0,27.0,110.0,18.0,6.0,624,78,28.0,17.0,20,32,9.0,1183,41.0,14.0,2,10.0,206.0,24,17
118,9.0,335,618,873,4,24.0,551,26,19,5,22.0,41.0,97,33,22.0,24.0,13.0,34,96,23,5,12,68.0,23.0,5661.0,3,19,19,51.0,343.0,16,101.0,4685,172,49.0,6,71,21,18.0,182,20,16.0,116.0,18.0,94.0,24.0,570.0,541.0,22.0,96.0,22.0,5.0,635,63,33.0,7.0,26,34,9.0,1111,57.0,8.0,16,5.0,168.0,34,38
119,33.0,405,506,799,3,18.0,603,27,21,11,19.0,1181.0,131,37,21.0,25.0,11.0,39,91,34,5,14,74.0,31.0,6451.0,2,11,29,53.0,382.0,35,109.0,4328,139,51.0,7,86,19,16.0,191,25,13.0,50.0,17.0,80.0,36.0,599.0,530.0,24.0,91.0,23.0,16.0,676,96,38.0,14.0,31,27,4.0,1332,51.0,13.0,13,7.0,153.0,25,35
120,41.0,424,322,858,5,23.0,762,36,22,4,34.0,965.0,79,27,20.0,25.0,13.0,38,72,24,6,13,73.0,25.0,19974.0,6,20,26,51.0,682.0,20,110.0,4459,137,48.0,5,71,12,12.0,180,35,16.0,40.0,22.0,78.0,30.0,565.0,600.0,27.0,90.0,14.0,14.0,711,120,36.0,14.0,33,34,5.0,1818,64.0,18.0,4,14.0,171.0,34,88
121,31.0,340,1069,893,6,23.0,435,33,17,15,17.0,380.0,111,101,37.0,30.0,24.0,64,84,33,5,20,64.0,46.0,7194.0,6,21,17,66.0,591.0,19,125.0,4256,146,51.0,4,109,23,17.0,191,28,12.0,308.0,19.0,83.0,53.0,509.0,520.0,11.0,81.0,10.0,10.0,542,78,46.0,14.0,25,14,8.0,1355,67.0,10.0,8,5.0,237.0,24,41
122,33.0,349,953,1054,3,18.0,414,38,21,7,9.0,241.0,138,62,28.0,26.0,26.0,55,107,24,6,10,62.0,21.0,8531.0,4,16,16,49.0,359.0,21,125.0,4958,146,58.0,6,96,20,21.0,228,26,23.0,310.0,18.0,79.0,47.0,539.0,538.0,8.0,128.0,25.0,14.0,591,96,38.0,19.0,40,35,12.0,1194,59.0,14.0,5,12.0,224.0,18,30
123,13.0,302,993,874,7,26.0,1089,71,16,8,14.0,323.0,81,45,26.0,26.0,16.0,40,72,29,4,12,53.0,31.0,7225.0,6,33,17,55.0,280.0,15,118.0,3943,161,54.0,5,70,28,15.0,210,23,13.0,112.0,17.0,65.0,62.0,576.0,539.0,13.0,110.0,23.0,12.0,610,93,43.0,18.0,36,51,19.0,1180,44.0,18.0,6,17.0,200.0,47,22
124,16.0,274,1190,832,13,21.0,568,44,19,9,23.0,210.0,45,42,27.0,14.0,8.0,55,94,25,5,21,40.0,18.0,6285.0,3,28,15,50.0,190.0,10,97.0,3150,172,54.0,4,75,29,20.0,157,29,20.0,102.0,14.0,59.0,47.0,599.0,503.0,13.0,112.0,16.0,11.0,707,129,49.0,19.0,22,66,8.0,1313,35.0,10.0,6,10.0,204.0,78,33
125,19.0,317,1266,748,9,30.0,502,23,43,6,13.0,134.0,52,32,16.0,35.0,21.0,38,119,25,3,35,52.0,28.0,8189.0,8,15,17,54.0,243.0,19,87.0,2521,146,34.0,8,69,39,17.0,190,20,18.0,83.0,11.0,142.0,53.0,508.0,706.0,18.0,85.0,20.0,14.0,671,85,38.0,9.0,25,40,6.0,1423,71.0,11.0,9,3.0,223.0,54,24
126,13.0,350,2327,551,7,30.0,522,37,29,5,25.0,107.0,35,32,18.0,33.0,18.0,49,107,28,3,27,59.0,35.0,5905.0,3,20,20,39.0,685.0,18,100.0,2392,134,44.0,4,70,24,12.0,204,27,25.0,71.0,12.0,223.0,20.0,543.0,790.0,19.0,80.0,17.0,9.0,552,64,32.0,14.0,22,51,6.0,1281,38.0,13.0,5,8.0,205.0,54,17
127,9.0,359,5247,748,5,25.0,418,27,16,13,23.0,143.0,41,42,39.0,26.0,6.0,47,88,14,7,49,48.0,32.0,5606.0,4,18,16,54.0,516.0,11,120.0,2629,125,30.0,5,79,21,17.0,198,22,21.0,53.0,11.0,132.0,37.0,563.0,579.0,12.0,86.0,15.0,9.0,621,74,37.0,16.0,34,28,9.0,1283,96.0,24.0,6,10.0,166.0,42,31
128,15.0,317,3268,997,2,26.0,319,35,21,12,19.0,115.0,41,38,57.0,28.0,9.0,51,94,12,2,25,46.0,21.0,5565.0,7,18,17,48.0,458.0,17,120.0,2556,130,61.0,9,83,24,12.0,156,23,24.0,61.0,25.0,111.0,48.0,1663.0,469.0,22.0,76.0,14.0,7.0,663,85,26.0,13.0,22,29,3.0,1249,82.0,13.0,10,5.0,188.0,30,24
129,8.0,377,2015,948,4,23.0,326,21,19,9,16.0,98.0,46,57,36.0,15.0,11.0,54,77,20,2,34,51.0,32.0,5454.0,1,18,17,58.0,316.0,40,93.0,3431,141,55.0,8,74,23,18.0,199,26,91.0,60.0,19.0,86.0,66.0,1426.0,819.0,19.0,79.0,23.0,5.0,685,97,30.0,11.0,26,27,6.0,1183,62.0,16.0,9,9.0,169.0,21,20
130,12.0,282,1092,712,5,40.0,420,56,16,8,14.0,69.0,39,55,23.0,21.0,6.0,53,94,15,3,17,42.0,52.0,5664.0,1,13,13,51.0,244.0,15,129.0,3567,143,51.0,0,72,21,10.0,188,14,28.0,49.0,14.0,114.0,44.0,1304.0,685.0,25.0,68.0,14.0,11.0,579,111,44.0,9.0,21,32,5.0,1314,47.0,13.0,8,8.0,165.0,25,12
131,11.0,305,1032,745,7,52.0,429,32,17,16,17.0,52.0,39,44,20.0,21.0,12.0,46,85,36,5,21,61.0,67.0,4919.0,6,13,19,40.0,191.0,12,128.0,2607,133,61.0,12,65,32,11.0,202,23,24.0,45.0,23.0,128.0,49.0,1267.0,460.0,18.0,96.0,14.0,12.0,601,76,33.0,6.0,19,39,6.0,1040,55.0,12.0,6,7.0,145.0,46,29
132,18.0,331,598,637,2,29.0,489,34,28,3,12.0,47.0,65,30,25.0,36.0,14.0,43,66,15,5,20,65.0,40.0,5252.0,3,13,19,47.0,184.0,15,142.0,1789,187,58.0,6,72,26,14.0,172,20,29.0,48.0,20.0,120.0,44.0,1028.0,492.0,21.0,114.0,18.0,7.0,539,57,37.0,13.0,35,31,9.0,1089,52.0,11.0,7,7.0,155.0,45,22
133,11.0,351,338,574,6,34.0,457,36,27,17,23.0,48.0,39,26,20.0,25.0,12.0,49,78,14,4,16,60.0,24.0,5045.0,4,7,12,44.0,239.0,16,111.0,1804,139,53.0,10,78,21,15.0,160,114,22.0,69.0,22.0,120.0,55.0,765.0,501.0,19.0,79.0,19.0,13.0,567,69,47.0,20.0,20,43,5.0,20502,48.0,14.0,3,6.0,149.0,38,25
134,19.0,378,293,704,5,24.0,514,39,22,10,23.0,49.0,270,34,25.0,29.0,14.0,55,109,24,5,17,58.0,38.0,5642.0,8,12,17,43.0,261.0,13,93.0,2341,147,42.0,13,57,24,16.0,179,110,27.0,49.0,15.0,118.0,30.0,941.0,441.0,17.0,66.0,22.0,2.0,533,86,36.0,10.0,31,20,3.0,2860,43.0,13.0,13,13.0,189.0,31,25
135,19.0,342,532,741,9,30.0,574,32,24,7,20.0,44.0,213,44,27.0,28.0,14.0,55,98,18,4,22,54.0,119.0,5427.0,14,15,19,58.0,254.0,15,100.0,2629,147,48.0,10,67,17,10.0,178,70,24.0,59.0,25.0,102.0,42.0,843.0,436.0,25.0,56.0,25.0,20.0,634,71,41.0,8.0,46,25,2.0,2162,49.0,20.0,23,12.0,137.0,15,18
136,9.0,482,564,759,10,28.0,454,24,14,7,22.0,51.0,118,56,22.0,24.0,10.0,58,73,24,5,22,59.0,82.0,10621.0,7,9,19,88.0,567.0,15,133.0,3169,127,60.0,8,75,23,12.0,152,72,27.0,42.0,30.0,78.0,35.0,759.0,470.0,21.0,81.0,12.0,14.0,553,74,41.0,9.0,54,34,7.0,1879,45.0,10.0,28,7.0,165.0,26,27
137,22.0,370,534,724,7,32.0,466,22,27,8,13.0,51.0,96,50,26.0,26.0,11.0,36,71,17,8,21,57.0,49.0,49483.0,4,21,13,52.0,474.0,16,135.0,2839,115,48.0,10,81,17,19.0,156,45,23.0,55.0,24.0,110.0,32.0,928.0,430.0,13.0,79.0,21.0,12.0,544,79,35.0,3.0,37,35,2.0,1475,53.0,21.0,12,7.0,151.0,24,16
138,7.0,340,629,624,7,24.0,478,35,29,6,13.0,80.0,89,50,25.0,24.0,10.0,53,85,44,6,25,63.0,61.0,40212.0,3,11,13,52.0,262.0,14,161.0,2585,151,36.0,3,63,21,20.0,178,45,30.0,44.0,13.0,83.0,40.0,928.0,408.0,20.0,76.0,14.0,8.0,477,61,36.0,3.0,31,45,2.0,1379,77.0,20.0,13,7.0,165.0,31,28
139,14.0,313,936,715,8,25.0,508,28,25,7,41.0,64.0,72,46,22.0,28.0,9.0,36,87,24,4,29,81.0,42.0,24712.0,10,18,11,45.0,220.0,15,106.0,3470,146,36.0,4,76,17,27.0,153,40,16.0,56.0,26.0,93.0,41.0,832.0,386.0,19.0,56.0,8.0,9.0,425,74,27.0,10.0,21,38,3.0,1132,90.0,29.0,19,9.0,133.0,26,17
140,10.0,334,3409,3542,4,23.0,556,27,16,8,26.0,56.0,46,38,24.0,27.0,7.0,39,77,21,5,25,78.0,42.0,21873.0,10,13,15,40.0,183.0,14,133.0,3864,133,47.0,2,67,17,18.0,182,45,27.0,44.0,26.0,91.0,39.0,804.0,654.0,12.0,72.0,17.0,17.0,442,68,54.0,8.0,24,40,1.0,1255,95.0,20.0,10,8.0,124.0,38,30
141,14.0,307,2518,2007,4,20.0,555,37,29,9,36.0,40.0,35,58,21.0,23.0,5.0,49,72,22,7,26,70.0,47.0,19121.0,394,11,20,60.0,952.0,16,145.0,3426,124,36.0,5,61,22,24.0,154,30,15.0,35.0,27.0,74.0,30.0,717.0,1054.0,31.0,73.0,20.0,5.0,450,87,46.0,12.0,17,41,4.0,1401,84.0,21.0,10,7.0,161.0,31,15
142,10.0,339,1852,1382,10,15.0,372,27,23,7,16.0,49.0,47,46,22.0,25.0,9.0,55,80,29,6,19,59.0,39.0,18383.0,545,56,16,42.0,523.0,18,144.0,3441,81,54.0,3,60,20,17.0,135,34,25.0,35.0,16.0,63.0,38.0,557.0,611.0,16.0,73.0,16.0,8.0,511,77,55.0,6.0,26,36,7.0,1341,65.0,12.0,7,6.0,150.0,27,29
143,16.0,337,1423,2597,5,25.0,514,65,31,7,16.0,20.0,54,47,24.0,23.0,4.0,82,100,23,2,21,58.0,42.0,20434.0,678,10,10,38.0,298.0,19,134.0,3059,81,38.0,3,87,17,16.0,172,38,22.0,52.0,24.0,85.0,26.0,600.0,532.0,24.0,82.0,13.0,13.0,433,93,44.0,5.0,36,44,4.0,1503,153.0,17.0,9,13.0,139.0,37,31
144,13.0,320,5952,2745,9,23.0,1138,32,19,15,19.0,33.0,43,38,22.0,21.0,8.0,79,71,16,3,30,63.0,34.0,21627.0,574,15,14,38.0,253.0,10,105.0,2543,118,106.0,3,106,20,24.0,149,37,9.0,35.0,38.0,68.0,21.0,1070.0,884.0,15.0,96.0,30.0,4.0,545,98,35.0,9.0,33,29,3.0,1364,688.0,6.0,6,5.0,144.0,39,18
145,14.0,315,1755,1729,5,19.0,1516,46,30,2,18.0,42.0,29,47,22.0,30.0,11.0,104,92,23,2,14,59.0,25.0,18589.0,802,13,31,37.0,214.0,24,91.0,2078,114,123.0,6,78,24,16.0,165,30,20.0,46.0,30.0,70.0,42.0,898.0,511.0,10.0,93.0,17.0,14.0,563,62,45.0,11.0,17,33,9.0,1142,518.0,16.0,7,6.0,158.0,31,25
146,6.0,303,1232,1453,6,19.0,1360,31,40,16,23.0,32.0,38,48,23.0,21.0,17.0,80,166,39,6,24,77.0,65.0,13507.0,1118,16,14,39.0,175.0,15,93.0,1536,127,103.0,6,81,17,15.0,197,32,18.0,34.0,29.0,61.0,19.0,694.0,565.0,31.0,67.0,21.0,12.0,560,87,44.0,3.0,26,78,3.0,1067,295.0,18.0,3,8.0,151.0,42,27
147,14.0,350,1387,1017,5,16.0,917,26,30,15,22.0,25.0,45,33,11.0,24.0,17.0,90,135,16,4,26,74.0,233.0,12120.0,1242,14,12,32.0,181.0,25,73.0,1539,142,130.0,5,61,16,19.0,435,26,16.0,33.0,15.0,90.0,17.0,738.0,598.0,21.0,67.0,20.0,10.0,717,60,45.0,8.0,19,41,8.0,1157,192.0,13.0,9,10.0,131.0,32,33
148,13.0,469,1313,1031,4,12.0,771,29,27,6,21.0,37.0,20,40,16.0,20.0,8.0,78,94,50,3,19,180.0,199.0,12011.0,1392,13,14,44.0,236.0,21,91.0,1634,135,276.0,6,59,20,24.0,503,22,29.0,34.0,13.0,86.0,18.0,627.0,456.0,14.0,73.0,21.0,6.0,954,99,36.0,2.0,14,55,5.0,1229,143.0,13.0,5,12.0,135.0,39,18
149,13.0,375,819,1018,5,15.0,539,32,25,8,15.0,38.0,36,50,17.0,18.0,13.0,115,81,114,6,14,106.0,136.0,11311.0,1372,15,14,44.0,176.0,14,212.0,3188,133,203.0,3,65,15,20.0,632,27,14.0,53.0,21.0,49.0,22.0,589.0,536.0,16.0,78.0,14.0,7.0,765,85,39.0,6.0,20,54,5.0,1332,111.0,15.0,5,9.0,137.0,33,21
150,6.0,1071,792,4297,6,27.0,466,24,22,11,15.0,33.0,38,70,24.0,24.0,11.0,85,74,45,10,18,71.0,119.0,11145.0,1258,10,11,37.0,150.0,18,370.0,6488,138,106.0,8,95,19,16.0,863,36,17.0,47.0,18.0,66.0,30.0,560.0,611.0,14.0,99.0,20.0,7.0,550,84,37.0,13.0,23,25,6.0,1380,97.0,12.0,4,8.0,142.0,31,34
151,8.0,539,973,1814,2,34.0,582,45,28,11,16.0,29.0,36,46,16.0,25.0,16.0,66,80,29,12,18,82.0,85.0,11884.0,1146,19,11,50.0,151.0,25,305.0,4843,192,79.0,8,88,16,16.0,389,24,26.0,33.0,15.0,51.0,31.0,666.0,639.0,14.0,88.0,17.0,8.0,605,77,39.0,3.0,14,26,4.0,1251,89.0,4.0,10,3.0,144.0,36,17
152,13.0,407,850,992,0,16.0,551,34,22,11,22.0,25.0,19,60,14.0,20.0,20.0,78,67,18,7,17,73.0,50.0,9136.0,1152,21,10,28.0,220.0,29,300.0,2723,227,55.0,3,72,17,15.0,339,32,21.0,37.0,35.0,56.0,31.0,659.0,384.0,16.0,63.0,16.0,5.0,541,132,42.0,8.0,18,33,1.0,1217,92.0,8.0,11,8.0,134.0,35,20
153,10.0,380,2873,773,7,13.0,476,28,25,9,16.0,23.0,22,47,17.0,18.0,17.0,80,81,22,12,18,51.0,37.0,8340.0,1179,24,16,35.0,167.0,15,164.0,1811,179,45.0,7,116,12,18.0,352,25,15.0,45.0,26.0,68.0,45.0,639.0,464.0,11.0,102.0,13.0,9.0,419,134,24.0,7.0,21,19,13.0,1149,67.0,14.0,9,15.0,172.0,39,14
154,16.0,394,4352,646,2,14.0,495,21,22,12,15.0,24.0,10,27,28.0,20.0,24.0,76,145,15,8,13,79.0,35.0,7707.0,1877,19,19,46.0,179.0,13,153.0,1599,169,60.0,4,75,18,18.0,280,26,10.0,44.0,37.0,133.0,29.0,546.0,723.0,45.0,98.0,18.0,5.0,431,139,31.0,5.0,16,21,2.0,1258,69.0,14.0,2,4.0,188.0,29,37
155,17.0,351,1159,656,5,17.0,521,14,26,13,19.0,52.0,22,41,36.0,15.0,9.0,72,120,20,4,25,70.0,53.0,7896.0,1413,16,14,36.0,236.0,16,103.0,1619,207,54.0,4,68,15,14.0,255,20,19.0,41.0,22.0,76.0,22.0,587.0,687.0,12.0,76.0,25.0,11.0,557,188,28.0,12.0,18,24,5.0,1258,64.0,24.0,9,9.0,233.0,52,26
156,8.0,304,753,727,2,19.0,353,26,13,9,19.0,26.0,19,30,31.0,27.0,19.0,66,101,21,4,18,145.0,56.0,7025.0,1218,18,10,33.0,165.0,21,90.0,1406,234,44.0,2,74,13,15.0,233,20,18.0,57.0,21.0,71.0,39.0,565.0,548.0,29.0,67.0,17.0,7.0,528,218,36.0,11.0,31,16,4.0,1151,90.0,3.0,4,13.0,176.0,46,29
157,33.0,299,654,775,3,18.0,386,22,15,11,19.0,37.0,23,24,27.0,20.0,21.0,77,82,21,4,18,122.0,42.0,6928.0,1202,12,16,110.0,176.0,11,91.0,1394,203,47.0,3,88,9,14.0,195,25,19.0,63.0,24.0,52.0,42.0,556.0,502.0,26.0,108.0,25.0,11.0,2398,135,34.0,9.0,10,33,6.0,1056,47.0,15.0,6,16.0,119.0,36,19
158,38.0,298,600,622,4,18.0,605,28,17,8,24.0,35.0,11,24,21.0,30.0,16.0,69,143,53,6,18,75.0,46.0,6677.0,1062,12,24,572.0,180.0,13,95.0,1555,271,93.0,3,74,10,13.0,293,25,26.0,60.0,17.0,69.0,36.0,654.0,449.0,13.0,96.0,17.0,8.0,909,113,35.0,7.0,15,30,2.0,1223,65.0,10.0,4,6.0,188.0,38,30
159,15.0,255,610,681,1,13.0,507,25,23,9,10.0,20.0,19,42,14.0,23.0,22.0,79,141,13,3,15,87.0,61.0,5980.0,1145,19,17,551.0,147.0,15,131.0,1464,209,48.0,2,69,13,22.0,262,23,18.0,53.0,21.0,80.0,28.0,604.0,489.0,18.0,109.0,13.0,10.0,724,96,29.0,2.0,19,34,7.0,1008,84.0,4.0,8,6.0,163.0,26,20
160,16.0,285,454,632,5,14.0,548,31,19,3,22.0,25.0,18,35,14.0,18.0,45.0,67,95,24,6,26,86.0,264.0,5901.0,1251,14,17,358.0,136.0,16,97.0,958,152,34.0,8,54,18,15.0,267,26,15.0,54.0,15.0,58.0,25.0,623.0,745.0,16.0,99.0,12.0,6.0,672,92,33.0,5.0,12,23,8.0,994,63.0,9.0,7,7.0,168.0,36,30
161,25.0,350,314,542,2,11.0,491,34,20,7,14.0,28.0,12,30,25.0,11.0,23.0,61,87,10,4,19,100.0,164.0,6677.0,1276,19,15,318.0,181.0,11,69.0,1177,157,51.0,6,71,13,18.0,228,21,8.0,41.0,24.0,72.0,23.0,814.0,821.0,26.0,75.0,26.0,15.0,728,103,30.0,7.0,25,26,6.0,1225,70.0,20.0,8,6.0,154.0,39,19
162,16.0,234,236,589,6,16.0,479,32,21,22,14.0,36.0,21,34,17.0,17.0,26.0,90,98,20,7,15,90.0,118.0,7326.0,1359,18,12,258.0,146.0,16,62.0,1306,147,40.0,9,79,14,13.0,219,27,29.0,42.0,11.0,56.0,36.0,623.0,498.0,14.0,110.0,30.0,9.0,727,99,23.0,17.0,23,15,1.0,1220,78.0,31.0,7,6.0,129.0,28,19
163,9.0,250,273,653,1,21.0,414,26,18,17,15.0,37.0,27,37,30.0,30.0,13.0,59,100,18,5,27,124.0,75.0,7084.0,1813,11,18,265.0,151.0,13,83.0,1321,106,51.0,10,83,14,21.0,201,20,16.0,39.0,10.0,59.0,30.0,605.0,464.0,8.0,79.0,17.0,8.0,693,112,32.0,5.0,31,14,5.0,1049,53.0,25.0,13,10.0,132.0,39,14
164,13.0,277,340,544,2,20.0,406,21,13,10,16.0,35.0,24,29,21.0,30.0,11.0,75,138,15,11,20,84.0,47.0,7695.0,2105,19,14,229.0,132.0,13,78.0,1165,142,46.0,9,67,12,16.0,178,32,9.0,59.0,25.0,92.0,44.0,758.0,456.0,29.0,509.0,20.0,8.0,659,131,27.0,12.0,22,27,1.0,1037,83.0,14.0,12,4.0,128.0,25,18
165,13.0,294,375,690,2,22.0,477,33,18,11,15.0,44.0,21,44,25.0,26.0,11.0,70,117,19,5,20,89.0,52.0,7366.0,1351,15,11,296.0,152.0,13,69.0,1197,155,43.0,7,66,18,16.0,206,22,18.0,49.0,35.0,133.0,25.0,759.0,450.0,20.0,303.0,17.0,9.0,554,104,24.0,4.0,18,22,12.0,1360,58.0,13.0,17,5.0,130.0,29,10
166,14.0,211,383,578,3,16.0,476,37,18,5,16.0,210.0,24,41,18.0,19.0,10.0,64,93,23,4,14,97.0,36.0,6307.0,1155,14,17,271.0,136.0,17,67.0,1261,151,54.0,6,66,12,13.0,171,19,21.0,44.0,50.0,91.0,40.0,3523.0,386.0,12.0,178.0,14.0,7.0,587,104,22.0,7.0,11,22,9.0,1071,68.0,5.0,13,10.0,128.0,44,24
167,7.0,244,361,486,4,26.0,432,48,14,13,21.0,233.0,15,33,20.0,24.0,23.0,68,99,13,8,18,83.0,26.0,5421.0,1537,13,13,170.0,134.0,11,75.0,864,159,30.0,4,60,11,15.0,178,24,12.0,53.0,18.0,94.0,50.0,2232.0,420.0,13.0,114.0,14.0,15.0,535,69,32.0,5.0,22,22,7.0,1038,70.0,18.0,11,6.0,164.0,25,20
168,11.0,282,359,410,4,14.0,492,120,9,25,25.0,127.0,7,47,45.0,23.0,15.0,79,90,26,4,13,101.0,48.0,5840.0,2212,16,16,177.0,141.0,14,79.0,1305,140,43.0,9,73,10,21.0,175,29,16.0,47.0,13.0,74.0,22.0,1410.0,435.0,12.0,83.0,14.0,8.0,546,86,22.0,9.0,15,34,7.0,1145,68.0,14.0,5,10.0,197.0,38,22
169,5.0,229,296,519,7,22.0,387,54,19,14,24.0,94.0,12,31,26.0,24.0,13.0,165,90,26,5,16,108.0,39.0,7184.0,2207,13,13,175.0,215.0,22,65.0,1674,111,25.0,8,65,18,12.0,179,19,26.0,74.0,19.0,68.0,32.0,1096.0,465.0,18.0,384.0,14.0,5.0,615,114,22.0,4.0,16,10,4.0,1100,79.0,31.0,5,4.0,187.0,27,17
170,5.0,235,315,606,8,13.0,332,30,5,17,13.0,112.0,13,34,31.0,25.0,11.0,128,110,15,11,17,103.0,20.0,8051.0,1649,18,15,155.0,211.0,13,103.0,1891,155,30.0,3,88,18,16.0,157,49,13.0,122.0,15.0,86.0,37.0,1009.0,459.0,12.0,3236.0,12.0,15.0,586,105,17.0,3.0,13,10,1.0,1114,50.0,22.0,4,11.0,152.0,48,34
171,12.0,273,277,557,5,12.0,326,35,17,14,18.0,100.0,17,50,12.0,22.0,16.0,105,87,16,12,19,141.0,35.0,8814.0,1491,15,18,159.0,274.0,12,105.0,1611,147,41.0,4,89,17,16.0,186,42,27.0,100.0,24.0,59.0,30.0,989.0,474.0,20.0,2646.0,17.0,6.0,486,143,19.0,3.0,10,30,2.0,1251,55.0,15.0,8,4.0,132.0,48,16
172,4.0,202,392,621,5,12.0,470,33,13,15,12.0,56.0,18,90,18.0,24.0,15.0,92,72,14,5,14,106.0,28.0,11580.0,1265,17,9,130.0,172.0,17,80.0,1310,149,29.0,4,76,13,22.0,211,44,15.0,84.0,34.0,86.0,29.0,1266.0,559.0,15.0,1959.0,7.0,13.0,494,106,22.0,4.0,13,20,4.0,1272,76.0,5.0,4,8.0,139.0,38,19
173,14.0,238,466,544,5,24.0,481,48,21,9,20.0,50.0,12,57,18.0,14.0,10.0,102,90,22,2,15,116.0,26.0,12451.0,1341,18,18,111.0,124.0,10,74.0,1136,176,57.0,15,62,10,21.0,174,37,20.0,41.0,23.0,57.0,29.0,982.0,606.0,16.0,1300.0,7.0,10.0,501,79,21.0,5.0,19,14,3.0,1136,69.0,8.0,3,5.0,142.0,30,18
174,7.0,219,511,442,2,18.0,472,41,29,13,9.0,31.0,19,27,24.0,27.0,16.0,103,87,12,7,19,129.0,32.0,9989.0,1441,17,16,63.0,114.0,16,84.0,940,146,53.0,6,63,13,16.0,224,43,19.0,55.0,28.0,60.0,44.0,904.0,588.0,21.0,936.0,10.0,8.0,458,72,27.0,6.0,12,13,1.0,967,94.0,10.0,4,4.0,155.0,38,22
175,7.0,220,349,432,3,16.0,426,44,17,9,31.0,42.0,17,28,15.0,24.0,15.0,168,78,13,8,18,87.0,32.0,9892.0,1515,21,13,76.0,107.0,15,75.0,1520,104,43.0,6,75,16,17.0,178,32,26.0,89.0,15.0,49.0,34.0,960.0,519.0,42.0,667.0,12.0,10.0,496,67,25.0,8.0,17,28,1.0,1181,57.0,12.0,7,9.0,142.0,36,27
176,15.0,227,433,479,4,15.0,378,30,15,15,34.0,113.0,16,26,15.0,23.0,10.0,236,71,27,8,18,137.0,39.0,9917.0,1534,14,14,78.0,131.0,14,86.0,1412,110,39.0,10,55,17,16.0,180,29,19.0,70.0,27.0,81.0,17.0,677.0,502.0,18.0,644.0,9.0,25.0,507,93,19.0,10.0,29,20,4.0,1255,54.0,13.0,3,5.0,146.0,35,19
177,15.0,240,320,559,2,20.0,329,20,16,14,28.0,121.0,22,30,24.0,19.0,20.0,214,86,31,1,14,113.0,49.0,8403.0,1433,15,10,132.0,186.0,11,77.0,1198,142,28.0,14,75,13,17.0,200,43,23.0,84.0,12.0,43.0,39.0,596.0,494.0,15.0,365.0,13.0,19.0,514,236,23.0,11.0,12,13,4.0,1035,49.0,16.0,2,6.0,130.0,26,24
178,8.0,243,339,512,4,15.0,364,23,10,7,17.0,75.0,20,41,24.0,19.0,6.0,159,74,16,5,17,104.0,34.0,7038.0,1366,18,11,187.0,135.0,11,90.0,1083,104,49.0,3,80,13,19.0,199,33,22.0,58.0,16.0,52.0,29.0,559.0,558.0,13.0,347.0,5.0,13.0,1053,228,22.0,9.0,27,23,3.0,1079,77.0,14.0,4,6.0,117.0,33,23
179,6.0,218,308,590,2,18.0,410,23,21,11,23.0,55.0,12,37,13.0,18.0,15.0,145,73,23,9,25,99.0,31.0,6747.0,1194,15,18,105.0,123.0,16,94.0,1238,149,59.0,8,54,12,17.0,223,24,23.0,63.0,30.0,53.0,43.0,624.0,540.0,24.0,300.0,13.0,9.0,802,195,35.0,5.0,16,13,2.0,1086,48.0,11.0,5,4.0,155.0,30,25
180,22.0,188,354,551,1,16.0,433,38,19,10,28.0,41.0,23,28,17.0,17.0,13.0,114,94,15,8,22,81.0,28.0,7981.0,1157,13,16,94.0,151.0,14,91.0,1278,127,45.0,7,60,12,11.0,283,32,33.0,314.0,17.0,77.0,32.0,602.0,447.0,19.0,236.0,17.0,11.0,483,140,13.0,9.0,14,23,6.0,1047,79.0,8.0,7,7.0,198.0,23,24
181,15.0,347,340,408,1,22.0,383,23,13,4,21.0,27.0,12,31,17.0,26.0,8.0,117,104,7,4,23,74.0,29.0,6396.0,1339,14,17,67.0,144.0,13,86.0,1303,152,40.0,9,63,10,22.0,208,23,20.0,210.0,17.0,65.0,40.0,752.0,498.0,9.0,282.0,5.0,8.0,448,85,30.0,3.0,18,14,5.0,933,62.0,12.0,10,3.0,186.0,50,26
182,7.0,422,362,453,6,11.0,414,39,12,13,30.0,26.0,22,27,14.0,19.0,12.0,112,86,15,7,17,80.0,28.0,8180.0,1385,10,14,62.0,103.0,13,90.0,1623,109,53.0,4,58,12,12.0,298,27,38.0,277.0,20.0,62.0,41.0,1179.0,543.0,12.0,195.0,39.0,11.0,400,90,22.0,6.0,12,19,0.0,1130,50.0,14.0,4,9.0,800.0,24,30
183,9.0,434,305,495,3,25.0,331,30,15,15,16.0,45.0,20,33,20.0,23.0,43.0,103,94,19,5,16,91.0,26.0,7620.0,1484,17,14,64.0,83.0,14,152.0,2038,142,47.0,5,46,10,15.0,248,29,21.0,285.0,14.0,55.0,19.0,777.0,503.0,16.0,171.0,14.0,14.0,363,97,20.0,4.0,20,20,1.0,2185,76.0,11.0,9,8.0,522.0,36,30
184,12.0,437,254,460,5,31.0,347,30,10,11,24.0,45.0,14,41,30.0,18.0,28.0,89,138,21,7,18,49.0,23.0,9701.0,1883,17,18,63.0,107.0,10,144.0,2153,122,48.0,4,55,13,16.0,204,21,17.0,177.0,14.0,69.0,45.0,619.0,521.0,20.0,141.0,10.0,11.0,518,116,22.0,7.0,21,26,4.0,1301,60.0,9.0,12,5.0,271.0,212,22
185,6.0,310,271,553,3,18.0,294,24,19,9,23.0,30.0,12,32,17.0,17.0,47.0,116,76,21,8,14,67.0,27.0,11705.0,1577,9,23,99.0,100.0,9,96.0,2339,122,46.0,6,62,13,11.0,950,22,18.0,81.0,23.0,43.0,49.0,597.0,537.0,10.0,208.0,11.0,10.0,502,97,23.0,7.0,11,46,4.0,1127,59.0,11.0,6,6.0,567.0,61,35
186,5.0,246,396,527,3,35.0,379,23,14,8,27.0,43.0,18,36,23.0,19.0,26.0,101,56,15,3,18,55.0,20.0,10409.0,1664,9,14,88.0,103.0,13,84.0,1991,112,57.0,7,49,19,17.0,359,24,14.0,106.0,21.0,47.0,23.0,531.0,516.0,13.0,142.0,9.0,9.0,464,103,29.0,4.0,16,31,3.0,1134,73.0,14.0,5,8.0,315.0,32,27
187,5.0,245,303,552,2,43.0,483,38,14,10,22.0,24.0,15,43,36.0,26.0,26.0,72,83,15,5,22,60.0,232.0,6684.0,1332,9,18,76.0,121.0,11,74.0,1979,165,53.0,6,60,14,13.0,225,32,12.0,76.0,20.0,47.0,38.0,612.0,492.0,9.0,148.0,4.0,16.0,510,100,23.0,5.0,19,31,9.0,1059,84.0,8.0,8,12.0,310.0,40,14
188,10.0,259,246,502,6,60.0,446,27,14,5,21.0,34.0,21,24,11.0,25.0,24.0,75,102,14,3,13,58.0,94.0,5670.0,1670,18,16,62.0,193.0,19,79.0,1703,122,36.0,11,45,22,16.0,186,25,20.0,73.0,26.0,63.0,15.0,691.0,586.0,14.0,154.0,9.0,11.0,485,84,16.0,5.0,17,17,7.0,920,58.0,13.0,5,6.0,224.0,43,13
189,14.0,275,287,451,2,35.0,500,38,20,10,25.0,26.0,24,29,18.0,28.0,12.0,85,87,11,3,10,74.0,69.0,5505.0,1629,18,15,54.0,139.0,11,75.0,1824,150,34.0,2,49,13,16.0,200,21,11.0,84.0,11.0,53.0,21.0,576.0,670.0,8.0,118.0,11.0,9.0,612,113,19.0,6.0,23,15,11.0,3865,81.0,13.0,7,2.0,171.0,32,27
190,12.0,255,270,501,3,17.0,380,23,17,11,27.0,32.0,19,32,27.0,22.0,17.0,85,211,13,5,9,83.0,65.0,5808.0,1587,18,18,61.0,167.0,12,57.0,1387,123,34.0,4,55,13,15.0,187,24,13.0,90.0,14.0,51.0,27.0,577.0,639.0,9.0,114.0,5.0,9.0,598,124,14.0,4.0,23,9,8.0,2376,88.0,18.0,7,9.0,274.0,28,26
191,3.0,201,195,633,8,19.0,273,25,13,17,16.0,20.0,16,22,23.0,12.0,12.0,78,841,13,8,15,86.0,41.0,5886.0,1419,21,17,77.0,408.0,9,57.0,1369,125,44.0,4,62,17,21.0,203,22,12.0,92.0,19.0,62.0,36.0,523.0,604.0,14.0,91.0,3.0,8.0,746,103,28.0,4.0,13,25,8.0,1758,61.0,13.0,7,7.0,219.0,18,29
192,13.0,250,199,579,3,20.0,293,31,16,6,18.0,23.0,31,40,14.0,24.0,11.0,75,147,15,3,14,76.0,33.0,5324.0,1416,18,13,77.0,124.0,10,78.0,1324,107,48.0,6,60,14,17.0,156,22,29.0,223.0,13.0,71.0,28.0,492.0,939.0,14.0,113.0,6.0,8.0,898,140,20.0,4.0,11,22,11.0,1333,52.0,17.0,7,6.0,197.0,13,18
193,6.0,234,230,555,2,13.0,429,40,18,16,20.0,35.0,23,31,20.0,15.0,9.0,80,114,19,1,23,83.0,35.0,5554.0,1339,20,11,72.0,208.0,10,85.0,1247,103,35.0,10,64,19,18.0,199,20,17.0,353.0,22.0,43.0,28.0,577.0,642.0,18.0,109.0,6.0,8.0,673,105,23.0,2.0,18,23,4.0,1286,75.0,10.0,8,7.0,166.0,20,32
194,9.0,199,439,580,5,11.0,368,46,16,9,25.0,31.0,13,32,14.0,28.0,10.0,78,112,17,5,14,88.0,49.0,5352.0,1059,18,16,60.0,149.0,9,58.0,7111,193,26.0,6,51,17,20.0,164,21,27.0,152.0,11.0,46.0,51.0,517.0,688.0,12.0,109.0,9.0,14.0,656,79,17.0,5.0,9,22,2.0,1156,77.0,12.0,7,8.0,168.0,31,22
195,11.0,219,427,536,2,18.0,784,44,18,11,22.0,28.0,23,30,15.0,23.0,9.0,57,118,17,7,36,66.0,62.0,4856.0,1321,19,16,84.0,213.0,15,80.0,6386,148,38.0,6,54,14,20.0,188,22,15.0,100.0,11.0,49.0,40.0,509.0,1610.0,13.0,112.0,11.0,11.0,518,78,15.0,10.0,26,25,2.0,1072,74.0,10.0,7,10.0,165.0,102,17
196,14.0,227,381,495,2,12.0,533,41,14,7,41.0,30.0,19,26,12.0,23.0,9.0,52,146,16,5,22,66.0,49.0,5392.0,1420,29,26,105.0,457.0,12,59.0,3652,154,37.0,5,66,11,21.0,200,29,16.0,112.0,15.0,68.0,10.0,450.0,1129.0,15.0,112.0,8.0,10.0,617,83,12.0,5.0,55,27,13.0,1104,85.0,14.0,9,6.0,164.0,64,10
197,13.0,253,263,562,3,14.0,404,179,11,16,30.0,29.0,17,28,19.0,24.0,10.0,51,160,16,4,24,80.0,57.0,24381.0,3113,21,22,90.0,374.0,13,64.0,3223,133,27.0,3,40,12,14.0,209,17,13.0,187.0,13.0,49.0,22.0,432.0,739.0,17.0,123.0,8.0,7.0,709,86,19.0,5.0,18,29,6.0,1197,109.0,15.0,8,6.0,145.0,27,25
198,12.0,200,217,623,4,17.0,316,69,18,9,25.0,34.0,14,34,17.0,19.0,4.0,83,129,13,6,23,85.0,35.0,7517.0,2350,27,15,76.0,289.0,9,68.0,3030,107,45.0,2,51,18,14.0,158,34,13.0,129.0,15.0,44.0,18.0,424.0,508.0,12.0,439.0,10.0,1.0,814,117,20.0,3.0,19,19,6.0,1001,89.0,5.0,16,9.0,129.0,28,15
199,14.0,214,244,642,4,17.0,408,22,13,7,52.0,14.0,25,50,24.0,26.0,10.0,62,106,16,3,15,99.0,25.0,6187.0,1942,13,16,68.0,278.0,12,72.0,3319,100,32.0,6,48,14,13.0,140,29,11.0,95.0,22.0,62.0,24.0,463.0,772.0,19.0,322.0,7.0,4.0,631,113,32.0,5.0,12,20,6.0,1061,60.0,25.0,6,9.0,155.0,26,14
200,7.0,194,299,520,5,24.0,431,33,18,10,28.0,39.0,17,39,15.0,12.0,11.0,63,101,20,6,25,67.0,26.0,5624.0,1520,13,13,270.0,304.0,10,59.0,2180,100,42.0,5,54,16,20.0,166,25,16.0,77.0,20.0,51.0,23.0,391.0,711.0,8.0,254.0,13.0,8.0,1001,100,17.0,7.0,16,19,3.0,995,85.0,8.0,9,12.0,127.0,29,26
201,9.0,238,312,20072,4,25.0,470,31,13,8,46.0,30.0,13,28,12.0,24.0,6.0,67,118,27,9,18,62.0,49.0,5710.0,1124,20,18,169.0,385.0,7,63.0,1887,104,38.0,7,61,13,14.0,286,23,14.0,64.0,15.0,52.0,20.0,527.0,625.0,15.0,186.0,14.0,5.0,842,97,23.0,7.0,19,17,4.0,955,62.0,10.0,5,11.0,779.0,24,10
202,3.0,235,344,11456,4,11.0,559,48,11,7,33.0,20.0,7,27,25.0,27.0,14.0,59,104,9,6,14,66.0,18.0,4747.0,1303,15,16,54.0,280.0,12,104.0,1604,129,25.0,5,64,15,23.0,283,22,26.0,97.0,18.0,69.0,17.0,443.0,565.0,14.0,190.0,8.0,9.0,592,63,25.0,2.0,19,36,4.0,983,67.0,9.0,5,12.0,199.0,29,14
203,16.0,228,300,6392,2,32.0,481,40,27,8,29.0,24.0,11,29,19.0,22.0,13.0,70,91,39,3,10,95.0,20.0,5646.0,1586,17,10,69.0,259.0,11,96.0,1459,115,41.0,6,61,14,18.0,347,23,22.0,171.0,20.0,57.0,17.0,442.0,552.0,21.0,121.0,3.0,7.0,646,94,28.0,4.0,14,25,28.0,1038,64.0,9.0,3,39.0,157.0,23,19
204,11.0,224,270,4149,5,16.0,372,46,18,12,17.0,28.0,14,22,21.0,19.0,19.0,82,125,22,2,13,96.0,26.0,6647.0,1565,13,14,73.0,316.0,17,94.0,1218,141,45.0,6,111,13,18.0,225,20,11.0,120.0,12.0,55.0,21.0,408.0,583.0,18.0,96.0,4.0,3.0,562,104,25.0,5.0,15,29,45.0,1014,76.0,6.0,10,26.0,137.0,23,18
205,15.0,228,204,3125,5,10.0,310,58,14,9,34.0,21.0,18,35,11.0,26.0,12.0,65,99,28,5,13,79.0,25.0,8608.0,1456,15,13,94.0,192.0,12,72.0,1114,120,31.0,3,113,14,17.0,168,17,14.0,114.0,18.0,51.0,23.0,650.0,813.0,34.0,130.0,13.0,8.0,577,92,14.0,2.0,14,24,6.0,1054,68.0,6.0,2,19.0,139.0,17,18
206,10.0,176,220,2685,4,30.0,387,36,9,15,22.0,30.0,15,28,13.0,18.0,12.0,76,90,13,2,9,59.0,14.0,6553.0,1509,12,10,119.0,162.0,10,108.0,1166,158,33.0,6,203,11,18.0,160,27,17.0,210.0,24.0,40.0,24.0,4039.0,583.0,24.0,140.0,7.0,4.0,585,100,19.0,5.0,13,20,3.0,1174,63.0,11.0,8,14.0,123.0,36,16
207,4.0,175,223,1663,2,24.0,454,48,20,9,23.0,24.0,17,39,16.0,10.0,6.0,147,83,12,5,12,54.0,23.0,5776.0,1372,14,9,65.0,123.0,6,140.0,1257,184,34.0,3,220,14,14.0,210,21,13.0,137.0,19.0,37.0,18.0,1315.0,436.0,17.0,140.0,14.0,5.0,789,177,22.0,1.0,16,32,3.0,1176,70.0,13.0,4,11.0,117.0,31,13
208,7.0,142,403,1295,1,18.0,466,37,16,7,19.0,21.0,18,47,20.0,19.0,14.0,102,93,16,6,14,56.0,16.0,5473.0,1034,13,18,52.0,122.0,23,98.0,1143,177,31.0,5,114,20,17.0,192,22,15.0,124.0,21.0,50.0,12.0,972.0,475.0,9.0,197.0,4.0,9.0,687,160,19.0,4.0,10,37,3.0,1202,61.0,16.0,4,8.0,113.0,37,14
209,6.0,221,482,1039,3,18.0,462,48,16,11,24.0,24.0,13,49,16.0,21.0,13.0,90,97,18,3,15,65.0,12.0,4546.0,1192,12,11,41.0,120.0,16,72.0,943,219,40.0,8,69,11,21.0,231,34,16.0,102.0,24.0,63.0,11.0,721.0,472.0,6.0,165.0,13.0,7.0,547,104,19.0,4.0,13,33,2.0,1567,68.0,4.0,5,18.0,127.0,32,18
210,9.0,293,546,789,2,12.0,412,38,12,7,14.0,26.0,14,26,30.0,14.0,10.0,82,108,13,4,11,78.0,18.0,5266.0,1336,11,9,48.0,120.0,15,58.0,943,206,39.0,3,85,17,16.0,224,22,16.0,141.0,18.0,49.0,19.0,728.0,678.0,15.0,174.0,2.0,8.0,872,91,27.0,5.0,20,26,4.0,2036,71.0,11.0,7,10.0,112.0,32,16
211,12.0,245,477,834,2,18.0,339,48,16,9,21.0,34.0,7,38,21.0,23.0,11.0,74,98,13,1,9,84.0,17.0,5322.0,1485,13,13,45.0,169.0,18,56.0,886,136,30.0,0,75,13,12.0,204,21,14.0,133.0,9.0,53.0,34.0,492.0,657.0,21.0,102.0,12.0,7.0,1571,101,31.0,7.0,5,28,7.0,1757,86.0,3.0,3,13.0,127.0,33,8
212,5.0,184,404,916,2,12.0,259,43,20,20,18.0,22.0,14,44,24.0,30.0,13.0,83,84,24,8,10,71.0,20.0,4894.0,1427,19,10,50.0,134.0,18,73.0,986,147,47.0,9,68,12,9.0,194,21,22.0,113.0,10.0,57.0,20.0,553.0,591.0,6.0,94.0,6.0,4.0,870,101,24.0,6.0,18,22,2.0,1669,80.0,10.0,10,20.0,113.0,31,13
213,9.0,193,301,868,3,19.0,312,51,22,18,22.0,23.0,16,35,21.0,16.0,14.0,99,174,13,5,9,60.0,20.0,6644.0,1541,15,11,43.0,156.0,9,81.0,859,100,43.0,10,66,13,10.0,161,17,13.0,101.0,18.0,55.0,25.0,443.0,546.0,11.0,160.0,7.0,7.0,748,119,43.0,5.0,16,16,5.0,1368,41.0,16.0,4,15.0,185.0,29,17
214,6.0,174,275,1018,6,20.0,385,310,16,7,24.0,22.0,33,42,26.0,15.0,8.0,82,136,15,4,8,41.0,17.0,13556.0,1274,16,9,39.0,195.0,8,68.0,876,136,60.0,8,74,15,15.0,232,13,12.0,139.0,21.0,54.0,33.0,472.0,530.0,8.0,131.0,8.0,12.0,628,85,28.0,3.0,16,17,4.0,1161,52.0,10.0,9,8.0,114.0,25,5
215,8.0,224,427,767,2,27.0,342,188,18,8,23.0,34.0,29,25,16.0,11.0,9.0,67,109,19,1,12,78.0,19.0,6368.0,1288,14,12,35.0,177.0,13,64.0,821,106,41.0,14,74,19,15.0,198,19,14.0,94.0,13.0,53.0,45.0,445.0,844.0,18.0,128.0,5.0,4.0,678,65,18.0,2.0,8,18,4.0,998,52.0,15.0,6,4.0,138.0,32,12
216,9.0,250,776,607,3,19.0,396,74,18,16,37.0,31.0,16,38,12.0,20.0,10.0,77,100,7,6,19,83.0,40.0,5636.0,1176,13,14,33.0,148.0,15,52.0,919,109,32.0,6,75,20,13.0,222,25,30.0,79.0,13.0,51.0,58.0,461.0,549.0,11.0,132.0,7.0,11.0,514,79,22.0,4.0,9,14,3.0,921,58.0,27.0,12,11.0,139.0,40,6
217,5.0,956,649,572,5,18.0,371,53,23,8,25.0,29.0,10,37,14.0,19.0,9.0,100,101,22,0,17,103.0,71.0,5537.0,1953,13,10,41.0,124.0,12,49.0,911,125,36.0,5,50,11,15.0,198,22,16.0,82.0,13.0,57.0,33.0,778.0,567.0,7.0,151.0,8.0,7.0,551,77,23.0,3.0,14,34,3.0,975,75.0,11.0,4,6.0,250.0,34,5
218,9.0,723,488,684,4,18.0,326,87,15,11,28.0,22.0,15,35,17.0,22.0,5.0,107,88,23,2,21,82.0,56.0,5904.0,1696,12,8,46.0,160.0,16,47.0,911,117,31.0,8,59,15,10.0,144,22,14.0,75.0,12.0,68.0,47.0,638.0,559.0,9.0,129.0,11.0,8.0,636,81,14.0,6.0,20,22,3.0,1001,57.0,13.0,9,9.0,156.0,51,9
219,6.0,612,378,697,3,18.0,279,32,21,10,27.0,31.0,23,40,22.0,21.0,11.0,95,71,17,5,18,85.0,53.0,5122.0,1592,13,9,42.0,149.0,10,63.0,850,103,41.0,13,64,16,16.0,178,26,18.0,72.0,17.0,77.0,34.0,622.0,551.0,22.0,72.0,13.0,8.0,632,80,15.0,6.0,10,23,6.0,1121,65.0,16.0,6,10.0,126.0,45,13
220,8.0,374,352,833,3,25.0,346,49,29,9,17.0,26.0,10,38,20.0,19.0,4.0,84,92,9,5,22,82.0,35.0,5197.0,1538,13,19,34.0,144.0,13,55.0,1068,89,31.0,6,83,20,13.0,165,21,17.0,105.0,17.0,57.0,42.0,540.0,460.0,8.0,119.0,7.0,10.0,764,126,30.0,5.0,13,16,3.0,1077,73.0,9.0,7,8.0,146.0,26,3
221,5.0,314,438,792,2,32.0,402,42,13,16,20.0,28.0,17,49,31.0,25.0,37.0,148,88,13,5,14,65.0,302.0,4995.0,1695,11,15,38.0,151.0,13,52.0,876,82,31.0,7,62,17,12.0,147,24,12.0,84.0,19.0,39.0,20.0,499.0,429.0,8.0,152.0,8.0,9.0,558,99,32.0,7.0,42,15,4.0,939,69.0,10.0,7,14.0,129.0,25,5
222,6.0,258,393,582,2,16.0,381,51,15,14,29.0,21.0,13,39,17.0,15.0,22.0,106,99,12,1,11,79.0,269.0,5352.0,1598,11,22,44.0,155.0,10,37.0,720,98,27.0,4,58,29,18.0,138,18,15.0,73.0,9.0,78.0,26.0,620.0,401.0,9.0,187.0,2.0,14.0,590,95,34.0,6.0,90,11,13.0,1059,72.0,8.0,5,7.0,106.0,80,7
223,1.0,329,329,511,3,23.0,404,36,23,10,16.0,21.0,10,25,21.0,19.0,31.0,83,85,27,5,20,58.0,65.0,4890.0,2042,99,13,28.0,139.0,8,58.0,705,103,39.0,7,76,13,15.0,187,19,13.0,80.0,18.0,92.0,16.0,578.0,478.0,10.0,150.0,8.0,4.0,468,90,26.0,2.0,99,19,6.0,1046,74.0,9.0,7,6.0,130.0,118,9
224,22.0,341,300,349,5,15.0,353,31,14,9,22.0,20.0,11,35,9.0,20.0,21.0,87,107,12,2,14,92.0,60.0,5260.0,2163,10,29,48.0,181.0,9,50.0,1260,92,35.0,5,50,13,14.0,150,21,10.0,81.0,9.0,62.0,26.0,494.0,492.0,13.0,118.0,9.0,9.0,510,121,29.0,4.0,95,20,1.0,1124,70.0,11.0,6,8.0,159.0,53,25
225,36.0,295,279,641,2,45.0,318,10,13,8,19.0,30.0,7,27,11.0,23.0,20.0,141,108,13,10,15,83.0,72.0,8842.0,1549,14,19,49.0,204.0,12,62.0,969,105,35.0,5,49,13,12.0,159,17,24.0,89.0,18.0,47.0,31.0,459.0,1045.0,35.0,86.0,8.0,4.0,406,138,18.0,4.0,120,18,0.0,1165,71.0,7.0,6,3.0,123.0,43,18
226,18.0,341,203,824,3,38.0,279,17,15,10,20.0,42.0,14,28,12.0,31.0,9.0,75,104,19,4,10,70.0,38.0,6122.0,2648,11,27,64.0,163.0,16,53.0,912,79,40.0,5,79,15,15.0,229,23,6.0,272.0,16.0,44.0,33.0,403.0,1071.0,36.0,92.0,13.0,8.0,402,147,20.0,5.0,97,31,4.0,1180,67.0,12.0,6,10.0,119.0,46,14
227,21.0,277,209,905,4,27.0,320,27,9,12,21.0,20.0,17,37,11.0,20.0,11.0,88,88,14,4,12,61.0,52.0,5606.0,1665,10,26,68.0,136.0,14,60.0,850,118,44.0,2,67,17,15.0,336,24,21.0,272.0,19.0,40.0,35.0,402.0,1073.0,22.0,107.0,5.0,7.0,324,158,23.0,2.0,78,14,5.0,988,54.0,12.0,5,7.0,104.0,21,5
228,16.0,232,271,742,4,19.0,357,35,13,10,19.0,18.0,10,51,16.0,20.0,15.0,90,107,24,3,16,58.0,37.0,6511.0,1589,9,21,70.0,192.0,10,79.0,814,109,32.0,6,56,14,12.0,554,21,18.0,107.0,15.0,57.0,20.0,471.0,785.0,26.0,132.0,10.0,6.0,367,121,18.0,1.0,56,20,2.0,1027,50.0,6.0,5,9.0,138.0,30,1
229,11.0,252,319,951,9,21.0,428,43,13,6,16.0,25.0,14,45,20.0,20.0,6.0,67,85,17,7,11,81.0,33.0,12025.0,1250,12,17,23.0,186.0,9,54.0,816,103,39.0,11,50,15,18.0,350,24,19.0,151.0,22.0,51.0,12.0,1201.0,468.0,24.0,109.0,2.0,5.0,350,120,28.0,2.0,43,19,5.0,984,74.0,7.0,5,9.0,113.0,24,7
230,15.0,255,326,664,6,24.0,498,27,16,6,17.0,26.0,22,43,16.0,16.0,12.0,74,109,13,1,33,54.0,21.0,10362.0,1351,13,16,29.0,151.0,12,43.0,748,98,31.0,8,84,37,25.0,156,19,27.0,266.0,12.0,82.0,39.0,717.0,562.0,13.0,137.0,3.0,3.0,434,97,13.0,5.0,48,18,0.0,857,74.0,14.0,10,8.0,111.0,12,8
231,18.0,257,263,485,10,22.0,369,21,15,10,24.0,20.0,18,30,21.0,18.0,14.0,89,88,19,4,19,57.0,28.0,9304.0,1518,13,17,41.0,126.0,10,58.0,740,93,41.0,28,91,24,24.0,145,23,30.0,240.0,12.0,58.0,33.0,615.0,548.0,7.0,137.0,4.0,8.0,486,91,20.0,2.0,55,26,4.0,920,76.0,7.0,10,7.0,154.0,24,14
232,9.0,263,250,517,3,21.0,318,25,6,18,37.0,21.0,29,24,15.0,18.0,13.0,107,85,17,2,18,51.0,34.0,12768.0,1469,12,18,52.0,184.0,11,60.0,790,78,28.0,23,70,15,20.0,127,21,19.0,271.0,17.0,48.0,27.0,533.0,603.0,34.0,117.0,6.0,7.0,410,110,103.0,5.0,65,22,1.0,1118,80.0,14.0,4,5.0,134.0,26,10
233,7.0,199,159,582,4,22.0,284,37,19,24,42.0,28.0,10,39,10.0,18.0,7.0,93,98,17,4,11,53.0,33.0,8621.0,1523,16,16,46.0,171.0,15,61.0,852,86,40.0,17,70,14,25.0,144,17,8.0,204.0,13.0,41.0,13.0,418.0,552.0,19.0,116.0,4.0,7.0,358,106,18.0,2.0,58,29,3.0,1084,65.0,7.0,8,7.0,166.0,22,14
234,13.0,206,221,683,11,34.0,474,21,17,7,36.0,28.0,15,39,13.0,16.0,8.0,87,50,10,7,15,62.0,24.0,7873.0,1725,12,17,48.0,182.0,12,69.0,687,96,61.0,13,61,14,18.0,139,19,19.0,168.0,14.0,51.0,29.0,416.0,493.0,12.0,142.0,7.0,5.0,353,113,10.0,5.0,45,23,4.0,1105,94.0,15.0,2,7.0,125.0,27,9
235,2.0,226,255,565,9,25.0,573,24,16,23,35.0,28.0,18,34,9.0,19.0,8.0,78,87,11,0,16,49.0,20.0,6895.0,1945,10,15,73.0,187.0,15,51.0,870,101,70.0,26,83,17,19.0,135,21,34.0,144.0,17.0,96.0,28.0,405.0,490.0,6.0,118.0,3.0,8.0,411,129,8.0,1.0,49,18,0.0,1028,114.0,9.0,11,4.0,148.0,15,16
236,12.0,206,258,417,31,19.0,349,34,8,2,21.0,22.0,23,35,14.0,21.0,9.0,83,62,19,6,15,49.0,22.0,7333.0,1095,12,14,56.0,138.0,8,59.0,1631,103,49.0,63,66,20,18.0,97,20,21.0,169.0,13.0,364.0,32.0,552.0,354.0,13.0,115.0,9.0,12.0,343,115,33.0,1.0,22,15,1.0,835,86.0,6.0,10,11.0,167.0,26,15
237,3.0,272,233,385,17,16.0,353,24,17,15,21.0,16.0,8,32,14.0,30.0,18.0,59,85,11,9,13,68.0,22.0,8082.0,1191,17,17,37.0,120.0,9,60.0,973,107,46.0,51,65,21,21.0,139,13,11.0,151.0,16.0,298.0,21.0,436.0,397.0,16.0,117.0,8.0,17.0,378,83,25.0,3.0,28,43,1.0,878,84.0,5.0,3,7.0,115.0,34,11
238,4.0,239,262,358,9,30.0,365,21,14,14,19.0,23.0,15,26,12.0,18.0,11.0,45,72,11,2,12,80.0,18.0,11317.0,1407,14,14,42.0,135.0,8,60.0,776,100,36.0,25,51,20,14.0,135,16,13.0,118.0,11.0,196.0,24.0,533.0,459.0,13.0,95.0,6.0,11.0,480,99,40.0,4.0,36,17,5.0,1158,64.0,6.0,8,5.0,120.0,41,17
239,11.0,264,278,407,2,18.0,263,32,29,11,16.0,23.0,22,28,20.0,20.0,11.0,52,129,16,2,17,49.0,25.0,5828.0,1497,19,14,78.0,163.0,9,45.0,922,82,54.0,25,47,19,12.0,138,14,15.0,117.0,15.0,142.0,28.0,619.0,433.0,9.0,103.0,6.0,5.0,407,123,13.0,8.0,40,20,0.0,1107,73.0,6.0,9,6.0,117.0,31,7
240,11.0,216,212,724,7,17.0,245,31,22,4,11.0,27.0,11,25,15.0,20.0,5.0,39,193,5,2,5,63.0,15.0,6422.0,1396,13,13,38.0,133.0,12,60.0,918,79,58.0,16,53,18,17.0,97,20,29.0,150.0,13.0,135.0,26.0,446.0,428.0,10.0,83.0,4.0,6.0,478,114,11.0,7.0,29,18,5.0,1112,96.0,10.0,8,8.0,120.0,25,10
241,11.0,304,231,581,6,25.0,301,26,17,6,20.0,27.0,15,33,14.0,17.0,10.0,60,135,14,1,12,62.0,25.0,6098.0,1379,16,15,35.0,129.0,10,70.0,717,78,31.0,10,67,15,13.0,117,14,20.0,127.0,13.0,110.0,15.0,480.0,451.0,6.0,104.0,5.0,9.0,764,102,6.0,8.0,25,19,1.0,1218,148.0,10.0,13,9.0,150.0,36,17
242,8.0,202,302,896,9,25.0,337,20,12,14,18.0,31.0,11,39,7.0,23.0,13.0,56,102,14,4,12,56.0,11.0,7225.0,1343,22,10,35.0,140.0,5,55.0,726,80,55.0,17,67,22,10.0,162,22,16.0,126.0,22.0,100.0,24.0,439.0,407.0,10.0,136.0,11.0,12.0,1104,119,13.0,14.0,32,10,8.0,1070,81.0,10.0,9,10.0,158.0,31,9
243,9.0,180,298,717,4,19.0,329,19,11,9,17.0,23.0,14,43,11.0,24.0,11.0,48,113,9,4,12,53.0,15.0,5796.0,1108,14,10,48.0,128.0,10,47.0,743,122,43.0,4,73,17,10.0,181,22,24.0,141.0,22.0,133.0,22.0,413.0,378.0,11.0,124.0,6.0,10.0,1381,125,10.0,5.0,27,23,3.0,958,81.0,6.0,4,8.0,296.0,22,3
244,4.0,162,295,571,0,19.0,800,38,15,12,17.0,14.0,19,27,10.0,12.0,8.0,52,108,13,5,17,42.0,20.0,5054.0,1247,10,15,44.0,109.0,7,63.0,653,103,35.0,10,55,26,20.0,196,16,21.0,111.0,20.0,92.0,30.0,583.0,368.0,16.0,118.0,3.0,5.0,1857,92,14.0,6.0,24,26,1.0,882,92.0,9.0,8,7.0,175.0,22,10
245,7.0,229,251,483,8,20.0,935,15,9,8,17.0,25.0,7,40,5.0,17.0,10.0,51,90,12,2,15,47.0,15.0,6416.0,1452,14,9,60.0,528.0,13,79.0,794,92,47.0,6,68,20,15.0,139,15,16.0,99.0,22.0,97.0,26.0,552.0,336.0,11.0,123.0,5.0,10.0,2242,77,8.0,8.0,12,19,2.0,1010,95.0,3.0,1,11.0,163.0,23,5
246,5.0,313,262,536,4,17.0,476,31,14,15,17.0,24.0,15,50,8.0,20.0,8.0,72,89,14,3,18,75.0,22.0,5752.0,1774,15,13,38.0,1702.0,10,51.0,894,116,55.0,10,52,19,13.0,243,17,26.0,126.0,14.0,70.0,22.0,520.0,386.0,17.0,109.0,7.0,7.0,1636,102,8.0,6.0,20,15,1.0,1130,134.0,14.0,2,4.0,143.0,34,13
247,13.0,217,228,644,4,16.0,324,33,17,11,12.0,17.0,16,24,12.0,13.0,11.0,43,83,18,8,11,59.0,27.0,5182.0,1577,14,9,35.0,1380.0,10,71.0,888,102,51.0,5,53,13,18.0,116,18,23.0,110.0,17.0,92.0,19.0,467.0,387.0,12.0,83.0,3.0,3.0,1532,94,13.0,4.0,28,12,3.0,1157,112.0,8.0,4,14.0,100.0,24,5
248,8.0,264,204,678,6,23.0,323,25,12,12,13.0,21.0,17,28,8.0,17.0,6.0,56,73,15,13,17,53.0,20.0,5230.0,1391,12,11,48.0,971.0,8,60.0,881,117,29.0,3,61,10,11.0,124,19,56.0,109.0,20.0,61.0,25.0,457.0,529.0,14.0,98.0,3.0,2.0,1500,105,9.0,3.0,18,19,1.0,1358,94.0,7.0,3,12.0,115.0,16,17
249,9.0,170,241,600,6,15.0,389,21,13,6,22.0,25.0,5,25,9.0,12.0,8.0,73,74,10,4,11,49.0,13.0,7366.0,1283,11,9,44.0,773.0,12,48.0,766,103,40.0,6,56,12,17.0,135,21,135.0,119.0,20.0,55.0,24.0,650.0,524.0,10.0,125.0,3.0,3.0,1401,105,22.0,5.0,20,22,3.0,1222,104.0,13.0,4,5.0,151.0,27,15
250,18.0,151,893,556,2,22.0,376,21,8,18,14.0,27.0,17,21,7.0,19.0,14.0,57,77,11,4,10,61.0,16.0,6806.0,1059,13,23,516.0,502.0,9,68.0,709,97,42.0,6,69,15,12.0,191,16,87.0,121.0,12.0,75.0,22.0,553.0,443.0,8.0,138.0,5.0,7.0,1396,86,13.0,10.0,19,20,0.0,1154,103.0,11.0,4,9.0,134.0,35,15
251,9.0,201,931,429,2,9.0,322,30,23,10,23.0,17.0,9,48,10.0,21.0,11.0,37,117,9,3,12,67.0,20.0,5144.0,1210,25,13,292.0,380.0,8,55.0,638,124,33.0,5,60,16,13.0,262,16,97.0,135.0,20.0,63.0,18.0,502.0,463.0,8.0,82.0,11.0,9.0,1404,109,10.0,6.0,21,25,6.0,1163,70.0,13.0,5,7.0,143.0,16,15
252,5.0,234,625,379,5,14.0,329,15,14,16,21.0,24.0,11,40,13.0,21.0,12.0,91,94,13,3,12,53.0,21.0,5388.0,3470,14,12,164.0,299.0,7,63.0,762,75,33.0,11,61,15,12.0,455,23,49.0,152.0,14.0,58.0,28.0,450.0,426.0,8.0,78.0,5.0,6.0,1495,91,15.0,7.0,18,24,1.0,1243,63.0,6.0,12,7.0,141.0,25,10
253,8.0,214,508,417,2,17.0,286,30,17,9,22.0,19.0,19,36,5.0,22.0,1.0,76,80,11,3,13,64.0,29.0,5172.0,2178,20,13,151.0,302.0,6,67.0,707,122,33.0,6,30,20,13.0,268,18,44.0,109.0,16.0,70.0,32.0,507.0,544.0,17.0,61.0,2.0,1.0,1073,99,15.0,4.0,10,31,0.0,1248,65.0,9.0,10,4.0,297.0,21,13
254,10.0,208,351,489,1,14.0,333,15,15,6,12.0,18.0,11,36,7.0,20.0,8.0,55,96,11,6,10,69.0,22.0,5932.0,1571,11,21,86.0,224.0,13,57.0,746,83,40.0,2,54,15,13.0,187,17,52.0,111.0,14.0,79.0,17.0,462.0,818.0,13.0,146.0,7.0,4.0,896,107,19.0,4.0,21,35,1.0,1189,84.0,6.0,6,8.0,223.0,21,26
255,7.0,197,358,444,4,31.0,2252,23,20,7,15.0,18.0,9,33,4.0,20.0,7.0,44,118,11,7,13,75.0,13.0,5537.0,1432,15,10,98.0,273.0,7,69.0,714,103,22.0,3,60,10,13.0,171,17,41.0,127.0,21.0,54.0,17.0,496.0,625.0,15.0,125.0,4.0,2.0,876,112,34.0,5.0,28,25,2.0,1007,103.0,10.0,5,4.0,170.0,22,30
256,7.0,200,529,514,4,26.0,3467,33,17,8,15.0,21.0,17,39,6.0,15.0,6.0,66,93,8,5,13,60.0,15.0,5044.0,1539,15,15,52.0,210.0,12,89.0,684,94,24.0,5,70,14,18.0,155,21,97.0,128.0,17.0,63.0,20.0,461.0,531.0,18.0,103.0,5.0,4.0,772,157,23.0,26.0,17,33,0.0,1096,77.0,7.0,2,4.0,161.0,21,17
257,9.0,185,503,519,7,20.0,3496,37,22,2,10.0,17.0,13,38,13.0,14.0,7.0,48,73,14,5,10,73.0,11.0,4257.0,1250,13,9,66.0,182.0,8,48.0,609,83,26.0,10,48,9,16.0,271,14,57.0,98.0,10.0,58.0,21.0,668.0,425.0,17.0,98.0,8.0,7.0,761,147,24.0,44.0,16,28,0.0,1280,84.0,12.0,7,6.0,428.0,29,24
258,6.0,170,452,1129,4,27.0,3060,42,17,5,10.0,14.0,6,36,17.0,18.0,7.0,48,136,15,2,12,81.0,16.0,3917.0,1445,17,9,41.0,163.0,10,52.0,547,112,45.0,7,48,10,14.0,193,26,36.0,107.0,9.0,64.0,31.0,571.0,594.0,21.0,72.0,9.0,5.0,825,81,6.0,3.0,27,28,1.0,1074,71.0,4.0,3,2.0,865.0,38,5
259,13.0,190,374,675,3,13.0,2186,41,22,12,16.0,15.0,9,32,14.0,17.0,8.0,44,159,7,7,18,69.0,16.0,4714.0,1591,16,6,46.0,201.0,10,59.0,626,93,33.0,10,49,19,20.0,151,32,34.0,78.0,24.0,69.0,38.0,510.0,509.0,13.0,80.0,7.0,6.0,916,105,5.0,3.0,12,20,3.0,1048,76.0,10.0,17,7.0,289.0,25,6
260,4.0,158,252,620,2,24.0,1474,27,11,17,10.0,28.0,24,34,9.0,27.0,7.0,72,118,15,3,19,88.0,22.0,4719.0,1541,12,12,24.0,238.0,10,47.0,762,89,29.0,7,55,23,12.0,186,11,31.0,74.0,13.0,45.0,51.0,452.0,540.0,8.0,71.0,3.0,7.0,792,116,18.0,7.0,17,16,1.0,1129,66.0,9.0,8,4.0,215.0,33,15
261,4.0,172,211,655,3,24.0,991,31,7,13,4.0,15.0,11,37,7.0,28.0,11.0,59,128,14,1,19,65.0,35.0,4506.0,1480,10,13,34.0,202.0,10,65.0,730,74,25.0,10,68,20,15.0,139,25,28.0,106.0,12.0,61.0,21.0,507.0,741.0,12.0,64.0,3.0,3.0,684,108,11.0,2.0,29,19,1.0,1140,84.0,8.0,6,8.0,165.0,21,10
262,8.0,217,196,502,2,18.0,929,34,20,9,6.0,24.0,10,30,7.0,23.0,11.0,61,103,6,3,24,48.0,25.0,4361.0,1424,11,11,31.0,306.0,9,70.0,678,85,30.0,8,52,14,12.0,126,25,22.0,84.0,10.0,50.0,21.0,627.0,734.0,18.0,69.0,7.0,6.0,734,118,15.0,3.0,22,60,4.0,1185,81.0,10.0,6,14.0,148.0,25,10
263,5.0,139,241,452,4,18.0,857,26,18,15,19.0,23.0,21,41,12.0,15.0,11.0,95,113,11,6,16,46.0,18.0,5107.0,1380,20,15,55.0,352.0,9,66.0,564,112,34.0,6,171,13,13.0,105,23,24.0,91.0,16.0,84.0,16.0,710.0,608.0,22.0,97.0,6.0,6.0,585,118,13.0,3.0,17,50,1.0,1092,75.0,7.0,5,4.0,155.0,32,13
264,8.0,133,249,519,3,16.0,897,39,16,13,10.0,24.0,16,55,5.0,19.0,13.0,89,91,9,7,14,35.0,20.0,4167.0,1265,13,6,36.0,242.0,10,60.0,513,117,52.0,7,382,15,10.0,107,16,28.0,85.0,10.0,106.0,20.0,2575.0,570.0,11.0,92.0,7.0,5.0,622,94,7.0,8.0,28,43,2.0,1034,82.0,7.0,11,5.0,165.0,27,10
265,6.0,155,251,512,1,18.0,698,47,30,38,8.0,30.0,7,72,5.0,28.0,6.0,59,112,10,5,16,50.0,18.0,4290.0,1374,15,11,36.0,162.0,9,49.0,548,108,88.0,5,243,17,16.0,124,28,12.0,75.0,23.0,58.0,12.0,1128.0,528.0,19.0,85.0,8.0,10.0,800,89,3.0,4.0,16,29,1.0,872,59.0,7.0,18,5.0,143.0,17,10
266,2.0,159,231,612,2,28.0,742,26,19,9,13.0,40.0,6,31,9.0,16.0,6.0,48,97,19,5,18,62.0,17.0,4359.0,1296,22,10,37.0,192.0,7,34.0,637,106,73.0,7,176,11,24.0,92,26,27.0,59.0,19.0,59.0,15.0,711.0,608.0,19.0,90.0,10.0,2.0,822,103,7.0,2.0,17,25,0.0,918,74.0,4.0,5,12.0,126.0,32,18
267,3.0,165,261,475,4,11.0,581,19,19,12,12.0,34.0,5,38,9.0,21.0,6.0,66,100,17,6,17,78.0,123.0,4415.0,1267,15,11,33.0,199.0,11,64.0,643,135,52.0,3,68,15,13.0,110,24,22.0,80.0,14.0,54.0,18.0,672.0,620.0,8.0,64.0,9.0,2.0,904,122,24.0,4.0,15,24,3.0,1012,54.0,13.0,5,7.0,138.0,15,16
268,8.0,189,245,486,2,14.0,470,23,22,7,6.0,36.0,12,23,123.0,12.0,7.0,51,104,13,11,14,40.0,127.0,4496.0,1418,12,14,35.0,196.0,9,49.0,688,102,51.0,6,101,15,12.0,106,26,14.0,66.0,13.0,45.0,17.0,664.0,835.0,22.0,62.0,7.0,6.0,635,104,16.0,3.0,29,33,4.0,913,78.0,9.0,4,10.0,141.0,15,9
269,10.0,183,206,498,6,21.0,498,22,16,14,6.0,19.0,7,32,42.0,18.0,14.0,56,97,11,4,18,43.0,90.0,4002.0,2260,10,9,33.0,212.0,6,65.0,684,87,47.0,10,107,14,13.0,126,20,110.0,79.0,10.0,47.0,27.0,1666.0,794.0,10.0,61.0,7.0,10.0,545,105,19.0,3.0,12,43,2.0,892,80.0,11.0,6,5.0,143.0,25,10
270,9.0,175,257,482,3,18.0,478,30,18,12,23.0,26.0,11,20,30.0,12.0,8.0,68,65,11,4,17,36.0,106.0,5610.0,2065,13,18,59.0,190.0,5,78.0,660,108,34.0,2,87,14,16.0,125,16,90.0,78.0,15.0,36.0,11.0,10111.0,597.0,12.0,135.0,4.0,2.0,574,113,17.0,3.0,23,42,1.0,964,58.0,4.0,6,10.0,148.0,25,9
271,7.0,119,239,496,2,6.0,422,30,20,11,22.0,21.0,8,30,28.0,24.0,13.0,48,72,8,3,15,42.0,48.0,6589.0,1776,11,14,149.0,222.0,3,58.0,666,97,65.0,2,67,16,12.0,144,22,51.0,68.0,14.0,58.0,17.0,7453.0,673.0,14.0,149.0,3.0,5.0,603,87,21.0,4.0,18,20,2.0,890,62.0,19.0,9,15.0,143.0,14,7
272,1.0,181,284,437,4,14.0,396,20,17,5,17.0,21.0,8,41,32.0,14.0,7.0,47,105,16,2,12,51.0,31.0,4717.0,1643,13,16,135.0,160.0,8,61.0,573,94,58.0,3,68,14,13.0,110,23,21.0,68.0,14.0,64.0,13.0,4747.0,454.0,19.0,159.0,3.0,8.0,629,85,11.0,7.0,16,29,1.0,814,64.0,5.0,4,1.0,143.0,19,11
273,8.0,195,233,364,6,10.0,364,23,8,10,15.0,19.0,16,72,24.0,15.0,10.0,45,78,11,13,16,53.0,32.0,4660.0,1568,12,18,77.0,161.0,9,55.0,766,86,68.0,3,72,13,17.0,125,16,26.0,60.0,16.0,55.0,10.0,3115.0,515.0,11.0,162.0,6.0,10.0,622,131,8.0,4.0,12,41,0.0,829,69.0,7.0,5,9.0,132.0,19,8
274,5.0,328,221,471,8,14.0,367,27,11,13,13.0,28.0,9,49,21.0,23.0,5.0,78,85,16,4,15,46.0,26.0,4611.0,1645,11,11,67.0,180.0,4,65.0,829,121,45.0,7,78,23,20.0,196,24,18.0,50.0,18.0,61.0,20.0,2585.0,525.0,17.0,93.0,6.0,8.0,536,185,10.0,5.0,17,91,1.0,921,58.0,8.0,6,7.0,161.0,23,19
275,3.0,229,141,622,4,16.0,379,21,16,15,12.0,30.0,10,26,25.0,16.0,6.0,59,111,20,4,14,61.0,18.0,5227.0,2852,18,9,64.0,248.0,3,44.0,746,81,40.0,9,77,21,12.0,171,21,10.0,61.0,17.0,65.0,21.0,1870.0,509.0,7.0,81.0,4.0,6.0,534,116,10.0,11.0,20,62,0.0,1132,59.0,10.0,5,7.0,146.0,26,10
276,2.0,194,173,507,3,18.0,443,22,10,12,7.0,21.0,79,28,10.0,12.0,8.0,61,81,10,6,11,55.0,35.0,5469.0,2445,12,6,56.0,267.0,9,58.0,744,66,46.0,8,51,16,17.0,165,30,16.0,86.0,21.0,71.0,21.0,1597.0,511.0,9.0,137.0,4.0,6.0,496,105,6.0,9.0,27,28,0.0,875,73.0,11.0,10,12.0,127.0,20,14
277,9.0,157,247,642,9,16.0,336,29,11,12,10.0,28.0,58,26,14.0,15.0,6.0,79,65,14,2,21,53.0,24.0,5609.0,1627,13,9,74.0,302.0,8,75.0,861,75,44.0,9,53,19,15.0,128,20,19.0,67.0,24.0,52.0,20.0,1210.0,617.0,5.0,133.0,3.0,3.0,435,110,4.0,0.0,23,29,1.0,861,72.0,5.0,3,5.0,122.0,42,2
278,7.0,169,344,748,2,20.0,396,28,18,3,11.0,26.0,37,20,13.0,16.0,9.0,63,84,12,1,13,45.0,24.0,5326.0,1417,13,18,48.0,170.0,7,63.0,757,101,22.0,9,59,15,15.0,129,21,15.0,54.0,14.0,70.0,20.0,1096.0,441.0,19.0,105.0,4.0,8.0,433,106,10.0,0.0,12,32,0.0,731,100.0,5.0,15,6.0,133.0,28,9
279,5.0,151,369,597,6,12.0,402,31,12,12,10.0,28.0,27,24,10.0,14.0,3.0,44,130,9,3,15,52.0,19.0,5539.0,1457,15,10,27.0,133.0,8,38.0,566,89,31.0,4,57,19,14.0,141,24,14.0,70.0,21.0,58.0,25.0,1031.0,705.0,25.0,100.0,2.0,7.0,505,80,7.0,3.0,17,37,6.0,2896,78.0,4.0,2,3.0,144.0,15,14
280,14.0,171,293,341,3,15.0,362,21,10,9,43.0,17.0,29,18,20.0,18.0,8.0,45,99,16,3,14,67.0,21.0,5755.0,1631,15,15,30.0,430.0,6,53.0,1242,91,33.0,5,72,20,12.0,158,21,17.0,81.0,19.0,71.0,17.0,800.0,887.0,17.0,107.0,3.0,7.0,497,86,8.0,4.0,16,25,0.0,1178,53.0,8.0,9,5.0,166.0,34,24
281,5.0,180,331,373,6,22.0,659,13,6,15,31.0,18.0,29,17,10.0,25.0,5.0,57,81,10,3,16,49.0,29.0,5738.0,1573,12,12,24.0,1067.0,9,42.0,5120,92,24.0,4,59,13,15.0,107,17,11.0,77.0,25.0,75.0,25.0,776.0,651.0,11.0,69.0,4.0,5.0,489,123,6.0,4.0,18,34,0.0,1071,78.0,2.0,4,12.0,153.0,19,6
282,7.0,168,189,543,5,13.0,464,12,17,10,17.0,26.0,19,34,10.0,15.0,2.0,55,84,21,2,15,41.0,15.0,5897.0,1491,18,18,41.0,941.0,5,38.0,3121,97,32.0,4,57,21,12.0,120,21,13.0,69.0,11.0,56.0,27.0,676.0,675.0,13.0,80.0,6.0,6.0,437,110,13.0,3.0,27,16,1.0,954,57.0,7.0,3,7.0,138.0,17,7
283,17.0,196,206,383,4,19.0,381,26,9,6,13.0,27.0,38,19,4.0,19.0,7.0,59,74,15,5,11,52.0,30.0,12992.0,1340,11,9,37.0,577.0,5,44.0,861,85,42.0,8,108,16,10.0,124,27,12.0,66.0,20.0,68.0,24.0,693.0,573.0,8.0,109.0,7.0,9.0,409,123,2.0,1.0,17,27,1.0,804,60.0,5.0,8,10.0,110.0,15,11
284,9.0,159,300,524,3,16.0,473,25,9,7,17.0,32.0,26,38,7.0,27.0,4.0,60,70,16,3,20,128.0,21.0,8722.0,1285,11,9,34.0,376.0,11,63.0,755,90,38.0,9,90,16,15.0,170,17,10.0,58.0,21.0,59.0,28.0,651.0,434.0,7.0,103.0,7.0,3.0,499,115,9.0,2.0,28,18,0.0,806,57.0,9.0,9,11.0,145.0,29,10
285,8.0,137,294,402,3,14.0,396,24,9,6,11.0,26.0,14,18,9.0,11.0,7.0,60,90,13,7,18,85.0,20.0,7474.0,1455,14,5,70.0,243.0,8,55.0,693,115,30.0,7,95,13,12.0,213,19,168.0,70.0,28.0,64.0,18.0,684.0,375.0,10.0,102.0,2.0,2.0,428,91,7.0,1.0,20,53,4.0,724,46.0,11.0,3,12.0,183.0,25,9
286,11.0,134,216,375,0,26.0,353,35,10,7,15.0,27.0,16,23,11.0,26.0,2.0,125,106,14,3,18,73.0,18.0,5789.0,1778,12,8,51.0,175.0,3,61.0,607,118,48.0,11,84,23,16.0,163,14,104.0,107.0,19.0,57.0,16.0,638.0,460.0,10.0,76.0,4.0,0.0,437,106,6.0,1.0,12,19,1.0,673,86.0,4.0,3,18.0,341.0,27,6
287,11.0,198,245,365,5,10.0,338,29,10,7,11.0,26.0,14,19,8.0,30.0,13.0,78,93,7,1,12,50.0,19.0,5716.0,1456,13,5,51.0,192.0,8,57.0,641,115,30.0,6,67,21,12.0,164,19,37.0,78.0,20.0,66.0,30.0,548.0,555.0,6.0,74.0,4.0,4.0,494,129,10.0,2.0,14,24,1.0,824,65.0,2.0,5,8.0,198.0,21,12
288,2.0,145,229,340,3,9.0,418,38,15,11,16.0,25.0,39,12,9.0,22.0,11.0,81,92,28,0,10,88.0,27.0,5296.0,1419,13,6,39.0,237.0,9,52.0,713,97,39.0,5,57,13,11.0,131,16,29.0,46.0,16.0,61.0,32.0,554.0,596.0,8.0,62.0,6.0,13.0,491,159,7.0,0.0,22,28,1.0,764,61.0,3.0,4,10.0,132.0,21,10
289,7.0,166,163,391,1,10.0,304,35,8,17,14.0,22.0,27,10,10.0,18.0,10.0,71,84,10,2,15,57.0,34.0,13238.0,1392,12,11,30.0,253.0,6,47.0,666,116,28.0,9,45,15,15.0,119,19,18.0,61.0,18.0,73.0,47.0,487.0,553.0,9.0,200.0,4.0,6.0,398,149,4.0,1.0,18,19,1.0,763,95.0,8.0,7,6.0,134.0,21,17
290,8.0,178,198,431,2,17.0,377,23,7,9,11.0,28.0,32,16,11.0,23.0,8.0,75,59,17,5,10,47.0,23.0,12964.0,1418,13,7,34.0,252.0,4,66.0,750,97,16.0,5,60,12,12.0,193,20,41.0,48.0,15.0,71.0,28.0,434.0,535.0,15.0,181.0,6.0,6.0,449,159,2.0,4.0,22,23,0.0,801,74.0,3.0,6,38.0,112.0,15,18
291,8.0,160,255,381,1,21.0,442,27,13,14,7.0,26.0,37,19,10.0,16.0,7.0,75,106,14,2,9,45.0,20.0,8041.0,1413,11,9,60.0,209.0,6,72.0,1635,121,27.0,11,75,14,13.0,559,21,16.0,60.0,15.0,63.0,32.0,501.0,588.0,14.0,127.0,7.0,9.0,446,116,7.0,1.0,28,25,0.0,814,64.0,10.0,4,9.0,120.0,15,11
292,13.0,156,223,356,8,20.0,386,27,14,9,19.0,18.0,21,15,12.0,16.0,9.0,56,87,14,4,11,33.0,15.0,5751.0,1087,11,7,64.0,140.0,3,48.0,986,110,33.0,6,72,13,15.0,442,16,20.0,52.0,28.0,64.0,15.0,502.0,601.0,9.0,170.0,6.0,4.0,423,87,6.0,6.0,30,25,0.0,822,61.0,6.0,9,11.0,116.0,18,13
293,9.0,171,248,386,1,20.0,330,21,15,17,10.0,26.0,40,14,8.0,13.0,6.0,43,142,9,12,10,47.0,28.0,5620.0,1303,13,17,44.0,117.0,6,45.0,765,98,32.0,6,57,16,15.0,370,20,16.0,45.0,15.0,60.0,15.0,447.0,485.0,15.0,117.0,6.0,4.0,438,91,12.0,5.0,10,23,1.0,808,59.0,5.0,3,11.0,152.0,13,7
294,9.0,159,215,341,7,16.0,337,20,14,13,9.0,28.0,21,14,13.0,21.0,7.0,61,111,16,3,10,42.0,20.0,5408.0,1623,12,5,32.0,140.0,8,53.0,1514,119,27.0,4,56,17,11.0,337,14,16.0,49.0,11.0,63.0,12.0,545.0,498.0,17.0,158.0,2.0,9.0,440,134,5.0,1.0,16,8,1.0,902,55.0,9.0,8,3.0,116.0,14,7
295,3.0,166,194,378,3,18.0,329,38,20,10,7.0,36.0,12,17,8.0,20.0,9.0,77,124,23,4,23,61.0,25.0,7039.0,1567,16,7,36.0,203.0,6,55.0,2100,92,33.0,10,41,23,17.0,310,15,12.0,35.0,11.0,67.0,38.0,527.0,567.0,17.0,111.0,8.0,5.0,487,169,10.0,4.0,26,13,4.0,759,66.0,5.0,6,8.0,150.0,35,7
296,5.0,181,227,424,5,15.0,386,19,14,9,13.0,27.0,20,24,11.0,20.0,5.0,54,132,21,7,16,56.0,75.0,6676.0,1483,12,10,32.0,183.0,0,53.0,1424,101,23.0,8,52,13,10.0,247,14,18.0,124.0,13.0,115.0,21.0,420.0,455.0,7.0,74.0,10.0,8.0,509,167,5.0,2.0,22,21,1.0,751,41.0,10.0,3,7.0,89.0,16,7
297,8.0,226,200,419,6,16.0,365,26,21,2,7.0,33.0,36,20,10.0,20.0,4.0,70,121,20,5,17,43.0,434.0,4957.0,4778,13,10,42.0,190.0,4,51.0,1113,82,27.0,9,68,20,13.0,215,20,16.0,44.0,9.0,91.0,24.0,498.0,475.0,14.0,114.0,7.0,3.0,671,144,16.0,1.0,17,26,1.0,689,90.0,7.0,6,13.0,134.0,20,32
298,8.0,219,240,404,3,23.0,398,84,16,13,22.0,27.0,12,25,5.0,16.0,7.0,60,88,15,6,15,50.0,134.0,4857.0,2260,13,10,33.0,163.0,4,61.0,924,102,24.0,5,51,13,17.0,237,19,19.0,86.0,14.0,107.0,29.0,1102.0,509.0,10.0,124.0,4.0,7.0,705,127,4.0,5.0,16,26,2.0,811,47.0,13.0,4,14.0,106.0,15,15
299,6.0,147,262,380,4,16.0,367,31,17,5,10.0,34.0,15,18,9.0,22.0,9.0,56,78,17,1,13,41.0,81.0,5150.0,1449,13,8,45.0,364.0,7,81.0,860,101,45.0,6,76,18,19.0,209,19,22.0,130.0,12.0,100.0,28.0,917.0,411.0,14.0,128.0,1.0,4.0,710,99,4.0,1.0,15,25,2.0,798,61.0,8.0,6,19.0,202.0,65,9
